order_id,order_value,category,customer_type,customer_order_count,payment_method,delivery_pincode_risk_tier,discount_percent,order_hour,day_of_week,returned_or_disputed
ORD102215,8446,electronics,returning,8,wallet,low,15,14,Sat,0
ORD102582,5712,electronics,new,0,wallet,high,4,14,Mon,0
ORD101662,330,beauty,returning,7,card,high,5,15,Sun,0
ORD103027,495,grocery,new,0,UPI,low,2,16,Thu,0
ORD104343,1349,apparel,new,0,UPI,low,11,20,Sat,0
ORD102680,965,beauty,new,0,card,medium,3,5,Tue,0
ORD101765,24517,electronics,returning,8,card,high,35,4,Sun,0
ORD101123,24635,electronics,new,0,COD,low,24,4,Tue,0
ORD104054,1338,beauty,returning,9,card,medium,23,22,Fri,0
ORD101535,1360,apparel,returning,8,netbanking,medium,1,7,Sat,0
ORD102944,1687,apparel,returning,9,card,low,12,7,Sun,0
ORD102987,4781,home,returning,11,UPI,low,27,19,Mon,0
ORD104291,5738,electronics,returning,7,UPI,low,6,18,Mon,0
ORD104424,2416,home,returning,2,card,low,42,6,Sat,0
ORD107941,1767,apparel,new,0,COD,low,6,20,Mon,1
ORD104997,3072,apparel,new,0,card,low,4,8,Mon,0
ORD102302,1271,apparel,returning,12,UPI,medium,5,14,Sat,0
ORD103932,4260,home,new,0,UPI,medium,2,9,Tue,0
ORD105956,1689,home,returning,9,UPI,high,3,12,Fri,0
ORD106131,2370,home,returning,10,card,medium,4,22,Wed,0
ORD107596,2464,apparel,new,0,UPI,medium,18,19,Wed,0
ORD100794,9183,electronics,new,0,netbanking,high,11,5,Sun,0
ORD103163,712,beauty,returning,4,wallet,medium,30,6,Fri,0
ORD103181,3615,apparel,returning,7,UPI,low,3,18,Thu,0
ORD100763,6031,electronics,returning,11,card,low,8,17,Thu,0
ORD103078,1072,home,new,0,COD,medium,2,23,Wed,1
ORD100811,38950,electronics,returning,5,COD,medium,3,18,Sun,0
ORD107259,4846,electronics,returning,10,card,medium,19,8,Tue,0
ORD106931,1400,beauty,new,0,UPI,medium,44,21,Fri,0
ORD101618,412,grocery,returning,5,wallet,high,11,22,Wed,0
ORD105318,1164,apparel,returning,11,netbanking,low,6,6,Sun,0
ORD104794,493,apparel,returning,7,card,low,1,10,Wed,0
ORD100487,758,apparel,returning,8,card,low,8,13,Sun,0
ORD101017,1291,beauty,new,0,card,medium,10,18,Sun,0
ORD102716,4332,home,returning,13,card,medium,11,20,Fri,0
ORD102929,864,beauty,new,0,card,medium,8,17,Wed,0
ORD103362,4677,home,new,0,card,medium,6,13,Fri,0
ORD105165,231,beauty,returning,9,UPI,low,1,17,Mon,0
ORD101075,1536,apparel,returning,2,UPI,medium,9,22,Tue,1
ORD106398,4501,home,new,0,wallet,low,8,15,Sun,1
ORD104981,4003,apparel,new,0,card,high,12,22,Fri,0
ORD106228,759,apparel,returning,2,card,low,1,1,Tue,0
ORD102921,17583,electronics,returning,12,netbanking,low,3,4,Sun,0
ORD104019,785,beauty,returning,7,card,low,9,0,Fri,0
ORD104331,542,grocery,returning,3,COD,high,4,18,Tue,0
ORD101322,8645,electronics,returning,11,card,low,5,13,Mon,1
ORD107731,1452,apparel,returning,7,UPI,low,17,3,Sat,0
ORD102252,1527,apparel,new,0,wallet,low,35,21,Sat,0
ORD106654,2659,home,returning,7,UPI,low,6,1,Fri,0
ORD107244,837,apparel,new,0,COD,low,4,13,Mon,0
ORD100866,736,grocery,returning,8,card,low,13,10,Fri,0
ORD102465,1274,beauty,returning,6,UPI,low,35,20,Wed,0
ORD102882,3727,home,new,0,COD,medium,18,23,Tue,0
ORD104961,13808,electronics,returning,7,card,low,42,19,Fri,0
ORD107042,11330,electronics,returning,11,COD,low,11,23,Thu,0
ORD106240,1530,home,new,0,UPI,medium,18,20,Thu,0
ORD105447,1999,apparel,new,0,UPI,medium,6,14,Fri,0
ORD101502,1403,apparel,returning,6,UPI,low,19,13,Mon,1
ORD103915,2166,apparel,new,0,COD,low,18,20,Thu,0
ORD100263,10368,electronics,new,0,netbanking,medium,7,8,Thu,0
ORD103806,1189,home,new,0,UPI,medium,8,15,Tue,0
ORD104084,2663,home,returning,8,COD,medium,19,11,Thu,0
ORD107839,1912,apparel,new,0,UPI,medium,6,15,Sat,1
ORD101811,1735,apparel,new,0,card,low,10,4,Sun,1
ORD101144,587,apparel,new,0,netbanking,medium,13,3,Tue,0
ORD105827,690,apparel,returning,8,UPI,low,11,14,Tue,1
ORD102149,16477,electronics,returning,6,COD,low,11,23,Sat,0
ORD103290,1883,apparel,returning,6,UPI,medium,0,12,Thu,0
ORD100682,39221,electronics,returning,8,COD,low,7,4,Tue,0
ORD102840,294,beauty,new,0,COD,low,23,18,Thu,0
ORD101002,8615,electronics,returning,6,COD,medium,44,10,Tue,1
ORD106755,8633,electronics,returning,11,UPI,medium,15,12,Sun,0
ORD105129,894,grocery,returning,6,UPI,low,8,12,Sat,0
ORD104290,16590,electronics,new,0,UPI,medium,22,3,Thu,0
ORD102173,8412,electronics,returning,7,UPI,high,6,4,Sun,0
ORD103813,9911,electronics,returning,10,wallet,medium,19,0,Thu,1
ORD104414,2406,apparel,returning,5,UPI,medium,6,12,Thu,0
ORD100518,7169,electronics,new,0,wallet,medium,13,6,Sat,0
ORD106988,12222,electronics,new,0,card,high,3,5,Fri,1
ORD100696,865,beauty,new,0,card,low,6,2,Tue,0
ORD106317,774,beauty,returning,4,UPI,low,3,19,Sat,0
ORD102770,15748,electronics,returning,8,card,high,10,6,Sun,0
ORD101074,1695,grocery,returning,4,UPI,low,2,11,Fri,0
ORD101339,1284,apparel,returning,11,UPI,low,5,0,Sat,0
ORD102986,9996,electronics,returning,7,card,low,34,10,Wed,0
ORD107709,6444,home,returning,9,COD,medium,36,20,Thu,0
ORD104421,14750,electronics,returning,10,UPI,low,2,7,Thu,0
ORD103392,1081,grocery,returning,6,COD,low,21,2,Thu,0
ORD101483,3799,apparel,returning,11,card,high,35,16,Tue,0
ORD104861,545,grocery,returning,4,card,high,29,17,Mon,0
ORD101934,1784,beauty,new,0,UPI,high,7,1,Tue,1
ORD101034,2092,apparel,returning,12,UPI,high,7,10,Tue,0
ORD102478,797,apparel,new,0,UPI,low,20,4,Wed,1
ORD100349,4989,electronics,new,0,COD,low,6,14,Wed,0
ORD104352,3272,home,returning,11,card,low,13,20,Tue,0
ORD107557,1303,apparel,returning,6,wallet,low,10,0,Sat,0
ORD101061,3616,home,new,0,netbanking,low,2,23,Thu,1
ORD100879,5532,home,new,0,card,low,0,5,Fri,0
ORD106423,3837,beauty,returning,10,UPI,low,3,17,Thu,0
ORD106744,12636,electronics,new,0,card,medium,12,3,Mon,0
ORD101850,6000,apparel,returning,9,UPI,low,10,7,Sat,0
ORD101677,1709,apparel,new,0,card,low,7,10,Tue,0
ORD107111,2476,home,returning,6,COD,high,1,16,Sun,0
ORD104704,15924,electronics,returning,7,card,low,7,7,Tue,0
ORD105199,2490,home,new,0,UPI,low,80,4,Tue,1
ORD100457,3528,apparel,new,0,UPI,medium,1,6,Wed,0
ORD104647,28639,electronics,returning,4,COD,high,46,23,Fri,0
ORD106507,6154,electronics,returning,7,UPI,high,6,15,Sun,1
ORD103182,1231,apparel,returning,5,COD,low,6,9,Tue,0
ORD105337,3118,home,returning,4,card,low,29,1,Mon,0
ORD106124,8654,electronics,new,0,card,low,11,0,Sat,0
ORD103263,2570,apparel,new,0,card,low,3,2,Thu,0
ORD106522,4172,electronics,returning,9,COD,medium,7,3,Sun,0
ORD106521,2527,apparel,new,0,wallet,medium,5,3,Thu,0
ORD106702,1419,grocery,returning,10,wallet,low,17,9,Fri,0
ORD102988,12128,electronics,returning,7,card,high,10,12,Thu,0
ORD101550,5057,electronics,returning,7,COD,low,31,18,Sun,0
ORD102164,1839,grocery,returning,6,UPI,low,13,6,Thu,0
ORD100586,17910,electronics,new,0,UPI,medium,10,10,Thu,1
ORD102405,1106,apparel,new,0,card,low,3,20,Sat,0
ORD106800,2529,apparel,returning,9,UPI,medium,8,16,Fri,0
ORD103428,808,grocery,new,0,UPI,low,6,14,Fri,0
ORD102609,2593,apparel,returning,8,UPI,high,21,10,Mon,0
ORD103656,28103,electronics,returning,5,COD,low,3,1,Fri,1
ORD103214,23675,electronics,new,0,UPI,low,6,11,Fri,0
ORD103286,6358,home,returning,11,UPI,low,13,3,Sun,0
ORD102080,766,apparel,returning,5,UPI,low,23,9,Sat,0
ORD106955,1279,apparel,returning,8,netbanking,medium,17,7,Wed,0
ORD106487,4756,home,returning,7,card,low,1,7,Tue,0
ORD100222,3550,home,new,0,COD,medium,4,6,Sun,0
ORD106889,4252,home,returning,5,UPI,low,26,2,Sun,0
ORD107678,1278,grocery,returning,5,UPI,high,8,16,Thu,0
ORD100023,251,grocery,new,0,UPI,low,12,3,Mon,0
ORD101905,521,apparel,new,0,COD,low,8,15,Wed,0
ORD104078,17451,electronics,new,0,card,low,64,6,Mon,0
ORD101554,2192,apparel,new,0,COD,low,10,6,Sat,0
ORD105204,12864,electronics,returning,6,netbanking,high,20,7,Mon,0
ORD107700,14591,electronics,returning,8,COD,low,9,6,Thu,0
ORD104945,746,beauty,returning,3,card,medium,3,11,Sun,0
ORD101407,6100,electronics,new,0,wallet,low,9,3,Fri,0
ORD100065,3333,home,returning,5,UPI,low,6,17,Thu,0
ORD106688,2065,home,returning,8,card,medium,13,3,Sun,0
ORD104743,653,apparel,returning,6,card,low,3,18,Sun,0
ORD102031,3099,home,new,0,card,medium,11,21,Mon,0
ORD105824,1315,apparel,new,0,card,medium,1,13,Thu,0
ORD105036,490,grocery,returning,6,UPI,high,4,15,Tue,0
ORD107311,1778,apparel,returning,4,card,low,43,16,Thu,0
ORD104394,834,apparel,new,0,wallet,medium,18,18,Wed,0
ORD101699,1201,beauty,returning,7,wallet,high,14,7,Wed,1
ORD101055,6547,home,returning,7,UPI,medium,2,23,Thu,0
ORD101406,658,grocery,new,0,UPI,low,20,3,Sat,0
ORD103767,1258,apparel,new,0,UPI,high,34,4,Fri,0
ORD101383,1498,grocery,new,0,COD,low,9,0,Fri,0
ORD102118,18091,electronics,returning,6,card,medium,28,12,Sat,0
ORD104319,1185,apparel,new,0,card,medium,36,16,Thu,0
ORD101912,1324,grocery,returning,10,card,low,14,4,Mon,0
ORD103684,13309,electronics,new,0,card,medium,9,1,Sat,0
ORD104813,327,grocery,returning,6,card,low,7,1,Sun,0
ORD101740,549,apparel,returning,7,wallet,medium,13,10,Fri,0
ORD105039,1476,beauty,new,0,UPI,medium,15,18,Fri,0
ORD100927,501,grocery,new,0,UPI,low,11,9,Sat,0
ORD105138,6000,apparel,returning,10,card,high,4,10,Sun,1
ORD103578,2225,beauty,new,0,UPI,high,23,5,Sun,0
ORD104442,475,grocery,returning,6,netbanking,low,5,8,Sat,0
ORD107128,2030,grocery,returning,3,card,medium,0,19,Wed,0
ORD100239,6193,electronics,returning,5,UPI,low,12,17,Thu,0
ORD102966,1053,apparel,new,0,UPI,low,13,5,Fri,0
ORD103542,356,grocery,new,0,COD,medium,10,21,Sat,0
ORD106206,1326,apparel,returning,4,UPI,medium,30,2,Mon,0
ORD103210,1409,apparel,new,0,wallet,low,4,0,Sat,0
ORD100101,967,beauty,new,0,card,low,5,5,Thu,0
ORD100318,2000,apparel,returning,3,card,low,15,15,Thu,0
ORD104581,605,beauty,new,0,COD,low,1,10,Sun,1
ORD103187,817,grocery,new,0,UPI,low,10,8,Fri,0
ORD101244,2216,apparel,new,0,UPI,medium,5,15,Tue,0
ORD101142,1161,beauty,new,0,netbanking,low,13,18,Sat,0
ORD107287,6978,electronics,returning,7,card,low,13,13,Tue,0
ORD106526,2090,apparel,returning,4,UPI,low,7,9,Sat,0
ORD101328,2155,apparel,returning,7,UPI,medium,20,15,Sun,0
ORD107097,802,apparel,new,0,UPI,medium,8,6,Fri,0
ORD106613,9910,electronics,returning,5,COD,low,4,22,Thu,0
ORD101928,14546,electronics,returning,5,UPI,medium,4,22,Fri,0
ORD105004,21554,electronics,new,0,card,low,2,4,Thu,0
ORD100496,1454,apparel,new,0,UPI,low,1,17,Fri,0
ORD107544,1256,home,returning,4,netbanking,high,4,13,Sun,0
ORD102771,1558,beauty,returning,5,netbanking,low,40,13,Thu,0
ORD100472,44690,electronics,returning,8,UPI,high,20,8,Sun,1
ORD105050,3720,apparel,returning,6,wallet,low,4,10,Sun,0
ORD104076,3617,home,new,0,card,low,11,0,Wed,0
ORD100544,22023,electronics,returning,7,COD,medium,19,17,Mon,0
ORD101242,658,apparel,returning,5,UPI,low,2,9,Sun,0
ORD105538,2299,apparel,returning,6,netbanking,low,17,17,Mon,0
ORD107132,38938,electronics,returning,12,card,low,20,9,Tue,0
ORD101315,292,beauty,returning,5,netbanking,medium,20,3,Fri,0
ORD101919,2101,grocery,new,0,wallet,low,9,6,Thu,0
ORD102184,5882,home,new,0,COD,low,14,3,Sun,1
ORD103861,12020,electronics,returning,9,COD,low,12,5,Sun,0
ORD107409,5238,electronics,returning,8,UPI,low,5,3,Wed,0
ORD100132,4090,home,new,0,card,low,8,8,Tue,0
ORD103960,437,apparel,returning,4,card,low,12,7,Sun,0
ORD106351,1249,grocery,returning,4,UPI,low,7,4,Tue,0
ORD102245,15268,electronics,new,0,UPI,low,20,3,Mon,0
ORD100540,1397,grocery,returning,5,card,medium,15,3,Thu,0
ORD106146,2666,beauty,returning,5,UPI,high,47,3,Wed,0
ORD102029,1255,home,new,0,card,low,17,22,Sun,0
ORD100037,3397,apparel,returning,3,UPI,high,0,11,Tue,1
ORD107636,528,apparel,new,0,UPI,medium,3,22,Thu,0
ORD107573,1102,apparel,new,0,netbanking,low,9,17,Sun,0
ORD102018,4313,home,returning,7,card,low,25,13,Wed,0
ORD102111,1712,home,returning,4,card,low,20,6,Thu,0
ORD102402,3138,beauty,new,0,COD,high,6,10,Wed,0
ORD107567,2520,home,new,0,UPI,low,7,17,Fri,1
ORD107512,7279,electronics,returning,9,UPI,medium,12,6,Thu,0
ORD102344,1366,beauty,returning,10,COD,medium,13,0,Sun,0
ORD100095,4459,home,new,0,card,low,8,11,Sat,0
ORD106251,11494,electronics,new,0,UPI,low,21,21,Sat,0
ORD107864,1893,beauty,returning,5,card,medium,8,12,Wed,0
ORD105223,17815,electronics,returning,10,card,medium,13,13,Thu,1
ORD102114,18962,electronics,new,0,COD,medium,26,9,Tue,0
ORD102586,2594,apparel,new,0,COD,low,9,7,Thu,0
ORD105198,350,beauty,new,0,COD,high,2,18,Mon,1
ORD103439,1928,home,returning,8,UPI,low,38,9,Fri,0
ORD100453,5925,electronics,new,0,card,low,9,8,Thu,0
ORD106584,3265,apparel,new,0,netbanking,low,17,12,Tue,0
ORD102836,3410,home,returning,5,UPI,low,3,2,Wed,0
ORD100251,556,grocery,new,0,card,low,4,8,Thu,0
ORD106635,1193,apparel,new,0,COD,medium,6,17,Wed,0
ORD101022,450,grocery,returning,6,wallet,low,31,2,Fri,0
ORD101010,5195,home,new,0,UPI,low,9,21,Sat,0
ORD104649,1394,apparel,returning,10,card,high,1,1,Mon,0
ORD106001,6764,electronics,new,0,UPI,low,12,1,Sun,0
ORD101672,784,beauty,returning,5,UPI,low,11,1,Mon,1
ORD100625,3104,apparel,returning,7,COD,medium,7,7,Sat,0
ORD107793,1549,apparel,returning,5,UPI,low,1,0,Sun,0
ORD102110,2125,home,new,0,UPI,medium,18,0,Mon,0
ORD101465,7102,home,new,0,COD,low,2,5,Wed,0
ORD107529,9650,electronics,returning,12,COD,medium,2,9,Sat,0
ORD104734,527,grocery,returning,4,netbanking,high,13,16,Tue,0
ORD104266,1637,apparel,returning,7,UPI,medium,34,14,Mon,0
ORD103091,775,grocery,new,0,netbanking,medium,19,4,Sun,0
ORD106972,1536,apparel,returning,8,UPI,low,18,15,Mon,0
ORD101888,564,grocery,new,0,COD,low,4,21,Fri,0
ORD101608,2152,apparel,returning,2,card,low,12,20,Sun,0
ORD101744,1061,beauty,new,0,UPI,medium,2,14,Sat,0
ORD100157,1231,home,returning,2,COD,low,80,15,Sun,0
ORD102439,769,beauty,returning,6,netbanking,low,47,21,Sun,0
ORD102199,2851,home,returning,6,COD,medium,1,10,Tue,0
ORD103094,1348,apparel,returning,6,card,low,37,14,Mon,0
ORD106213,1970,home,returning,6,card,low,0,16,Wed,0
ORD100503,2924,home,new,0,card,low,19,13,Sat,0
ORD106186,2739,beauty,returning,8,COD,low,9,3,Sun,0
ORD100315,6000,apparel,new,0,card,low,16,18,Thu,0
ORD100710,837,grocery,returning,9,COD,high,54,11,Fri,0
ORD107082,915,beauty,new,0,card,low,4,4,Tue,0
ORD100856,3803,beauty,new,0,UPI,low,8,12,Fri,0
ORD103322,1682,beauty,returning,6,COD,medium,8,5,Thu,0
ORD102656,1035,apparel,returning,4,UPI,low,10,1,Sun,0
ORD100319,671,grocery,returning,2,UPI,high,18,18,Sat,0
ORD100429,1167,beauty,new,0,card,low,14,4,Tue,0
ORD101018,3311,electronics,returning,6,netbanking,low,12,10,Sat,0
ORD107942,434,beauty,returning,4,UPI,low,17,5,Thu,0
ORD103703,1877,beauty,new,0,card,medium,1,9,Sat,0
ORD106543,3257,home,returning,4,UPI,medium,6,22,Wed,0
ORD102107,1056,grocery,returning,4,UPI,low,6,16,Wed,0
ORD107145,664,beauty,returning,7,UPI,medium,2,0,Tue,0
ORD107530,10280,electronics,new,0,COD,low,1,10,Thu,1
ORD107978,374,grocery,new,0,UPI,low,8,20,Fri,0
ORD101193,626,grocery,returning,8,COD,high,20,18,Sun,0
ORD106357,768,grocery,new,0,wallet,low,22,12,Wed,0
ORD104113,6377,home,new,0,UPI,low,7,9,Wed,0
ORD105740,1664,beauty,new,0,UPI,low,14,9,Sat,0
ORD101840,19719,electronics,returning,2,UPI,low,18,0,Sun,0
ORD102534,881,grocery,new,0,card,low,9,13,Sun,0
ORD101862,450,grocery,returning,9,UPI,low,31,20,Fri,0
ORD105836,469,grocery,returning,9,card,high,17,16,Thu,0
ORD107773,820,grocery,returning,9,UPI,medium,22,1,Sun,1
ORD106699,1886,home,new,0,netbanking,medium,19,12,Mon,0
ORD103045,1128,grocery,returning,4,UPI,medium,7,6,Wed,0
ORD102628,2015,apparel,returning,4,UPI,low,17,1,Thu,0
ORD104228,2531,home,returning,4,COD,medium,20,5,Mon,0
ORD106060,1221,home,new,0,UPI,low,11,5,Fri,0
ORD104229,344,apparel,returning,10,UPI,low,3,12,Fri,0
ORD101281,1426,apparel,returning,4,card,high,3,1,Wed,0
ORD107740,4122,home,new,0,UPI,medium,20,14,Tue,0
ORD107288,10132,home,returning,10,UPI,low,17,17,Thu,0
ORD105502,10658,electronics,returning,9,card,medium,43,16,Wed,0
ORD104220,11836,electronics,returning,3,COD,medium,15,17,Mon,0
ORD104545,513,apparel,new,0,UPI,high,14,19,Fri,0
ORD107698,45000,electronics,returning,9,COD,low,8,13,Sat,0
ORD100743,32324,electronics,returning,9,UPI,low,15,13,Sun,0
ORD105528,628,grocery,new,0,netbanking,medium,5,16,Thu,0
ORD104504,3930,electronics,returning,9,card,medium,69,7,Sun,0
ORD107770,16403,electronics,returning,7,UPI,high,2,21,Sat,0
ORD105277,3359,beauty,returning,8,UPI,medium,1,4,Fri,0
ORD103615,1602,beauty,returning,9,card,low,58,11,Mon,0
ORD104789,1124,beauty,returning,7,UPI,low,33,19,Tue,0
ORD107496,657,apparel,new,0,netbanking,high,34,5,Wed,1
ORD101701,2500,grocery,returning,8,card,low,31,9,Fri,0
ORD100996,5880,home,new,0,UPI,medium,38,17,Thu,0
ORD104038,4629,apparel,returning,11,UPI,high,0,8,Mon,0
ORD107906,2938,home,returning,3,UPI,low,8,8,Sun,0
ORD104717,1198,home,returning,5,UPI,high,0,6,Sun,0
ORD103482,678,beauty,new,0,card,high,53,0,Wed,0
ORD106369,860,beauty,returning,7,card,medium,13,5,Sat,0
ORD105893,1472,beauty,returning,8,COD,low,27,17,Tue,0
ORD105146,984,grocery,returning,7,UPI,high,1,10,Thu,0
ORD101084,864,grocery,returning,8,netbanking,low,2,16,Tue,0
ORD102266,553,beauty,returning,5,wallet,low,7,0,Mon,0
ORD107223,17380,electronics,new,0,wallet,low,12,8,Mon,0
ORD101046,6372,electronics,returning,5,COD,low,9,22,Mon,0
ORD101346,3354,apparel,new,0,card,low,13,11,Wed,0
ORD105922,1423,beauty,returning,4,COD,high,4,21,Sun,0
ORD101176,896,apparel,returning,4,UPI,high,45,14,Sat,1
ORD106282,3016,apparel,returning,2,COD,low,26,5,Sun,1
ORD107036,6427,electronics,returning,7,UPI,medium,6,20,Sun,0
ORD106083,5245,electronics,returning,7,UPI,low,14,17,Mon,0
ORD104838,4865,electronics,new,0,UPI,medium,16,20,Sun,0
ORD101421,1889,apparel,returning,5,card,low,3,23,Fri,0
ORD106075,3210,home,new,0,COD,low,33,16,Wed,0
ORD104149,2735,apparel,returning,5,COD,low,19,6,Thu,0
ORD105775,14536,electronics,new,0,wallet,low,1,21,Fri,0
ORD100908,852,apparel,returning,9,card,low,1,15,Sun,0
ORD106851,4874,apparel,returning,6,UPI,medium,1,21,Fri,0
ORD106527,5847,electronics,returning,5,card,low,27,3,Wed,0
ORD100393,1435,beauty,returning,8,card,high,20,10,Fri,0
ORD100683,1734,apparel,new,0,card,high,8,20,Tue,1
ORD100230,5913,electronics,new,0,card,low,6,7,Tue,0
ORD107947,1327,apparel,returning,8,COD,low,2,11,Fri,0
ORD101430,554,grocery,returning,11,wallet,medium,1,12,Thu,0
ORD100676,1091,grocery,returning,3,card,high,28,7,Wed,0
ORD106463,699,apparel,returning,12,card,medium,33,3,Tue,1
ORD106926,1593,apparel,returning,8,UPI,low,5,8,Mon,0
ORD100033,2516,apparel,new,0,card,high,0,11,Tue,0
ORD102807,970,beauty,returning,7,COD,medium,3,13,Mon,0
ORD100957,3858,home,returning,6,netbanking,medium,2,15,Fri,0
ORD107871,9900,electronics,new,0,UPI,medium,11,14,Wed,1
ORD104262,1645,apparel,returning,3,UPI,low,10,7,Fri,0
ORD102223,5267,electronics,returning,6,card,high,3,20,Sun,0
ORD103378,2922,apparel,new,0,UPI,high,15,19,Wed,0
ORD107159,15111,electronics,returning,9,UPI,medium,30,14,Wed,0
ORD100061,1788,apparel,returning,7,COD,low,3,15,Sat,0
ORD104570,1269,apparel,new,0,UPI,low,0,6,Tue,0
ORD101807,561,apparel,returning,6,COD,low,1,17,Thu,0
ORD101277,21187,electronics,returning,6,card,low,15,4,Mon,0
ORD103515,440,beauty,returning,9,UPI,high,2,16,Fri,0
ORD100332,373,beauty,new,0,UPI,low,0,20,Thu,0
ORD106072,7879,electronics,returning,7,COD,medium,16,10,Thu,0
ORD102375,13600,electronics,returning,10,COD,low,5,3,Mon,0
ORD107171,2146,home,returning,10,UPI,medium,4,11,Wed,0
ORD101261,712,apparel,returning,9,UPI,high,18,1,Thu,0
ORD105627,460,beauty,new,0,wallet,low,33,4,Thu,1
ORD100736,17000,electronics,returning,6,UPI,low,13,4,Thu,0
ORD106415,14844,electronics,returning,6,card,low,5,9,Sun,0
ORD102897,5861,electronics,new,0,wallet,low,20,7,Wed,0
ORD105364,358,grocery,returning,3,UPI,medium,0,18,Sat,0
ORD103288,10594,electronics,returning,7,UPI,high,4,17,Mon,0
ORD106459,1439,beauty,new,0,COD,high,19,15,Mon,0
ORD107284,1378,grocery,returning,6,netbanking,high,11,8,Thu,0
ORD106449,790,beauty,returning,5,card,medium,8,14,Fri,0
ORD103299,8516,electronics,new,0,UPI,medium,8,8,Thu,0
ORD102473,1782,home,returning,6,card,medium,16,1,Thu,0
ORD102306,3097,home,new,0,card,medium,4,4,Tue,0
ORD101374,321,grocery,new,0,UPI,low,6,16,Mon,0
ORD106171,1390,apparel,returning,4,card,high,21,10,Sat,0
ORD107741,1803,apparel,returning,10,card,medium,28,13,Wed,0
ORD107893,25509,electronics,new,0,netbanking,low,22,8,Mon,0
ORD102598,625,grocery,returning,10,UPI,low,17,23,Wed,0
ORD103429,1488,beauty,returning,8,UPI,high,37,15,Sun,0
ORD102603,1138,beauty,new,0,card,high,19,7,Mon,0
ORD103877,2500,grocery,new,0,card,low,4,0,Mon,0
ORD107863,2035,apparel,new,0,card,low,6,7,Thu,0
ORD107117,943,beauty,returning,9,UPI,low,24,19,Fri,0
ORD101078,3861,home,returning,8,netbanking,high,1,19,Sat,0
ORD103520,2841,home,returning,9,card,medium,7,7,Wed,0
ORD101163,4997,electronics,returning,5,COD,low,26,4,Sat,0
ORD103832,4749,apparel,new,0,COD,medium,9,0,Thu,0
ORD105441,713,beauty,returning,4,card,low,5,0,Fri,0
ORD100079,860,beauty,new,0,card,high,53,1,Wed,0
ORD102585,1278,apparel,new,0,netbanking,low,1,11,Sat,0
ORD106816,6685,home,returning,7,card,low,21,19,Sun,0
ORD104509,2328,apparel,returning,6,card,low,15,21,Mon,0
ORD105925,14755,electronics,returning,7,UPI,low,42,0,Fri,0
ORD104595,624,grocery,returning,6,UPI,high,11,5,Sun,0
ORD101790,657,beauty,new,0,COD,low,6,15,Fri,0
ORD101786,1123,apparel,returning,10,UPI,high,0,14,Sat,0
ORD101569,839,apparel,returning,7,UPI,low,15,13,Sun,0
ORD101737,4123,electronics,new,0,card,low,0,10,Wed,0
ORD102251,824,beauty,returning,8,card,low,28,22,Fri,1
ORD104888,1602,apparel,new,0,UPI,low,19,4,Sat,1
ORD101025,1813,apparel,new,0,UPI,low,8,22,Thu,0
ORD101562,1896,grocery,new,0,COD,low,5,20,Thu,0
ORD105777,4093,home,returning,10,card,low,5,18,Wed,0
ORD106289,1087,grocery,new,0,netbanking,low,3,4,Wed,0
ORD107466,3824,electronics,returning,10,card,low,35,21,Sun,0
ORD106762,596,grocery,returning,6,UPI,medium,8,20,Fri,0
ORD107878,444,grocery,returning,6,UPI,low,2,22,Sun,0
ORD102020,2392,home,new,0,card,high,31,21,Wed,1
ORD100149,9995,electronics,returning,5,card,medium,8,5,Fri,0
ORD105327,898,grocery,returning,5,card,low,34,12,Sat,0
ORD105155,9592,electronics,returning,9,UPI,low,31,16,Sun,0
ORD107785,143,grocery,returning,10,netbanking,low,25,9,Mon,0
ORD101732,650,beauty,returning,6,netbanking,low,22,5,Tue,0
ORD100970,1690,apparel,new,0,UPI,low,1,16,Thu,0
ORD102338,2402,home,new,0,card,medium,3,18,Tue,0
ORD101263,471,grocery,returning,6,COD,low,11,4,Mon,0
ORD100169,311,grocery,returning,5,COD,low,8,9,Sat,0
ORD104550,8933,electronics,new,0,COD,medium,1,9,Fri,0
ORD101515,967,apparel,returning,11,UPI,medium,16,5,Mon,0
ORD102859,3456,apparel,returning,9,card,low,6,12,Tue,0
ORD101479,2590,apparel,returning,4,COD,high,28,2,Sun,0
ORD101615,10183,electronics,returning,5,UPI,low,1,15,Sat,0
ORD102574,2394,home,returning,6,UPI,medium,46,19,Mon,0
ORD105802,1210,beauty,returning,3,wallet,low,2,14,Mon,0
ORD104905,8707,home,new,0,netbanking,low,1,22,Sat,0
ORD102579,886,grocery,new,0,UPI,low,1,10,Thu,0
ORD104248,13493,electronics,returning,10,wallet,low,0,18,Fri,0
ORD103438,6984,electronics,returning,6,UPI,low,13,7,Thu,0
ORD100233,10966,home,returning,8,UPI,low,22,2,Wed,0
ORD100353,897,home,new,0,UPI,low,18,1,Mon,0
ORD102229,1771,home,returning,2,COD,low,22,17,Sun,1
ORD104633,1583,apparel,new,0,UPI,high,8,13,Sat,0
ORD104513,4194,electronics,returning,8,UPI,low,9,5,Wed,0
ORD105810,2639,home,returning,6,card,high,3,21,Tue,0
ORD103274,2610,beauty,returning,8,COD,medium,24,21,Fri,0
ORD103826,1597,apparel,new,0,card,low,34,0,Wed,1
ORD104920,629,apparel,new,0,card,low,1,22,Fri,0
ORD101221,16553,electronics,new,0,card,low,7,13,Mon,0
ORD100509,4191,electronics,new,0,UPI,medium,36,3,Wed,0
ORD100997,13518,electronics,new,0,COD,high,12,22,Sun,1
ORD105564,359,grocery,returning,7,card,high,24,18,Thu,0
ORD104511,4653,home,returning,8,UPI,low,46,14,Tue,0
ORD107100,1085,apparel,new,0,COD,low,0,20,Wed,1
ORD106925,19384,electronics,new,0,UPI,low,4,2,Fri,0
ORD106790,1566,apparel,new,0,UPI,high,2,19,Sat,0
ORD107251,2651,home,returning,10,COD,low,1,23,Fri,0
ORD105306,398,grocery,returning,8,UPI,medium,20,4,Sun,0
ORD100538,7395,electronics,returning,11,UPI,low,14,3,Thu,0
ORD103946,9575,electronics,returning,8,UPI,low,19,12,Wed,0
ORD107373,3781,beauty,returning,7,UPI,low,2,4,Wed,0
ORD101839,1169,beauty,returning,7,UPI,low,0,9,Tue,0
ORD101703,4418,home,returning,8,COD,medium,16,18,Fri,0
ORD106872,3476,apparel,returning,6,UPI,medium,11,20,Fri,0
ORD104738,8483,electronics,returning,8,card,low,15,16,Sat,0
ORD106674,948,beauty,returning,9,COD,high,2,15,Sat,0
ORD107950,5925,home,returning,2,UPI,medium,5,19,Thu,0
ORD102970,1053,apparel,returning,4,card,high,11,6,Wed,1
ORD104184,246,grocery,returning,6,card,low,76,22,Sat,0
ORD106304,717,beauty,new,0,COD,low,19,0,Tue,0
ORD107608,4411,apparel,new,0,COD,low,5,11,Thu,0
ORD101005,537,apparel,returning,8,wallet,medium,9,4,Sat,0
ORD106076,2639,home,new,0,UPI,low,4,2,Tue,0
ORD101320,2331,apparel,new,0,UPI,medium,9,16,Fri,0
ORD105761,1569,grocery,new,0,UPI,low,32,7,Tue,0
ORD105891,2027,home,new,0,UPI,low,2,0,Sun,0
ORD102755,1016,beauty,returning,10,UPI,low,55,11,Sun,0
ORD107458,5679,electronics,new,0,UPI,medium,2,18,Sat,1
ORD100408,10060,electronics,new,0,netbanking,high,10,15,Tue,1
ORD101197,2352,home,returning,7,UPI,low,23,0,Sun,0
ORD107710,1492,apparel,returning,7,netbanking,medium,10,19,Fri,0
ORD101323,2643,beauty,returning,5,UPI,medium,4,6,Fri,0
ORD101056,415,grocery,new,0,COD,medium,12,13,Mon,0
ORD104669,960,apparel,new,0,card,low,6,7,Tue,1
ORD103799,1888,apparel,returning,5,UPI,medium,9,19,Fri,1
ORD103012,4000,beauty,returning,9,UPI,low,28,11,Fri,0
ORD101670,2469,apparel,new,0,COD,medium,20,22,Sat,1
ORD100940,1280,apparel,new,0,wallet,medium,21,0,Tue,0
ORD103305,20983,electronics,returning,4,COD,high,6,1,Sun,1
ORD107173,8703,home,new,0,UPI,high,20,1,Tue,0
ORD105491,3652,home,returning,8,COD,medium,23,22,Sat,0
ORD102776,4901,home,new,0,COD,low,68,17,Sat,0
ORD100576,304,grocery,new,0,wallet,low,3,6,Tue,0
ORD103418,7455,electronics,new,0,UPI,medium,4,9,Sat,1
ORD101741,905,apparel,returning,6,card,low,0,13,Sun,0
ORD101669,216,grocery,new,0,UPI,medium,8,3,Thu,0
ORD102922,16470,electronics,new,0,wallet,high,16,12,Thu,0
ORD105046,1009,apparel,new,0,card,high,1,16,Sun,0
ORD100177,353,grocery,returning,17,COD,low,6,2,Tue,0
ORD101728,11809,electronics,returning,8,COD,low,23,21,Mon,0
ORD105923,2588,apparel,returning,6,COD,low,1,19,Sun,0
ORD105546,429,grocery,returning,6,COD,low,10,10,Wed,0
ORD103934,4750,apparel,returning,6,card,low,10,0,Wed,0
ORD100328,2532,home,returning,8,card,low,19,13,Tue,0
ORD102124,2934,apparel,returning,12,card,low,32,14,Fri,0
ORD105782,403,apparel,new,0,UPI,low,30,10,Sun,0
ORD106385,289,grocery,returning,6,card,medium,7,15,Sun,0
ORD107341,1368,apparel,returning,9,COD,medium,11,16,Mon,0
ORD102892,3464,home,returning,3,UPI,low,18,0,Wed,0
ORD104417,8369,electronics,new,0,wallet,low,5,16,Sun,0
ORD103257,3372,apparel,returning,8,card,low,5,11,Sat,0
ORD105664,8236,electronics,returning,6,card,low,5,8,Mon,0
ORD104001,2022,apparel,returning,10,card,low,24,19,Fri,0
ORD101297,6981,electronics,returning,8,COD,low,28,13,Sat,0
ORD104532,2666,home,returning,7,card,low,6,7,Thu,0
ORD104518,680,beauty,new,0,COD,medium,19,10,Tue,0
ORD105190,3243,home,returning,9,wallet,medium,0,22,Thu,0
ORD106659,1366,apparel,new,0,COD,high,15,19,Mon,1
ORD107789,3388,apparel,returning,7,UPI,high,54,12,Wed,0
ORD107641,438,grocery,returning,8,UPI,medium,10,8,Wed,0
ORD100181,502,grocery,new,0,COD,low,18,16,Sun,0
ORD104296,3098,apparel,returning,6,wallet,low,11,8,Wed,0
ORD104535,27024,electronics,returning,5,COD,low,4,20,Thu,1
ORD107442,2684,beauty,returning,5,UPI,medium,20,10,Tue,0
ORD104960,19578,electronics,returning,6,COD,high,21,17,Wed,0
ORD105826,2745,beauty,returning,4,UPI,medium,3,13,Sat,0
ORD100742,813,grocery,new,0,COD,medium,8,13,Thu,0
ORD102208,4903,electronics,returning,4,netbanking,low,1,20,Fri,0
ORD106789,690,beauty,new,0,card,low,0,0,Sat,0
ORD101183,45000,electronics,returning,12,UPI,low,6,19,Sat,0
ORD107987,213,grocery,new,0,card,low,2,17,Tue,0
ORD103396,13695,electronics,new,0,UPI,medium,14,23,Sat,0
ORD103123,1859,apparel,new,0,card,medium,25,22,Tue,0
ORD100041,1027,beauty,new,0,netbanking,low,4,21,Sat,0
ORD106425,10276,electronics,new,0,card,medium,55,6,Sat,0
ORD106857,3846,apparel,returning,8,card,low,6,15,Thu,0
ORD100185,2752,home,returning,8,UPI,low,5,1,Mon,0
ORD103139,1468,apparel,returning,5,COD,low,55,3,Fri,1
ORD105464,19114,electronics,returning,11,UPI,medium,13,5,Thu,0
ORD103567,1633,apparel,returning,5,card,high,3,18,Sun,0
ORD106985,1227,home,new,0,card,medium,1,4,Mon,0
ORD104438,820,apparel,returning,4,UPI,low,12,5,Thu,0
ORD100712,274,beauty,returning,7,UPI,medium,3,10,Fri,0
ORD101414,17179,electronics,returning,7,netbanking,low,17,7,Thu,0
ORD102802,7515,electronics,returning,9,card,medium,8,7,Tue,0
ORD100087,4837,apparel,returning,3,wallet,medium,1,3,Sat,0
ORD105880,1998,apparel,returning,4,COD,medium,40,18,Sat,0
ORD106562,11005,electronics,returning,7,COD,low,27,20,Fri,0
ORD107017,9517,electronics,returning,4,COD,low,80,7,Thu,0
ORD106606,1226,grocery,returning,4,COD,low,56,13,Wed,0
ORD101027,1074,apparel,returning,8,COD,medium,35,0,Thu,0
ORD102550,3332,home,new,0,card,low,14,17,Sat,1
ORD102112,17684,electronics,new,0,card,medium,23,14,Mon,0
ORD107792,16299,electronics,returning,8,wallet,high,28,14,Sun,0
ORD103246,2351,apparel,returning,7,COD,medium,30,11,Mon,0
ORD107686,1415,apparel,returning,7,UPI,low,1,0,Wed,0
ORD104671,3039,apparel,new,0,UPI,high,9,1,Fri,1
ORD103782,650,grocery,new,0,wallet,medium,44,17,Sat,0
ORD100706,2894,beauty,returning,7,card,high,37,15,Sat,0
ORD102453,668,beauty,returning,11,netbanking,low,18,19,Sun,0
ORD101656,871,apparel,new,0,UPI,low,7,21,Mon,0
ORD105867,1999,beauty,returning,6,card,medium,7,11,Fri,0
ORD103475,2356,apparel,returning,6,COD,low,9,23,Sun,0
ORD102351,929,grocery,new,0,COD,high,8,19,Thu,0
ORD102795,2451,home,returning,5,card,low,9,14,Wed,0
ORD104695,2476,home,new,0,card,medium,6,9,Fri,0
ORD105444,800,grocery,new,0,COD,medium,80,0,Fri,0
ORD107039,1151,grocery,returning,6,UPI,high,1,2,Tue,0
ORD102287,3731,beauty,returning,9,COD,medium,33,23,Wed,0
ORD105562,18763,electronics,returning,6,COD,low,26,2,Sat,1
ORD106053,323,apparel,returning,7,netbanking,low,14,20,Sun,0
ORD100381,623,grocery,returning,7,card,low,3,10,Thu,0
ORD100069,2090,apparel,returning,6,card,medium,3,14,Sat,1
ORD103207,8104,electronics,returning,8,COD,medium,0,13,Thu,0
ORD102751,1351,beauty,returning,4,netbanking,low,17,21,Tue,0
ORD101429,1147,apparel,returning,9,UPI,medium,3,1,Tue,0
ORD101545,1140,apparel,new,0,card,medium,47,3,Mon,1
ORD101127,1286,beauty,new,0,UPI,high,5,1,Thu,0
ORD103320,11668,electronics,new,0,card,low,11,0,Fri,0
ORD106611,540,apparel,new,0,UPI,medium,21,16,Sun,0
ORD102487,1244,beauty,returning,9,UPI,low,3,11,Wed,0
ORD107782,4259,home,returning,6,UPI,low,4,4,Sat,0
ORD100445,725,beauty,returning,4,UPI,medium,22,13,Sat,0
ORD107564,3905,apparel,new,0,COD,medium,5,4,Sat,0
ORD106511,18113,electronics,new,0,COD,medium,8,4,Mon,0
ORD104881,2317,home,returning,7,UPI,high,2,16,Fri,0
ORD100800,2066,beauty,returning,6,UPI,low,5,11,Thu,0
ORD103558,3740,home,returning,10,card,medium,5,5,Sat,0
ORD107587,473,grocery,returning,6,card,medium,27,6,Sat,0
ORD102345,11237,electronics,returning,10,COD,medium,17,11,Tue,0
ORD107398,1331,grocery,new,0,UPI,low,3,0,Sat,0
ORD106474,5094,electronics,returning,5,netbanking,low,42,0,Sat,0
ORD100019,2062,home,returning,8,card,low,4,14,Sat,0
ORD105333,27865,electronics,returning,7,UPI,low,49,20,Tue,0
ORD106532,917,beauty,returning,8,UPI,high,17,13,Tue,0
ORD101511,10165,electronics,returning,11,COD,low,14,9,Sun,0
ORD100828,830,grocery,new,0,COD,medium,10,6,Sat,0
ORD107153,2608,home,returning,4,card,high,11,12,Wed,0
ORD106536,6593,electronics,returning,5,UPI,medium,4,3,Tue,0
ORD100476,1432,apparel,new,0,UPI,low,6,20,Sun,0
ORD105668,9713,home,new,0,netbanking,high,10,9,Mon,0
ORD106573,1535,home,new,0,card,low,9,0,Tue,0
ORD107416,45000,electronics,returning,2,wallet,high,2,22,Mon,0
ORD107428,1140,home,returning,7,UPI,low,10,1,Mon,0
ORD102925,4569,home,returning,8,card,high,20,5,Wed,0
ORD104085,911,grocery,returning,4,UPI,low,12,9,Fri,0
ORD105325,16966,electronics,returning,14,UPI,high,24,2,Mon,0
ORD105428,1597,grocery,returning,7,card,low,29,8,Tue,0
ORD101966,1025,beauty,returning,5,card,low,0,18,Sun,0
ORD105774,1678,apparel,new,0,UPI,high,0,7,Tue,0
ORD107282,6828,electronics,returning,7,card,high,7,21,Wed,0
ORD106044,2818,home,returning,7,UPI,medium,5,15,Thu,0
ORD104626,373,beauty,returning,3,wallet,low,1,17,Tue,0
ORD102132,1221,grocery,new,0,UPI,low,1,13,Thu,0
ORD100641,2188,beauty,new,0,netbanking,low,24,18,Wed,0
ORD102894,553,grocery,returning,6,UPI,medium,3,4,Mon,0
ORD102436,3146,home,new,0,wallet,low,11,5,Fri,0
ORD103889,1096,apparel,returning,8,UPI,low,36,10,Wed,0
ORD103666,7742,electronics,returning,6,COD,low,7,6,Fri,0
ORD101509,389,beauty,returning,7,card,low,5,14,Thu,0
ORD101405,2537,apparel,new,0,card,low,21,9,Sun,0
ORD104731,196,grocery,returning,6,UPI,low,9,14,Sun,0
ORD102221,3612,apparel,returning,6,netbanking,low,4,18,Wed,0
ORD102973,1098,grocery,returning,9,UPI,medium,2,14,Sun,0
ORD104927,4220,apparel,returning,12,UPI,medium,11,17,Fri,0
ORD106683,1380,beauty,returning,2,COD,low,6,20,Thu,0
ORD100118,2163,apparel,returning,3,COD,high,9,14,Fri,0
ORD103145,3315,home,returning,6,COD,high,12,7,Sat,1
ORD104668,316,grocery,new,0,COD,low,1,4,Wed,0
ORD105933,400,apparel,returning,5,COD,low,22,0,Mon,0
ORD104110,1113,apparel,new,0,card,low,8,13,Wed,0
ORD104935,5937,electronics,new,0,COD,low,5,5,Tue,0
ORD104267,699,beauty,new,0,UPI,high,15,2,Sun,0
ORD104526,1088,beauty,new,0,UPI,high,3,14,Sun,0
ORD103784,2716,home,returning,8,UPI,low,10,4,Tue,1
ORD107828,396,beauty,returning,6,COD,high,14,5,Tue,0
ORD107687,2000,home,returning,7,wallet,medium,12,8,Tue,0
ORD101729,3605,apparel,returning,6,card,low,22,13,Mon,0
ORD102664,979,apparel,new,0,UPI,high,0,7,Sat,0
ORD102098,10068,electronics,returning,8,COD,high,5,2,Mon,1
ORD102884,2349,home,new,0,netbanking,low,3,11,Sun,0
ORD102991,1608,beauty,returning,7,COD,low,5,3,Sat,0
ORD106314,1746,beauty,returning,7,netbanking,low,42,23,Mon,1
ORD107757,7008,electronics,returning,8,card,low,10,8,Fri,0
ORD101057,14333,electronics,returning,7,COD,medium,15,20,Tue,0
ORD103805,16458,electronics,new,0,UPI,low,20,6,Tue,0
ORD105833,3972,home,returning,14,UPI,high,11,7,Mon,0
ORD105634,8100,electronics,returning,7,UPI,medium,22,13,Wed,0
ORD106245,15174,electronics,returning,4,COD,low,28,22,Wed,1
ORD105871,2167,apparel,new,0,COD,low,13,3,Fri,0
ORD102471,830,grocery,returning,5,netbanking,low,18,22,Fri,0
ORD105080,20298,electronics,new,0,UPI,low,8,8,Mon,0
ORD104004,2087,home,new,0,UPI,low,1,17,Sun,0
ORD103985,10058,electronics,returning,2,card,medium,4,6,Fri,0
ORD107986,453,grocery,returning,9,UPI,low,7,4,Tue,0
ORD106400,3389,electronics,returning,16,UPI,medium,18,15,Thu,0
ORD107479,784,grocery,returning,8,card,medium,39,3,Sun,0
ORD100773,1177,beauty,returning,12,COD,low,17,16,Thu,0
ORD107992,16981,electronics,new,0,card,low,7,23,Fri,0
ORD106775,1484,apparel,returning,9,netbanking,medium,22,7,Fri,0
ORD107248,388,beauty,new,0,UPI,medium,2,11,Sun,0
ORD100050,2199,electronics,new,0,COD,medium,8,21,Thu,1
ORD100733,704,apparel,returning,6,wallet,medium,20,18,Fri,0
ORD100245,1966,grocery,new,0,COD,high,14,15,Wed,0
ORD105850,788,grocery,new,0,COD,high,3,15,Sat,0
ORD100179,304,beauty,new,0,UPI,low,6,5,Fri,0
ORD107032,6824,electronics,new,0,wallet,medium,51,0,Tue,0
ORD102182,486,beauty,returning,4,card,medium,4,21,Fri,0
ORD105930,1225,grocery,new,0,UPI,low,7,17,Thu,0
ORD103927,1529,beauty,returning,6,UPI,low,21,13,Sat,0
ORD107808,413,grocery,new,0,card,medium,3,1,Thu,0
ORD106216,5179,home,returning,6,UPI,low,2,10,Sat,0
ORD107935,1475,apparel,returning,6,card,low,38,1,Thu,0
ORD104608,24005,electronics,returning,6,UPI,low,15,21,Sun,0
ORD103658,444,grocery,new,0,card,high,10,7,Wed,0
ORD101373,251,beauty,returning,7,card,low,12,18,Wed,0
ORD101087,550,beauty,returning,6,UPI,low,20,1,Sun,0
ORD100321,1211,apparel,returning,20,card,medium,6,1,Sat,0
ORD102127,4542,apparel,new,0,wallet,medium,13,8,Thu,0
ORD104660,731,beauty,new,0,COD,low,24,22,Wed,1
ORD101487,612,apparel,returning,4,netbanking,low,5,20,Fri,0
ORD105095,1564,home,new,0,card,low,4,21,Sat,0
ORD100965,2308,apparel,returning,11,COD,low,2,20,Fri,0
ORD107135,1452,home,returning,2,COD,low,10,23,Thu,0
ORD106037,1803,apparel,returning,6,wallet,medium,1,6,Wed,0
ORD106071,16094,electronics,returning,8,netbanking,low,2,17,Sun,0
ORD104519,1712,apparel,returning,7,UPI,medium,35,8,Wed,0
ORD101793,2008,beauty,new,0,card,medium,39,9,Sun,0
ORD105038,1697,grocery,returning,12,UPI,medium,15,22,Sat,0
ORD105473,5260,electronics,new,0,netbanking,medium,9,23,Fri,0
ORD104031,300,apparel,new,0,card,high,7,23,Fri,0
ORD104316,441,grocery,new,0,netbanking,low,10,7,Fri,0
ORD107730,2061,home,returning,7,card,low,18,22,Fri,0
ORD106372,654,grocery,new,0,UPI,medium,17,1,Sat,0
ORD105649,4460,electronics,new,0,COD,low,10,22,Tue,0
ORD102181,296,grocery,returning,11,netbanking,medium,12,13,Thu,1
ORD105786,195,grocery,returning,5,COD,medium,20,7,Thu,0
ORD104449,10325,electronics,returning,7,UPI,low,3,1,Fri,0
ORD105400,1825,beauty,returning,11,card,medium,35,15,Wed,0
ORD102522,675,apparel,new,0,COD,high,5,5,Sat,0
ORD105137,4512,electronics,returning,7,card,low,7,22,Sat,0
ORD104024,933,beauty,returning,11,UPI,high,27,23,Wed,0
ORD101172,5200,apparel,new,0,card,low,4,18,Wed,0
ORD106418,679,grocery,returning,13,UPI,low,6,19,Sun,0
ORD103458,11605,electronics,returning,3,UPI,low,5,5,Tue,0
ORD106670,6000,apparel,returning,3,UPI,medium,22,7,Thu,0
ORD102937,11559,electronics,new,0,UPI,low,45,3,Sat,0
ORD100435,5818,electronics,new,0,COD,low,14,10,Fri,0
ORD103513,1439,grocery,new,0,UPI,medium,5,11,Sun,0
ORD101489,571,apparel,new,0,card,low,6,20,Sat,0
ORD105662,2091,home,returning,6,wallet,low,13,17,Sun,0
ORD101557,5512,apparel,returning,5,UPI,medium,1,14,Wed,0
ORD100994,513,grocery,returning,8,UPI,medium,0,10,Wed,0
ORD100858,1404,apparel,new,0,card,low,80,17,Thu,0
ORD101533,1288,beauty,returning,10,UPI,low,4,23,Tue,0
ORD104017,1464,apparel,returning,12,netbanking,low,7,12,Sun,0
ORD103231,9793,electronics,returning,7,card,low,1,10,Sat,0
ORD106761,3540,home,new,0,UPI,low,28,6,Fri,0
ORD105494,575,grocery,returning,4,UPI,high,6,5,Sat,0
ORD100486,1659,apparel,returning,5,wallet,low,35,14,Sat,0
ORD103095,18562,electronics,returning,8,UPI,low,20,13,Wed,0
ORD100199,1336,apparel,returning,8,COD,medium,20,23,Tue,0
ORD106275,1066,beauty,returning,9,UPI,medium,15,15,Thu,0
ORD102057,658,apparel,returning,5,UPI,low,23,9,Tue,0
ORD105635,1965,home,returning,6,COD,low,1,0,Mon,0
ORD107816,1559,home,new,0,card,low,14,9,Mon,0
ORD100982,934,beauty,new,0,card,low,7,16,Thu,0
ORD107664,10308,electronics,returning,10,card,low,9,12,Thu,0
ORD103434,7288,electronics,returning,10,card,low,0,5,Fri,0
ORD102592,3359,home,returning,11,card,low,19,23,Mon,0
ORD105471,7366,electronics,new,0,UPI,medium,20,18,Sat,0
ORD105162,14206,electronics,new,0,UPI,medium,10,11,Thu,0
ORD104355,692,beauty,returning,10,netbanking,low,2,16,Sun,0
ORD105081,7219,home,returning,7,UPI,low,12,2,Fri,0
ORD106535,21485,electronics,new,0,card,medium,4,9,Tue,1
ORD106428,1656,apparel,new,0,UPI,medium,3,19,Fri,1
ORD102226,1912,beauty,returning,9,netbanking,low,7,7,Tue,0
ORD104080,2325,apparel,new,0,netbanking,medium,1,9,Thu,0
ORD104977,8571,electronics,new,0,netbanking,medium,5,19,Sat,0
ORD100354,1145,apparel,returning,11,UPI,medium,22,9,Tue,0
ORD104059,557,beauty,returning,11,UPI,high,4,18,Mon,0
ORD103032,1557,apparel,new,0,UPI,low,7,21,Thu,0
ORD100642,13853,electronics,returning,10,UPI,high,11,3,Sun,0
ORD104126,4081,home,returning,10,netbanking,low,14,10,Sun,0
ORD106798,5380,home,returning,5,card,medium,8,8,Sat,0
ORD101871,589,apparel,returning,5,UPI,low,7,17,Tue,0
ORD102316,44050,electronics,new,0,card,medium,7,15,Tue,0
ORD100786,1465,beauty,new,0,UPI,low,1,16,Tue,0
ORD103254,42386,electronics,new,0,UPI,low,18,23,Fri,0
ORD107488,9863,electronics,new,0,UPI,high,2,20,Wed,0
ORD101803,1443,beauty,new,0,COD,medium,1,16,Sat,1
ORD104196,3173,electronics,returning,8,netbanking,medium,9,3,Sun,0
ORD100932,2123,apparel,new,0,COD,medium,0,0,Thu,0
ORD100091,1932,beauty,new,0,netbanking,high,2,11,Sat,1
ORD101400,2793,apparel,returning,6,COD,low,5,17,Tue,0
ORD105862,7972,home,returning,7,netbanking,low,17,14,Tue,0
ORD107681,1405,home,returning,8,UPI,medium,43,15,Mon,0
ORD105838,1194,apparel,returning,5,UPI,low,13,7,Sat,0
ORD100530,572,beauty,new,0,UPI,low,0,0,Wed,0
ORD103571,8478,electronics,returning,3,netbanking,low,1,17,Thu,0
ORD104953,1311,grocery,returning,10,UPI,low,26,21,Fri,0
ORD101940,1101,apparel,returning,5,UPI,high,2,22,Sat,0
ORD103199,1184,grocery,returning,6,card,low,23,12,Sat,0
ORD105411,547,beauty,returning,4,UPI,low,23,13,Thu,0
ORD103992,16146,electronics,returning,6,UPI,medium,9,0,Sat,0
ORD100106,1572,apparel,returning,4,COD,low,1,7,Mon,0
ORD105686,8757,electronics,returning,10,netbanking,low,6,6,Sat,0
ORD103592,2193,beauty,returning,10,netbanking,low,9,4,Sat,0
ORD105753,606,beauty,new,0,UPI,low,15,2,Thu,0
ORD103404,635,grocery,returning,7,wallet,high,13,13,Sun,0
ORD100131,1062,grocery,new,0,UPI,low,40,18,Fri,0
ORD106141,11139,electronics,new,0,UPI,high,4,20,Tue,0
ORD101726,548,apparel,returning,8,UPI,low,6,21,Sun,0
ORD107299,3319,home,new,0,COD,medium,17,4,Sat,0
ORD103132,9459,electronics,returning,8,wallet,medium,35,3,Fri,0
ORD106270,1061,apparel,new,0,card,low,16,18,Mon,0
ORD104489,2607,home,returning,14,netbanking,low,1,0,Tue,0
ORD103126,4465,home,new,0,UPI,medium,10,18,Wed,0
ORD106187,1909,apparel,returning,7,UPI,medium,10,20,Thu,0
ORD107221,6364,electronics,new,0,UPI,low,3,3,Tue,0
ORD102418,39971,electronics,new,0,card,low,15,23,Fri,0
ORD101617,3297,home,returning,9,netbanking,low,44,3,Mon,0
ORD101412,1858,beauty,returning,4,netbanking,low,3,9,Tue,0
ORD105460,1873,beauty,returning,8,UPI,low,23,6,Wed,0
ORD107846,2138,home,new,0,card,low,2,10,Wed,0
ORD102722,4095,apparel,returning,11,COD,high,9,20,Mon,0
ORD105962,3510,apparel,returning,5,netbanking,medium,56,23,Tue,0
ORD102488,12359,electronics,new,0,card,low,7,12,Thu,0
ORD105508,1482,beauty,new,0,UPI,low,4,3,Wed,0
ORD101103,604,beauty,new,0,wallet,low,6,17,Sun,0
ORD100167,2926,beauty,new,0,COD,high,9,17,Fri,1
ORD100093,4328,apparel,new,0,UPI,medium,6,3,Fri,0
ORD103352,6240,electronics,new,0,COD,medium,9,19,Thu,1
ORD106687,270,grocery,new,0,card,low,2,20,Thu,0
ORD106465,332,grocery,returning,6,netbanking,low,22,4,Thu,0
ORD107354,1529,apparel,returning,10,UPI,low,13,6,Sat,0
ORD100835,3214,home,returning,5,UPI,low,1,1,Sun,0
ORD105542,2049,home,returning,6,card,low,10,16,Mon,1
ORD106854,9251,electronics,returning,8,card,medium,6,8,Sat,0
ORD103333,3086,apparel,new,0,UPI,low,9,10,Wed,0
ORD104753,1297,apparel,returning,6,card,low,7,11,Sun,0
ORD107049,2311,apparel,returning,5,COD,medium,2,0,Mon,0
ORD105247,4379,electronics,returning,7,card,low,38,1,Sun,0
ORD105195,592,grocery,new,0,COD,medium,26,14,Thu,0
ORD102706,1253,grocery,returning,7,UPI,low,5,3,Sun,0
ORD105548,2206,home,returning,5,wallet,medium,46,0,Thu,0
ORD104656,1297,grocery,returning,7,netbanking,low,3,12,Sat,0
ORD102420,12105,electronics,returning,5,card,low,21,14,Tue,0
ORD105882,487,beauty,returning,11,card,medium,19,5,Sat,0
ORD102619,735,grocery,returning,10,UPI,medium,9,22,Wed,0
ORD104404,1819,apparel,returning,4,COD,medium,49,11,Thu,0
ORD106631,16768,electronics,returning,7,wallet,low,15,12,Fri,0
ORD104450,771,beauty,returning,9,card,medium,53,12,Wed,0
ORD105266,2727,apparel,returning,6,UPI,high,9,1,Wed,0
ORD105440,6317,electronics,returning,9,netbanking,low,0,18,Fri,0
ORD100511,547,beauty,returning,8,UPI,low,28,4,Fri,0
ORD100789,2587,home,new,0,COD,low,16,23,Thu,1
ORD106161,1918,home,returning,6,UPI,low,5,0,Sun,0
ORD107767,567,apparel,returning,5,netbanking,medium,5,22,Tue,0
ORD107981,362,grocery,returning,9,netbanking,medium,2,5,Sat,0
ORD101916,1280,home,new,0,wallet,low,10,5,Sat,1
ORD101643,32879,electronics,new,0,COD,low,5,21,Sat,0
ORD104195,12000,home,new,0,card,low,21,19,Wed,0
ORD106885,1570,grocery,new,0,COD,high,40,2,Thu,0
ORD102764,11084,electronics,new,0,UPI,high,8,21,Thu,0
ORD106661,1364,grocery,returning,4,UPI,medium,14,15,Thu,0
ORD106059,444,grocery,returning,5,netbanking,low,5,11,Mon,0
ORD101559,1029,grocery,new,0,COD,low,18,22,Mon,0
ORD105285,45000,electronics,new,0,wallet,high,14,22,Tue,1
ORD104970,1268,home,returning,5,netbanking,high,12,18,Wed,0
ORD106003,9148,electronics,returning,6,card,low,25,23,Mon,0
ORD105121,2490,apparel,returning,5,card,high,14,14,Mon,0
ORD102692,286,grocery,returning,4,card,medium,77,16,Sat,0
ORD105816,867,apparel,new,0,UPI,high,9,21,Fri,0
ORD104362,6904,home,new,0,COD,low,1,23,Tue,0
ORD106771,1841,home,new,0,COD,high,1,5,Sun,0
ORD106409,10181,electronics,new,0,COD,high,1,14,Sun,1
ORD105674,1260,home,returning,6,UPI,low,9,1,Thu,0
ORD101883,1691,beauty,returning,8,card,medium,8,16,Thu,0
ORD100073,2760,apparel,returning,9,UPI,low,10,21,Fri,0
ORD103491,9654,electronics,new,0,card,medium,11,9,Thu,0
ORD101259,983,grocery,returning,7,card,low,30,22,Sun,0
ORD101335,646,grocery,new,0,card,low,4,1,Thu,0
ORD104498,647,grocery,returning,4,COD,medium,2,3,Thu,0
ORD102513,11642,electronics,returning,7,wallet,low,8,12,Sun,0
ORD107350,13402,electronics,returning,5,UPI,high,7,12,Mon,0
ORD103405,1921,beauty,returning,3,wallet,low,12,0,Fri,0
ORD105617,1157,beauty,returning,4,UPI,high,10,19,Sun,1
ORD101623,14715,electronics,returning,5,card,medium,36,11,Fri,0
ORD102304,2887,apparel,returning,5,wallet,low,28,7,Wed,0
ORD100168,6000,apparel,new,0,wallet,medium,29,19,Wed,0
ORD106099,30629,electronics,returning,2,netbanking,low,8,16,Thu,0
ORD106773,376,grocery,new,0,card,low,5,2,Wed,0
ORD105610,7355,electronics,returning,6,UPI,medium,3,13,Sat,0
ORD107501,1450,beauty,returning,7,card,low,0,23,Fri,0
ORD101926,2595,apparel,new,0,netbanking,low,48,14,Mon,0
ORD102088,773,beauty,returning,11,card,low,24,20,Thu,0
ORD102495,2715,home,returning,10,COD,low,22,3,Wed,0
ORD105987,3714,apparel,returning,9,UPI,high,2,10,Tue,0
ORD101402,650,grocery,returning,8,wallet,low,4,1,Mon,0
ORD104323,12591,electronics,returning,3,UPI,high,5,5,Thu,1
ORD104710,398,beauty,returning,5,COD,high,11,16,Thu,0
ORD101507,2463,apparel,returning,6,card,low,7,22,Wed,0
ORD100026,710,apparel,returning,7,card,low,2,15,Mon,0
ORD104750,33607,electronics,returning,7,card,low,51,5,Wed,0
ORD107174,3320,apparel,returning,4,UPI,low,12,19,Mon,0
ORD102406,2230,home,returning,9,UPI,medium,8,12,Sun,0
ORD102069,2681,home,new,0,wallet,low,1,5,Fri,0
ORD103942,16334,electronics,returning,13,UPI,low,5,7,Wed,0
ORD102191,2150,home,returning,12,COD,medium,33,15,Thu,0
ORD100500,834,beauty,new,0,wallet,low,19,1,Wed,0
ORD106309,1170,beauty,returning,4,netbanking,low,12,7,Thu,0
ORD100437,2806,home,returning,6,UPI,high,4,18,Sat,0
ORD104983,9595,electronics,returning,6,card,medium,9,7,Tue,0
ORD101420,4000,beauty,new,0,COD,medium,26,5,Wed,0
ORD103857,1507,apparel,returning,7,UPI,medium,25,13,Fri,0
ORD107939,885,home,new,0,card,low,14,16,Sun,0
ORD101978,2057,beauty,new,0,UPI,high,0,12,Mon,0
ORD102523,2004,home,returning,9,COD,low,11,11,Sat,0
ORD106210,9951,electronics,returning,6,netbanking,low,22,2,Fri,0
ORD106264,771,apparel,returning,8,UPI,high,12,0,Wed,0
ORD101180,955,beauty,returning,5,netbanking,low,3,18,Thu,0
ORD103355,1237,apparel,returning,4,UPI,medium,3,21,Sun,0
ORD102954,1610,home,returning,9,card,high,26,4,Mon,0
ORD107732,1628,apparel,returning,7,card,high,8,7,Tue,0
ORD105517,21510,electronics,returning,9,card,low,15,13,Wed,0
ORD105887,14287,electronics,returning,8,COD,medium,33,20,Sat,1
ORD101758,1268,grocery,new,0,card,low,8,20,Thu,0
ORD100534,8293,electronics,returning,6,card,low,15,12,Fri,0
ORD103570,1512,beauty,new,0,COD,low,0,5,Thu,0
ORD106191,24808,electronics,new,0,UPI,low,8,18,Sun,0
ORD104552,4642,electronics,returning,7,card,medium,10,8,Sat,0
ORD101203,494,beauty,returning,8,COD,high,5,12,Mon,1
ORD101606,448,grocery,returning,7,netbanking,high,3,7,Wed,0
ORD106639,4349,apparel,returning,5,card,low,5,18,Wed,0
ORD100491,3489,home,returning,12,netbanking,low,21,19,Mon,0
ORD105180,3105,home,new,0,wallet,medium,2,12,Sun,0
ORD103460,1025,apparel,new,0,COD,low,16,14,Tue,1
ORD106049,4371,home,new,0,COD,medium,4,3,Wed,0
ORD107249,3261,home,new,0,card,low,3,20,Sat,0
ORD100852,2500,grocery,new,0,UPI,low,4,6,Sun,0
ORD107518,1644,apparel,new,0,COD,low,5,4,Sun,0
ORD105209,24736,electronics,returning,8,netbanking,low,35,16,Thu,0
ORD102094,524,grocery,new,0,card,high,14,10,Wed,0
ORD102531,9396,home,returning,12,COD,low,2,3,Thu,0
ORD105478,1354,home,returning,6,COD,low,11,7,Fri,0
ORD100397,751,apparel,returning,7,COD,medium,25,23,Sun,0
ORD106055,21487,electronics,returning,7,COD,low,34,20,Sat,0
ORD101649,1151,beauty,returning,8,card,low,13,11,Tue,0
ORD100401,497,grocery,returning,12,UPI,low,30,7,Thu,0
ORD107612,3907,home,returning,7,UPI,low,8,16,Sun,0
ORD107907,539,beauty,returning,11,COD,low,4,10,Thu,0
ORD107695,3125,home,returning,7,UPI,low,5,18,Tue,0
ORD105632,859,apparel,returning,4,COD,low,41,15,Wed,0
ORD105903,440,beauty,returning,11,card,low,4,11,Fri,0
ORD105934,2524,apparel,returning,6,UPI,medium,16,4,Sat,0
ORD104664,2673,home,returning,12,wallet,low,3,5,Sat,0
ORD102328,2701,home,returning,11,netbanking,high,45,4,Mon,0
ORD102955,2948,apparel,new,0,UPI,low,8,20,Sun,0
ORD107226,6697,electronics,returning,4,wallet,low,5,23,Thu,0
ORD100535,4286,electronics,returning,11,netbanking,medium,11,22,Fri,0
ORD107474,611,apparel,new,0,card,medium,16,0,Thu,1
ORD103660,21471,electronics,returning,3,COD,medium,2,16,Sat,0
ORD105860,1071,home,returning,9,UPI,high,7,2,Fri,0
ORD100473,11313,electronics,returning,3,netbanking,low,8,23,Sun,0
ORD105551,28381,electronics,returning,11,COD,low,6,4,Fri,0
ORD106048,3546,apparel,new,0,UPI,low,18,17,Sat,0
ORD104848,12829,electronics,returning,8,UPI,low,31,12,Sat,0
ORD103346,1365,beauty,returning,5,UPI,low,1,14,Fri,0
ORD104756,1160,apparel,new,0,COD,medium,5,22,Mon,0
ORD102746,14761,electronics,returning,10,COD,medium,16,6,Wed,0
ORD100469,2205,home,returning,6,COD,medium,10,19,Wed,0
ORD102602,1001,apparel,new,0,UPI,medium,4,14,Sun,0
ORD107068,947,apparel,new,0,card,low,2,12,Fri,0
ORD100247,568,apparel,new,0,UPI,low,40,20,Fri,0
ORD102276,4277,home,returning,6,UPI,low,3,0,Fri,0
ORD106033,9197,electronics,returning,6,card,low,19,3,Mon,0
ORD100865,220,grocery,returning,3,card,medium,18,17,Sun,0
ORD100761,18110,electronics,returning,8,UPI,high,0,9,Fri,0
ORD106365,1173,apparel,returning,9,netbanking,low,40,21,Sun,0
ORD104034,26580,electronics,returning,8,UPI,low,11,10,Sat,0
ORD100425,699,beauty,returning,5,COD,high,9,11,Mon,0
ORD103193,620,beauty,new,0,UPI,high,3,8,Sat,0
ORD105830,2925,home,new,0,UPI,low,30,14,Wed,0
ORD100228,3238,home,new,0,COD,high,16,18,Thu,0
ORD104515,795,apparel,returning,4,COD,low,10,18,Wed,0
ORD107882,3526,apparel,returning,3,COD,high,10,17,Wed,1
ORD100693,2053,apparel,new,0,netbanking,low,17,23,Tue,0
ORD101041,4649,home,new,0,UPI,low,32,12,Fri,1
ORD103096,11694,electronics,new,0,wallet,low,7,16,Fri,0
ORD103050,427,grocery,returning,9,card,medium,29,17,Wed,0
ORD101595,318,beauty,new,0,COD,high,20,18,Thu,0
ORD102549,951,apparel,returning,7,card,medium,9,10,Tue,0
ORD107617,863,beauty,returning,6,card,high,3,9,Sat,1
ORD107993,351,grocery,returning,11,card,high,26,13,Wed,0
ORD106061,746,apparel,new,0,COD,medium,52,1,Fri,0
ORD105125,10277,electronics,returning,10,card,low,51,0,Sun,0
ORD101128,1442,home,returning,5,UPI,low,32,19,Sat,0
ORD105132,14245,electronics,returning,5,UPI,medium,8,1,Fri,0
ORD100058,6149,electronics,new,0,wallet,low,13,3,Tue,0
ORD105752,1432,beauty,returning,7,card,high,1,4,Sun,0
ORD104313,1846,beauty,new,0,UPI,low,1,17,Mon,0
ORD101199,676,beauty,new,0,card,low,46,21,Tue,0
ORD103688,5964,home,new,0,wallet,low,17,8,Sat,0
ORD104894,2439,beauty,returning,4,card,low,4,23,Wed,0
ORD100096,1578,apparel,returning,10,netbanking,low,2,7,Mon,0
ORD105729,1297,apparel,new,0,UPI,medium,9,14,Mon,0
ORD100960,3002,home,returning,9,card,low,2,19,Wed,0
ORD107779,768,beauty,returning,9,COD,medium,5,6,Sun,0
ORD100877,1065,apparel,returning,9,card,medium,17,9,Fri,0
ORD106656,12000,home,new,0,UPI,medium,16,11,Wed,0
ORD102087,1250,apparel,returning,11,card,medium,0,20,Wed,0
ORD105958,5846,home,new,0,COD,medium,2,22,Wed,0
ORD100611,6785,home,returning,8,netbanking,high,27,6,Wed,1
ORD101979,10142,electronics,new,0,wallet,low,20,13,Tue,1
ORD101188,6323,electronics,new,0,netbanking,medium,5,11,Fri,0
ORD104233,970,beauty,new,0,UPI,low,22,4,Sun,0
ORD107114,852,beauty,returning,7,UPI,low,17,10,Sun,0
ORD102357,2130,home,returning,9,card,low,11,11,Fri,0
ORD104119,888,apparel,returning,6,card,low,2,23,Thu,0
ORD100592,1401,apparel,new,0,UPI,medium,11,17,Tue,0
ORD107930,1293,apparel,new,0,UPI,low,14,18,Fri,1
ORD107954,2333,beauty,new,0,card,medium,47,1,Tue,1
ORD106550,462,grocery,returning,7,netbanking,medium,4,19,Wed,0
ORD104306,2961,home,returning,12,netbanking,medium,23,8,Wed,0
ORD104127,2195,apparel,returning,10,card,medium,3,10,Mon,0
ORD100847,1049,beauty,returning,3,wallet,medium,5,12,Fri,0
ORD100624,465,grocery,returning,7,netbanking,medium,24,16,Fri,0
ORD103908,530,home,returning,5,COD,low,5,16,Sat,0
ORD103238,1353,apparel,returning,6,UPI,low,35,2,Tue,0
ORD102272,1432,beauty,returning,10,card,low,17,20,Fri,0
ORD106123,1794,apparel,returning,10,card,low,1,15,Tue,0
ORD103753,1410,beauty,returning,13,wallet,medium,15,7,Fri,0
ORD100756,1690,apparel,returning,6,netbanking,low,17,12,Tue,0
ORD105707,4000,beauty,new,0,wallet,medium,25,18,Sun,0
ORD101480,1638,apparel,returning,5,UPI,high,4,1,Sat,0
ORD103771,458,grocery,returning,3,card,medium,4,2,Wed,0
ORD102641,2199,beauty,new,0,COD,low,4,1,Sun,0
ORD103334,1234,apparel,returning,6,card,medium,2,1,Tue,0
ORD107656,1764,beauty,returning,6,UPI,medium,30,1,Fri,0
ORD105018,6697,home,returning,5,netbanking,low,10,15,Thu,0
ORD105706,586,grocery,returning,9,COD,low,3,8,Fri,0
ORD104562,517,apparel,new,0,COD,medium,32,20,Thu,1
ORD103006,2258,home,returning,6,UPI,medium,52,21,Tue,1
ORD103977,7978,electronics,returning,8,COD,low,1,0,Tue,0
ORD105636,788,apparel,new,0,COD,low,4,23,Thu,0
ORD101971,398,grocery,returning,2,card,low,2,11,Sat,0
ORD102718,7200,electronics,new,0,card,low,3,22,Mon,0
ORD103898,13075,electronics,new,0,UPI,medium,0,21,Sun,0
ORD107956,3000,apparel,returning,5,card,low,26,22,Sat,0
ORD101024,2259,home,new,0,COD,low,16,19,Wed,0
ORD102829,2005,beauty,new,0,netbanking,low,3,1,Fri,0
ORD100752,1052,apparel,new,0,UPI,low,13,3,Thu,1
ORD101313,8403,electronics,returning,5,card,low,1,16,Mon,0
ORD106589,2425,home,new,0,UPI,medium,8,18,Wed,0
ORD107508,5196,home,returning,5,UPI,medium,12,17,Fri,0
ORD105532,4602,home,returning,6,card,low,22,20,Sat,0
ORD103065,1162,apparel,returning,6,COD,low,7,12,Tue,0
ORD100561,2319,apparel,returning,6,UPI,low,13,0,Tue,0
ORD102464,1346,apparel,new,0,card,low,4,0,Wed,1
ORD104271,4815,apparel,returning,9,UPI,low,5,1,Thu,0
ORD104320,972,beauty,returning,7,UPI,medium,16,8,Thu,0
ORD107691,976,apparel,returning,5,UPI,medium,25,4,Sat,0
ORD101047,656,beauty,returning,1,UPI,low,37,4,Thu,0
ORD103103,1461,beauty,returning,6,card,low,4,16,Wed,0
ORD101385,7578,electronics,returning,7,card,medium,9,6,Sat,0
ORD100414,8350,electronics,new,0,COD,low,3,17,Sat,0
ORD104002,1836,grocery,returning,6,netbanking,medium,1,11,Tue,0
ORD102002,381,grocery,new,0,UPI,low,3,7,Thu,0
ORD103114,1295,apparel,returning,14,UPI,high,1,8,Sun,0
ORD107469,2869,home,returning,10,card,medium,26,10,Sat,0
ORD102662,4557,apparel,returning,3,UPI,high,4,21,Tue,0
ORD104139,443,beauty,returning,4,UPI,low,14,22,Tue,0
ORD106951,657,grocery,returning,9,netbanking,high,4,11,Wed,0
ORD102996,2101,home,returning,8,COD,low,34,2,Sun,0
ORD100842,1348,home,returning,9,COD,low,5,22,Fri,0
ORD101832,935,apparel,returning,8,UPI,high,12,15,Tue,0
ORD102447,2577,apparel,returning,7,COD,low,15,19,Fri,0
ORD101253,2055,home,new,0,card,medium,11,7,Sat,0
ORD105395,1329,apparel,new,0,UPI,high,20,13,Fri,0
ORD104464,14731,electronics,new,0,card,low,53,18,Wed,0
ORD106492,1369,beauty,returning,5,UPI,medium,3,9,Wed,0
ORD105889,21931,electronics,new,0,card,high,29,15,Tue,0
ORD105670,3948,home,returning,6,card,low,25,0,Thu,0
ORD100378,1034,apparel,new,0,COD,low,3,21,Mon,1
ORD106827,295,grocery,returning,8,UPI,high,1,18,Thu,0
ORD106648,1045,grocery,returning,8,card,medium,20,22,Sat,0
ORD104294,1049,beauty,returning,3,card,high,7,3,Sat,0
ORD104860,12000,home,new,0,netbanking,high,21,5,Wed,0
ORD101731,14280,electronics,returning,4,card,high,9,13,Fri,0
ORD104463,542,grocery,new,0,card,low,0,9,Mon,0
ORD103044,882,beauty,returning,4,UPI,low,7,0,Sat,0
ORD104370,1445,apparel,returning,12,card,low,37,1,Sat,0
ORD105219,2982,electronics,returning,9,COD,low,6,3,Thu,0
ORD103768,2739,home,returning,7,netbanking,medium,5,8,Tue,0
ORD102753,13163,electronics,returning,7,netbanking,high,2,10,Tue,0
ORD106334,1326,beauty,returning,7,netbanking,high,9,8,Sun,0
ORD101454,1081,apparel,returning,7,COD,low,4,4,Sat,0
ORD103298,3539,apparel,returning,8,UPI,medium,17,21,Sat,0
ORD104701,1460,apparel,returning,8,UPI,high,1,5,Thu,0
ORD103406,1905,home,returning,2,COD,high,27,2,Sun,0
ORD101175,1145,beauty,returning,11,card,low,41,0,Wed,0
ORD104074,20321,electronics,returning,9,UPI,low,31,12,Sat,0
ORD101438,649,grocery,returning,4,card,medium,27,3,Fri,0
ORD101995,597,beauty,new,0,COD,low,46,18,Sat,0
ORD103833,3055,apparel,new,0,COD,low,8,4,Sat,0
ORD106660,2002,apparel,returning,5,card,low,6,0,Mon,0
ORD100547,7374,electronics,new,0,UPI,low,9,3,Sat,0
ORD105970,875,apparel,returning,8,card,low,9,5,Fri,1
ORD103357,1045,apparel,new,0,UPI,low,30,23,Mon,0
ORD103185,10187,electronics,returning,9,wallet,low,16,3,Wed,0
ORD100172,1192,apparel,new,0,UPI,medium,6,3,Fri,0
ORD104937,1321,beauty,returning,9,COD,high,3,10,Fri,0
ORD103519,1174,beauty,returning,8,UPI,medium,26,14,Tue,0
ORD105011,2490,home,returning,4,netbanking,medium,7,12,Sat,0
ORD101593,1272,apparel,returning,5,UPI,high,3,1,Fri,0
ORD105436,1690,beauty,returning,5,card,medium,1,16,Thu,0
ORD107989,774,grocery,returning,5,card,low,16,2,Sat,0
ORD107862,16765,electronics,returning,6,card,low,0,8,Wed,0
ORD104800,2616,apparel,returning,9,netbanking,high,6,16,Sun,0
ORD106637,1126,beauty,returning,2,COD,high,2,8,Thu,0
ORD105294,1717,beauty,returning,7,netbanking,low,18,18,Wed,0
ORD106647,42101,electronics,returning,8,netbanking,low,6,4,Tue,0
ORD107273,672,apparel,new,0,card,medium,10,8,Thu,0
ORD101038,3725,apparel,new,0,card,high,20,0,Fri,1
ORD100323,3754,home,returning,5,card,high,5,20,Thu,0
ORD104081,1286,apparel,new,0,wallet,low,16,0,Mon,0
ORD104951,1318,beauty,returning,8,netbanking,low,10,2,Wed,0
ORD104767,1000,home,returning,5,COD,low,23,17,Tue,0
ORD100893,5485,electronics,new,0,COD,low,19,14,Sun,0
ORD105100,3189,home,new,0,COD,low,3,0,Fri,0
ORD101215,2998,home,new,0,wallet,low,10,16,Fri,0
ORD107205,2610,apparel,new,0,COD,medium,27,1,Thu,0
ORD104539,2427,apparel,returning,9,UPI,high,4,7,Tue,0
ORD107281,15742,electronics,new,0,card,high,22,3,Sat,0
ORD107814,2743,home,new,0,UPI,high,8,4,Sun,0
ORD101129,678,grocery,returning,13,card,high,10,12,Mon,1
ORD105216,753,apparel,returning,5,UPI,high,4,22,Sun,0
ORD105955,504,home,new,0,wallet,medium,9,19,Thu,0
ORD107051,556,apparel,new,0,COD,low,18,22,Fri,0
ORD100664,525,apparel,returning,1,UPI,high,32,20,Mon,0
ORD100208,9069,electronics,new,0,COD,low,37,3,Fri,1
ORD107064,2158,apparel,returning,9,card,medium,8,0,Tue,0
ORD101739,1060,beauty,new,0,UPI,high,8,12,Sun,0
ORD100798,1330,beauty,new,0,UPI,high,4,8,Sun,1
ORD100088,11394,electronics,returning,5,UPI,low,8,8,Tue,0
ORD100734,9752,electronics,new,0,UPI,medium,4,1,Thu,0
ORD105733,243,grocery,returning,7,UPI,low,12,16,Sun,1
ORD103649,168,grocery,returning,5,card,medium,24,0,Sat,0
ORD101174,5423,home,returning,10,card,medium,9,10,Thu,0
ORD105187,6045,home,new,0,card,medium,13,11,Mon,0
ORD101153,5970,electronics,new,0,card,low,3,2,Mon,0
ORD107866,9871,electronics,new,0,netbanking,medium,49,10,Fri,0
ORD107450,1357,apparel,returning,9,wallet,high,19,23,Sun,0
ORD101097,2255,beauty,new,0,UPI,medium,31,4,Tue,0
ORD100548,908,beauty,returning,7,card,medium,20,21,Sun,0
ORD107925,16146,electronics,new,0,COD,low,2,20,Tue,1
ORD106720,1516,apparel,new,0,UPI,low,5,22,Sat,0
ORD104921,15810,electronics,new,0,card,low,6,23,Wed,0
ORD106862,3309,electronics,returning,8,UPI,low,7,9,Sun,0
ORD102650,991,grocery,returning,6,card,high,11,19,Sat,0
ORD105345,8982,electronics,new,0,card,low,8,17,Sat,0
ORD104883,453,apparel,returning,8,COD,low,2,13,Sun,0
ORD107787,3045,beauty,returning,7,COD,medium,8,11,Mon,0
ORD105169,3974,apparel,new,0,UPI,medium,11,9,Sun,0
ORD107300,1230,apparel,new,0,UPI,low,32,12,Fri,0
ORD106727,2106,apparel,returning,11,wallet,medium,30,1,Mon,0
ORD102268,2379,beauty,returning,6,card,medium,24,10,Wed,0
ORD101671,2289,home,returning,11,UPI,low,0,6,Thu,0
ORD100937,6552,electronics,new,0,UPI,low,7,15,Fri,0
ORD107038,516,grocery,new,0,card,low,1,7,Fri,0
ORD102670,3029,home,returning,7,UPI,low,4,21,Wed,0
ORD102778,1126,apparel,new,0,UPI,low,2,18,Sun,0
ORD103164,3058,home,returning,7,UPI,low,2,22,Sat,0
ORD104692,444,beauty,returning,4,card,medium,3,12,Sun,0
ORD104771,490,apparel,new,0,card,low,14,9,Sun,0
ORD104376,527,beauty,returning,6,UPI,low,13,5,Mon,0
ORD104766,2543,home,new,0,card,low,0,10,Sun,0
ORD104999,9988,home,new,0,UPI,medium,15,0,Mon,0
ORD103528,2001,beauty,returning,9,card,low,20,20,Sun,0
ORD106803,3020,apparel,returning,6,UPI,low,22,13,Sat,0
ORD100620,651,beauty,new,0,card,low,4,7,Mon,0
ORD101452,745,grocery,returning,6,card,low,6,23,Mon,0
ORD107528,4962,apparel,new,0,UPI,low,2,0,Sat,0
ORD104112,2233,beauty,new,0,COD,medium,41,5,Mon,0
ORD104857,2717,home,new,0,UPI,low,32,2,Fri,1
ORD100478,1717,home,returning,8,card,low,12,2,Thu,0
ORD101894,2537,apparel,returning,5,card,medium,16,3,Sat,0
ORD105748,364,grocery,returning,7,netbanking,low,15,18,Fri,0
ORD101718,1708,home,returning,7,COD,low,26,18,Sat,0
ORD103501,3140,home,new,0,UPI,medium,7,2,Fri,0
ORD103413,16408,electronics,new,0,UPI,low,8,2,Tue,1
ORD100286,8946,electronics,new,0,wallet,high,4,15,Tue,0
ORD100550,1572,apparel,returning,8,COD,low,4,23,Thu,0
ORD106706,12564,electronics,returning,7,UPI,low,9,19,Tue,0
ORD105516,14807,electronics,new,0,UPI,low,24,17,Thu,1
ORD102842,1641,apparel,returning,8,card,medium,4,14,Tue,0
ORD101783,6265,electronics,returning,11,wallet,low,5,11,Sat,1
ORD101425,523,apparel,returning,4,UPI,medium,2,12,Fri,0
ORD106636,2718,electronics,returning,8,COD,medium,3,5,Tue,0
ORD102589,3019,apparel,returning,3,UPI,low,16,6,Sun,0
ORD105194,470,grocery,returning,6,COD,medium,16,22,Sat,0
ORD105012,4278,electronics,new,0,UPI,medium,22,13,Fri,1
ORD106918,715,apparel,returning,10,netbanking,low,20,15,Thu,0
ORD101616,34462,electronics,returning,6,card,low,8,11,Sat,0
ORD106496,1230,apparel,new,0,UPI,low,0,6,Wed,0
ORD107133,3034,apparel,new,0,card,medium,1,6,Mon,0
ORD102481,971,apparel,returning,6,card,low,33,1,Thu,0
ORD102651,679,apparel,returning,7,UPI,low,16,9,Sat,1
ORD103105,2447,home,returning,9,card,low,10,6,Sun,0
ORD101784,6000,apparel,returning,9,UPI,low,23,7,Fri,0
ORD101575,878,apparel,returning,8,UPI,low,7,19,Sun,0
ORD104886,5319,electronics,returning,7,card,low,27,0,Sun,0
ORD104639,1100,apparel,returning,8,card,low,3,17,Sun,0
ORD100701,539,apparel,returning,11,COD,low,2,14,Tue,0
ORD104842,4179,apparel,returning,11,UPI,medium,33,12,Tue,0
ORD106215,7211,electronics,returning,4,netbanking,high,7,4,Thu,0
ORD104246,1516,grocery,returning,3,card,low,9,13,Wed,0
ORD106960,1682,apparel,returning,13,COD,low,1,17,Thu,1
ORD102521,3887,home,new,0,UPI,medium,2,9,Mon,0
ORD102354,1093,apparel,new,0,card,low,79,21,Fri,0
ORD104739,3146,home,new,0,card,low,2,6,Sun,0
ORD102225,2566,apparel,returning,7,card,medium,2,10,Sat,0
ORD101020,886,grocery,returning,6,COD,low,11,23,Sun,0
ORD100248,1571,apparel,returning,7,COD,low,0,18,Wed,0
ORD102264,2307,home,returning,3,UPI,low,4,22,Sat,0
ORD103707,2316,home,returning,6,netbanking,high,15,3,Sun,0
ORD100296,368,grocery,returning,6,card,low,33,20,Tue,0
ORD102663,1716,apparel,returning,9,UPI,low,24,22,Thu,0
ORD103000,1444,beauty,returning,5,UPI,medium,39,3,Mon,0
ORD106338,5374,electronics,returning,4,card,low,18,15,Thu,0
ORD107321,8885,electronics,returning,9,UPI,low,49,22,Sun,1
ORD100100,842,grocery,returning,6,wallet,high,7,4,Sun,0
ORD104629,1253,apparel,returning,7,UPI,low,8,8,Thu,0
ORD104773,6000,apparel,returning,14,UPI,medium,36,11,Thu,0
ORD103838,1651,beauty,returning,2,wallet,high,39,1,Thu,0
ORD102858,1207,beauty,returning,3,netbanking,low,18,2,Sun,0
ORD102291,2607,beauty,returning,6,UPI,medium,4,18,Sun,1
ORD104693,283,grocery,returning,7,UPI,low,39,22,Fri,0
ORD105049,514,grocery,returning,7,netbanking,high,32,21,Fri,0
ORD103370,1567,grocery,new,0,netbanking,medium,3,1,Tue,1
ORD101370,24261,electronics,returning,5,netbanking,medium,1,15,Tue,0
ORD106626,5174,home,returning,5,card,low,17,21,Sat,0
ORD107618,396,beauty,new,0,UPI,medium,2,22,Mon,0
ORD103872,22515,electronics,new,0,card,low,34,3,Sat,0
ORD106823,6184,electronics,returning,10,UPI,low,12,12,Sat,0
ORD103358,4148,home,new,0,netbanking,low,19,15,Fri,0
ORD107605,1345,grocery,returning,6,UPI,low,13,10,Sat,0
ORD106395,769,beauty,new,0,wallet,low,2,7,Mon,0
ORD106486,522,apparel,new,0,netbanking,low,52,8,Sun,0
ORD101566,8945,electronics,returning,5,card,low,10,18,Tue,0
ORD106691,12579,electronics,returning,7,UPI,medium,9,3,Tue,0
ORD105372,12796,electronics,returning,5,UPI,low,62,5,Sat,0
ORD106676,1967,apparel,returning,10,card,medium,4,11,Wed,0
ORD105064,439,grocery,new,0,wallet,low,3,9,Thu,0
ORD106627,2416,home,new,0,UPI,medium,11,13,Mon,0
ORD101181,26738,electronics,returning,3,UPI,high,3,12,Fri,0
ORD101375,25287,electronics,returning,4,UPI,medium,45,15,Fri,0
ORD107485,1589,beauty,returning,6,card,low,8,11,Tue,0
ORD101544,3331,apparel,returning,6,netbanking,medium,23,21,Thu,0
ORD101992,3378,apparel,returning,7,card,low,6,23,Sat,0
ORD104169,1174,apparel,new,0,wallet,low,2,4,Sat,0
ORD105908,1162,apparel,returning,6,UPI,low,4,14,Sun,0
ORD106618,749,apparel,returning,6,UPI,medium,6,12,Sun,0
ORD105856,2562,home,new,0,card,low,67,22,Thu,0
ORD101558,3952,home,returning,4,UPI,low,8,17,Mon,0
ORD103620,11150,home,new,0,COD,medium,16,3,Tue,0
ORD102627,1030,apparel,new,0,card,low,4,20,Wed,0
ORD106582,954,beauty,returning,6,card,medium,6,7,Tue,0
ORD100418,21918,electronics,returning,5,COD,medium,8,9,Fri,1
ORD105608,1209,apparel,returning,5,UPI,medium,1,13,Thu,0
ORD101782,1271,apparel,new,0,card,medium,1,6,Sun,0
ORD103248,309,grocery,returning,7,UPI,medium,39,4,Fri,0
ORD106678,3746,electronics,returning,3,COD,high,5,3,Sun,0
ORD104962,1193,apparel,new,0,COD,medium,1,1,Thu,0
ORD107945,695,apparel,returning,7,netbanking,medium,2,4,Tue,1
ORD100293,18055,electronics,returning,10,UPI,medium,31,21,Thu,0
ORD105848,8699,electronics,new,0,UPI,low,27,19,Tue,0
ORD103647,2134,apparel,returning,7,UPI,low,19,2,Fri,1
ORD107030,20350,electronics,new,0,card,medium,20,0,Sun,1
ORD106587,325,grocery,new,0,COD,medium,20,13,Tue,0
ORD105798,2020,home,returning,11,wallet,low,3,15,Thu,0
ORD107539,761,apparel,returning,8,UPI,low,0,17,Thu,0
ORD101149,837,grocery,returning,6,card,medium,28,3,Sat,0
ORD101755,3450,home,new,0,wallet,medium,22,8,Tue,0
ORD106808,3016,apparel,returning,9,card,medium,24,23,Mon,0
ORD101721,1704,apparel,returning,7,card,low,43,21,Fri,0
ORD106422,4302,home,returning,7,card,low,43,19,Wed,0
ORD106050,1998,apparel,new,0,UPI,medium,19,12,Mon,0
ORD103527,5908,electronics,new,0,card,high,1,16,Sat,1
ORD102571,11549,home,returning,7,UPI,high,17,15,Sun,0
ORD102348,5490,electronics,returning,7,UPI,low,10,6,Fri,0
ORD105709,1746,home,new,0,card,low,7,18,Wed,0
ORD104454,2550,home,new,0,UPI,low,29,4,Sun,1
ORD102312,1427,apparel,returning,8,UPI,medium,5,2,Mon,0
ORD107043,586,apparel,returning,8,COD,medium,6,12,Wed,0
ORD105149,1155,apparel,returning,8,UPI,medium,9,19,Sun,0
ORD106630,4588,home,new,0,UPI,low,31,13,Fri,0
ORD104102,2755,home,new,0,card,medium,17,17,Thu,0
ORD106812,1974,apparel,returning,8,card,medium,9,13,Sun,0
ORD104908,759,beauty,new,0,UPI,medium,5,22,Sat,1
ORD100373,1950,apparel,returning,5,UPI,low,33,12,Mon,0
ORD106279,8548,electronics,returning,9,card,medium,28,21,Wed,0
ORD105783,1463,grocery,returning,10,card,medium,15,3,Sun,0
ORD101867,5075,electronics,returning,3,UPI,low,10,13,Wed,0
ORD104392,11050,home,new,0,card,medium,1,0,Sun,0
ORD105459,8419,electronics,new,0,wallet,low,57,2,Sat,0
ORD101746,648,beauty,new,0,UPI,low,18,20,Sun,0
ORD104786,2864,apparel,returning,10,UPI,low,27,14,Sun,0
ORD104251,14863,electronics,returning,11,card,low,16,9,Sun,0
ORD102288,15869,electronics,new,0,wallet,low,18,3,Mon,0
ORD103033,965,apparel,returning,8,wallet,low,3,6,Thu,0
ORD102638,422,beauty,returning,2,UPI,low,7,21,Sun,0
ORD101393,5264,electronics,returning,8,UPI,medium,4,10,Wed,0
ORD100812,178,grocery,new,0,card,low,80,2,Fri,0
ORD105060,9181,electronics,returning,2,UPI,low,2,2,Tue,0
ORD106110,13357,electronics,returning,5,COD,high,3,16,Mon,0
ORD106364,910,grocery,returning,8,COD,medium,43,0,Mon,0
ORD101720,5271,electronics,returning,9,UPI,low,18,11,Wed,0
ORD104588,2670,home,returning,6,UPI,medium,6,13,Tue,0
ORD103532,1686,apparel,returning,6,UPI,low,31,7,Sat,0
ORD107265,5317,electronics,new,0,COD,low,11,8,Sun,0
ORD100921,2508,beauty,returning,6,wallet,high,1,8,Sat,0
ORD100322,2796,apparel,returning,12,card,high,12,14,Tue,0
ORD107213,3262,home,returning,8,wallet,medium,10,1,Fri,0
ORD106913,605,beauty,new,0,COD,high,7,3,Sat,0
ORD106188,2077,home,new,0,card,medium,11,2,Fri,0
ORD103469,1113,grocery,returning,6,card,medium,23,5,Sun,0
ORD105366,997,apparel,new,0,COD,medium,14,23,Sun,0
ORD104993,3108,apparel,returning,7,card,medium,6,17,Sat,0
ORD100231,2331,apparel,new,0,netbanking,high,6,8,Sun,0
ORD101941,1400,apparel,returning,7,UPI,high,5,7,Fri,0
ORD106880,7606,electronics,returning,6,netbanking,high,36,16,Tue,0
ORD107979,2780,apparel,new,0,COD,low,31,11,Thu,0
ORD101115,26205,electronics,new,0,UPI,low,7,7,Thu,0
ORD106093,2086,home,new,0,UPI,medium,13,5,Wed,1
ORD101467,1751,apparel,new,0,COD,low,11,18,Sun,0
ORD105768,635,apparel,new,0,UPI,medium,0,0,Tue,0
ORD105714,15599,electronics,returning,5,COD,low,13,14,Sun,0
ORD101578,970,grocery,new,0,card,medium,48,5,Sun,0
ORD106958,1764,apparel,returning,10,card,medium,10,3,Tue,0
ORD106861,1000,grocery,new,0,UPI,high,12,13,Sat,0
ORD106202,1229,home,new,0,card,low,13,12,Sat,0
ORD101450,1893,beauty,new,0,UPI,low,12,21,Mon,0
ORD105067,1577,apparel,returning,7,card,low,6,19,Wed,0
ORD103049,1158,apparel,new,0,COD,medium,1,7,Mon,0
ORD107601,830,grocery,new,0,UPI,low,6,4,Fri,0
ORD106128,4118,home,returning,4,netbanking,low,9,14,Fri,0
ORD107824,101,grocery,new,0,wallet,low,3,10,Fri,0
ORD101488,789,grocery,returning,7,card,low,3,2,Mon,0
ORD107278,1891,home,new,0,UPI,low,16,6,Fri,0
ORD105488,5936,apparel,returning,8,netbanking,high,14,9,Mon,0
ORD105274,1084,apparel,returning,12,netbanking,medium,2,20,Thu,0
ORD107827,12329,electronics,new,0,netbanking,low,16,0,Tue,0
ORD105648,2485,apparel,returning,7,card,low,18,2,Fri,0
ORD100265,7143,electronics,new,0,UPI,high,20,11,Sun,0
ORD101451,4325,home,returning,7,card,high,4,18,Fri,0
ORD103608,11573,electronics,returning,11,UPI,low,7,23,Mon,0
ORD104982,1427,apparel,returning,8,UPI,high,2,20,Mon,1
ORD102899,1295,apparel,returning,8,card,low,43,17,Sun,0
ORD107811,3412,home,new,0,UPI,high,3,15,Sun,0
ORD100838,1248,apparel,returning,14,card,low,1,2,Mon,0
ORD100014,2843,apparel,returning,9,wallet,medium,9,2,Sun,0
ORD103918,1579,home,new,0,UPI,low,3,11,Thu,0
ORD104617,4096,home,returning,7,UPI,low,8,12,Tue,0
ORD107376,7291,electronics,returning,6,netbanking,low,40,2,Tue,0
ORD100008,14486,electronics,returning,10,COD,medium,18,7,Wed,0
ORD102905,4183,home,returning,5,card,medium,4,13,Thu,0
ORD102249,1467,apparel,returning,9,UPI,medium,0,0,Tue,0
ORD106034,244,grocery,returning,6,card,medium,29,3,Sat,0
ORD107701,6159,home,new,0,COD,low,30,21,Sun,0
ORD103680,1106,beauty,returning,6,wallet,medium,1,17,Sat,0
ORD100339,1340,grocery,returning,9,netbanking,low,1,3,Mon,0
ORD100121,3596,home,returning,5,netbanking,low,4,15,Thu,0
ORD105458,5731,electronics,new,0,card,medium,11,18,Tue,0
ORD106399,2069,beauty,new,0,UPI,low,2,19,Tue,0
ORD106411,1899,beauty,returning,6,card,low,12,11,Sat,0
ORD101372,844,apparel,returning,7,UPI,low,9,14,Sun,0
ORD100622,713,grocery,returning,5,card,low,21,16,Mon,0
ORD107914,1181,grocery,new,0,COD,low,10,16,Mon,0
ORD102499,698,apparel,new,0,card,high,32,22,Tue,0
ORD104328,1039,beauty,returning,7,card,medium,15,8,Tue,0
ORD103720,1283,home,returning,4,COD,low,4,13,Sat,0
ORD104998,1600,apparel,returning,12,card,low,11,18,Wed,0
ORD103143,7909,electronics,returning,12,card,medium,25,3,Fri,0
ORD101410,1264,beauty,new,0,UPI,medium,21,9,Wed,0
ORD104482,639,beauty,new,0,UPI,low,54,20,Sat,0
ORD102821,975,home,new,0,card,medium,8,4,Mon,0
ORD100889,1467,beauty,returning,8,COD,medium,4,14,Mon,0
ORD106252,1369,apparel,returning,4,wallet,low,26,23,Tue,0
ORD107108,823,apparel,returning,8,UPI,high,35,7,Wed,0
ORD107536,2924,home,returning,6,COD,high,12,4,Sat,0
ORD107879,820,grocery,returning,5,UPI,medium,32,8,Fri,0
ORD100196,1157,home,returning,6,netbanking,low,0,3,Mon,0
ORD106438,342,grocery,new,0,UPI,medium,42,16,Thu,0
ORD104055,863,beauty,new,0,card,low,7,20,Fri,0
ORD100415,1491,apparel,new,0,UPI,medium,45,0,Sat,1
ORD103217,13740,electronics,new,0,card,medium,7,22,Tue,0
ORD107212,2314,home,returning,7,COD,low,43,19,Sun,0
ORD104663,11283,electronics,new,0,netbanking,low,10,7,Tue,0
ORD100432,1304,beauty,new,0,COD,low,48,8,Wed,0
ORD106192,12527,electronics,returning,7,netbanking,high,2,15,Tue,0
ORD103939,5217,electronics,new,0,card,low,19,12,Sat,0
ORD103454,940,grocery,new,0,COD,medium,8,8,Tue,0
ORD107546,7497,home,new,0,card,low,6,3,Tue,0
ORD103734,10584,electronics,returning,6,netbanking,medium,24,22,Sun,0
ORD102157,1447,apparel,new,0,netbanking,low,4,8,Wed,0
ORD105430,1192,apparel,returning,8,netbanking,medium,6,7,Fri,0
ORD105628,35250,electronics,new,0,card,medium,12,2,Thu,1
ORD102280,1604,apparel,returning,5,card,low,3,18,Sat,1
ORD106712,2565,apparel,returning,6,wallet,high,2,23,Sun,0
ORD107225,7158,electronics,returning,4,card,medium,34,13,Mon,0
ORD103071,735,grocery,returning,8,card,low,2,17,Tue,0
ORD101195,23866,electronics,returning,6,COD,low,8,7,Wed,1
ORD103481,1150,beauty,returning,13,UPI,medium,21,8,Tue,0
ORD101219,11008,electronics,new,0,UPI,low,9,3,Mon,0
ORD102648,2074,home,returning,11,UPI,low,24,23,Mon,1
ORD102457,8139,electronics,returning,9,UPI,low,14,3,Mon,0
ORD105123,4079,home,returning,5,netbanking,medium,13,8,Wed,0
ORD104325,1940,home,returning,4,wallet,low,16,12,Sun,0
ORD106852,2416,beauty,new,0,card,low,1,10,Fri,0
ORD105357,1362,apparel,new,0,COD,low,19,13,Sat,0
ORD101897,793,apparel,returning,4,UPI,high,7,6,Wed,0
ORD103984,2239,apparel,returning,1,UPI,high,10,19,Tue,0
ORD101706,12631,electronics,new,0,COD,low,6,8,Fri,0
ORD101158,4746,apparel,returning,9,COD,high,6,13,Wed,0
ORD104086,3964,home,new,0,wallet,low,17,8,Fri,0
ORD106286,2507,home,returning,5,UPI,low,28,19,Fri,0
ORD104373,15059,electronics,returning,9,netbanking,low,6,21,Mon,0
ORD107804,1318,apparel,returning,7,card,medium,6,13,Wed,0
ORD104382,5621,apparel,new,0,card,low,23,23,Mon,0
ORD101870,2545,apparel,returning,4,wallet,low,2,8,Tue,0
ORD105814,3103,home,returning,4,UPI,high,8,8,Sat,0
ORD101864,5283,home,new,0,COD,high,14,8,Tue,0
ORD104537,322,grocery,new,0,COD,high,9,18,Tue,0
ORD107443,6443,electronics,new,0,UPI,high,7,8,Thu,0
ORD100904,498,grocery,returning,7,card,low,30,14,Sun,0
ORD107504,2361,home,new,0,card,low,0,8,Mon,0
ORD104830,1463,home,returning,4,card,medium,6,7,Sun,0
ORD101886,7648,electronics,returning,9,card,low,4,14,Sun,0
ORD107802,823,apparel,returning,10,COD,low,34,20,Sun,0
ORD105210,3023,apparel,returning,9,netbanking,medium,32,11,Tue,0
ORD101565,1006,apparel,returning,8,UPI,low,42,2,Sat,0
ORD103795,2781,home,returning,7,UPI,low,12,13,Thu,0
ORD107533,22240,electronics,new,0,UPI,low,15,11,Thu,0
ORD104209,37348,electronics,returning,6,card,medium,7,16,Tue,0
ORD106139,1061,apparel,new,0,netbanking,high,30,13,Tue,0
ORD103221,913,beauty,new,0,COD,low,63,8,Wed,0
ORD103296,473,beauty,new,0,UPI,medium,12,12,Fri,0
ORD102623,196,grocery,new,0,UPI,low,19,19,Tue,0
ORD104561,2605,apparel,new,0,wallet,high,1,17,Sat,1
ORD102399,1835,home,new,0,netbanking,medium,0,14,Sun,0
ORD105257,3155,apparel,returning,8,wallet,high,3,4,Sat,0
ORD102303,4776,apparel,new,0,UPI,low,7,20,Mon,0
ORD105193,12000,home,new,0,UPI,medium,47,1,Fri,1
ORD104302,934,grocery,new,0,card,high,64,15,Sat,0
ORD106153,2687,apparel,new,0,UPI,high,9,1,Sun,0
ORD104615,564,apparel,new,0,UPI,low,11,20,Fri,1
ORD100254,2032,apparel,returning,5,wallet,high,29,21,Wed,0
ORD105281,1592,apparel,returning,6,UPI,low,5,13,Thu,0
ORD101113,599,grocery,returning,5,UPI,medium,9,16,Tue,0
ORD102260,2753,beauty,new,0,UPI,medium,9,1,Tue,1
ORD100221,990,apparel,returning,9,card,low,23,3,Tue,0
ORD100267,19341,electronics,new,0,COD,high,3,10,Tue,1
ORD100107,985,apparel,returning,4,UPI,high,12,15,Sat,0
ORD101226,1756,apparel,new,0,UPI,medium,26,20,Wed,1
ORD105711,1859,home,returning,7,wallet,high,9,4,Sat,0
ORD105570,8102,electronics,new,0,wallet,low,1,8,Fri,0
ORD101512,3685,home,returning,6,card,low,45,9,Thu,0
ORD105035,10964,electronics,new,0,COD,high,4,19,Sun,0
ORD103203,1573,home,returning,5,wallet,low,5,21,Fri,0
ORD104428,946,apparel,new,0,UPI,medium,10,7,Tue,0
ORD104101,5250,home,returning,7,UPI,low,8,0,Sun,0
ORD103693,2991,home,returning,5,card,medium,7,5,Fri,0
ORD107361,1647,beauty,new,0,card,medium,22,0,Fri,0
ORD101210,1605,beauty,new,0,UPI,low,3,10,Wed,0
ORD105307,1545,apparel,new,0,card,low,4,0,Thu,0
ORD102957,12950,electronics,returning,7,COD,low,16,16,Thu,0
ORD105979,765,home,returning,9,netbanking,low,13,5,Fri,0
ORD107753,1227,beauty,new,0,netbanking,low,10,19,Fri,0
ORD105492,1458,apparel,returning,5,card,medium,21,8,Sat,0
ORD100376,1620,grocery,new,0,netbanking,medium,7,1,Sat,0
ORD102115,593,grocery,returning,8,COD,high,3,13,Sun,0
ORD107219,6396,electronics,new,0,card,low,4,14,Fri,0
ORD100755,570,apparel,returning,13,UPI,high,8,16,Thu,0
ORD100291,7031,electronics,returning,7,card,high,23,8,Mon,0
ORD102995,1194,apparel,returning,6,wallet,low,20,22,Sun,0
ORD104058,2345,apparel,new,0,wallet,high,31,5,Thu,1
ORD101543,5798,electronics,new,0,UPI,low,7,12,Mon,0
ORD104160,7298,home,returning,7,card,low,13,3,Mon,0
ORD104925,2162,apparel,returning,10,COD,low,7,17,Tue,0
ORD101201,4318,home,returning,1,COD,high,2,8,Sat,0
ORD107478,2210,apparel,returning,6,COD,medium,38,0,Sat,0
ORD101536,812,beauty,new,0,wallet,high,4,8,Sat,0
ORD107592,1274,beauty,new,0,netbanking,high,10,3,Mon,0
ORD104597,14476,electronics,new,0,COD,low,9,15,Sat,0
ORD100501,574,grocery,returning,8,COD,low,3,14,Sun,0
ORD104679,657,grocery,returning,9,card,medium,36,6,Sat,0
ORD103106,3148,apparel,returning,9,card,low,2,16,Wed,0
ORD102647,1174,beauty,new,0,card,low,24,6,Wed,0
ORD101539,2024,apparel,new,0,UPI,low,6,1,Sat,0
ORD104475,3343,home,returning,4,COD,low,1,12,Mon,0
ORD104709,1857,apparel,returning,3,card,medium,16,11,Sat,0
ORD107406,229,grocery,new,0,card,low,8,12,Sun,0
ORD100672,738,grocery,returning,5,card,medium,21,22,Sat,0
ORD106904,1305,apparel,returning,4,COD,medium,54,10,Wed,0
ORD106672,9118,home,returning,12,UPI,low,15,8,Tue,0
ORD104204,566,beauty,returning,8,COD,medium,20,2,Wed,0
ORD106980,294,grocery,new,0,UPI,low,7,15,Wed,0
ORD107615,3188,beauty,new,0,card,low,9,6,Tue,0
ORD106276,11292,electronics,new,0,UPI,medium,10,1,Sat,0
ORD106820,2175,home,returning,8,UPI,low,39,21,Tue,0
ORD107962,536,beauty,returning,4,UPI,low,6,8,Fri,0
ORD106429,4159,electronics,returning,8,UPI,medium,17,5,Sun,0
ORD107207,5709,electronics,new,0,card,medium,8,12,Thu,0
ORD100216,12699,electronics,returning,8,UPI,low,8,11,Thu,0
ORD104604,831,beauty,returning,8,COD,low,18,1,Sat,1
ORD105425,3945,home,new,0,UPI,low,1,20,Tue,0
ORD100421,8374,electronics,returning,5,card,low,11,13,Mon,1
ORD100505,849,beauty,new,0,UPI,medium,3,4,Tue,0
ORD105316,4167,electronics,new,0,UPI,low,31,21,Mon,0
ORD107115,1740,grocery,new,0,UPI,low,5,1,Wed,0
ORD104458,17934,electronics,returning,5,UPI,low,22,16,Fri,0
ORD103070,20672,electronics,returning,12,UPI,low,2,9,Sun,0
ORD101582,3340,apparel,new,0,COD,low,0,14,Sat,1
ORD100506,6000,apparel,returning,6,UPI,low,26,16,Sun,0
ORD102177,338,beauty,new,0,COD,high,7,19,Sun,0
ORD107685,1337,beauty,new,0,COD,high,3,22,Tue,1
ORD107002,5713,home,new,0,UPI,medium,6,15,Sun,0
ORD104844,2626,apparel,returning,6,UPI,medium,6,21,Sun,0
ORD106478,2394,apparel,new,0,card,low,11,22,Mon,0
ORD107451,1101,apparel,new,0,UPI,low,27,17,Sat,0
ORD101965,10360,electronics,returning,7,UPI,high,2,7,Mon,0
ORD104140,1956,apparel,new,0,wallet,low,54,15,Mon,0
ORD103611,2824,apparel,new,0,COD,low,13,3,Tue,0
ORD104098,828,beauty,new,0,card,low,7,19,Sun,0
ORD103350,15045,electronics,returning,7,wallet,medium,15,3,Wed,0
ORD106468,935,grocery,returning,3,UPI,medium,22,0,Thu,0
ORD105130,826,apparel,returning,5,UPI,high,23,12,Sat,0
ORD102577,610,grocery,returning,6,COD,medium,25,22,Sat,0
ORD100347,4417,apparel,returning,5,UPI,high,6,12,Wed,0
ORD107065,847,beauty,returning,10,UPI,low,8,13,Mon,0
ORD106715,1000,beauty,new,0,COD,low,4,16,Fri,0
ORD100333,791,grocery,returning,13,UPI,low,36,17,Sat,0
ORD104827,1642,apparel,returning,6,card,low,8,15,Sat,0
ORD107955,2809,home,returning,4,COD,low,17,21,Thu,0
ORD103393,3875,electronics,new,0,card,medium,10,0,Sat,1
ORD106590,1082,apparel,returning,12,COD,low,5,16,Wed,0
ORD107001,948,grocery,returning,9,COD,low,10,7,Wed,0
ORD106173,929,apparel,new,0,UPI,high,8,15,Sun,1
ORD103621,1474,apparel,returning,12,card,low,3,11,Mon,0
ORD105520,1310,apparel,returning,8,COD,low,2,23,Fri,0
ORD100746,1251,apparel,returning,8,COD,low,2,4,Thu,0
ORD101563,453,grocery,returning,7,UPI,low,18,12,Fri,0
ORD107922,589,beauty,returning,9,UPI,low,19,8,Mon,0
ORD103307,8743,electronics,returning,13,card,low,14,21,Thu,0
ORD102275,17394,electronics,returning,9,card,medium,37,20,Tue,0
ORD106870,649,beauty,new,0,wallet,medium,11,9,Fri,0
ORD102333,10808,electronics,returning,4,UPI,medium,9,1,Tue,0
ORD105896,8917,electronics,returning,1,UPI,high,13,9,Mon,0
ORD106386,1295,apparel,returning,6,COD,low,26,10,Sat,0
ORD100259,1864,home,returning,9,UPI,low,31,23,Mon,0
ORD107328,1225,apparel,returning,11,COD,low,12,18,Thu,0
ORD105704,1556,home,new,0,UPI,low,14,9,Wed,0
ORD105312,1838,apparel,returning,3,UPI,high,18,14,Fri,0
ORD106787,1157,beauty,returning,7,COD,high,9,14,Mon,0
ORD100380,2945,home,new,0,netbanking,low,7,23,Tue,0
ORD105168,5814,electronics,returning,10,UPI,low,15,5,Sun,0
ORD102569,287,grocery,new,0,UPI,low,2,21,Tue,0
ORD102227,12322,electronics,returning,6,wallet,low,1,13,Wed,0
ORD100599,2167,home,returning,6,UPI,medium,3,4,Sat,0
ORD101844,16179,electronics,returning,9,UPI,low,2,18,Fri,0
ORD100045,1153,beauty,returning,10,card,low,1,2,Mon,0
ORD101652,2381,apparel,returning,9,UPI,low,24,7,Tue,0
ORD105117,701,beauty,returning,10,card,high,2,4,Fri,0
ORD105324,9166,electronics,returning,6,COD,high,2,19,Sun,1
ORD105322,659,grocery,returning,7,card,low,10,4,Thu,0
ORD104381,5751,apparel,new,0,UPI,medium,12,12,Tue,0
ORD107651,1568,apparel,returning,9,netbanking,medium,0,6,Sat,0
ORD102691,505,apparel,returning,5,netbanking,medium,3,15,Mon,0
ORD102310,1961,grocery,new,0,COD,low,28,18,Fri,0
ORD103790,2170,apparel,returning,4,UPI,low,7,13,Wed,0
ORD107018,45000,electronics,returning,7,card,low,18,5,Mon,0
ORD104015,5963,home,new,0,netbanking,low,23,10,Tue,0
ORD106634,595,beauty,returning,6,wallet,low,6,18,Sat,0
ORD105688,1756,beauty,new,0,card,medium,29,17,Sun,0
ORD103360,1824,apparel,returning,5,COD,medium,9,9,Mon,0
ORD106274,18249,electronics,new,0,COD,low,43,17,Wed,0
ORD102851,663,apparel,new,0,card,low,11,8,Sun,0
ORD104446,1369,apparel,returning,8,UPI,low,11,3,Sun,0
ORD105819,1718,apparel,new,0,netbanking,low,1,1,Fri,0
ORD101298,490,beauty,new,0,UPI,medium,28,11,Sun,0
ORD100426,2075,apparel,returning,9,COD,high,3,18,Sun,0
ORD103441,12001,electronics,new,0,card,low,6,17,Sat,0
ORD100805,4915,electronics,new,0,UPI,high,1,0,Sat,0
ORD102273,578,beauty,returning,7,COD,low,21,0,Tue,0
ORD100410,3210,home,new,0,card,high,9,9,Thu,0
ORD106693,1571,beauty,returning,7,wallet,medium,19,5,Sat,0
ORD102462,8350,electronics,returning,10,UPI,medium,10,17,Sun,0
ORD100438,2087,beauty,returning,3,card,low,15,3,Thu,0
ORD107130,1678,apparel,new,0,UPI,medium,26,23,Sat,0
ORD100434,4912,electronics,new,0,wallet,low,1,3,Wed,0
ORD105265,12164,electronics,new,0,UPI,medium,12,20,Sun,0
ORD100751,587,apparel,new,0,card,medium,3,2,Tue,0
ORD101952,1017,beauty,returning,6,card,high,5,17,Sat,0
ORD102133,326,grocery,new,0,card,high,14,0,Tue,0
ORD105013,694,beauty,returning,9,wallet,medium,5,19,Sun,0
ORD103159,1686,apparel,new,0,UPI,medium,32,1,Fri,0
ORD104775,10288,electronics,returning,9,card,medium,4,22,Tue,0
ORD107835,6000,apparel,returning,8,UPI,low,2,23,Sun,0
ORD106475,15713,electronics,new,0,card,low,33,19,Sun,1
ORD100626,551,beauty,returning,7,UPI,medium,10,4,Sat,0
ORD101775,2872,home,new,0,card,high,38,5,Sat,0
ORD103039,3937,home,returning,4,UPI,low,13,16,Sun,0
ORD102178,1582,apparel,returning,6,UPI,medium,7,19,Tue,0
ORD101223,1227,home,returning,9,UPI,high,4,0,Wed,0
ORD100210,774,beauty,returning,15,UPI,low,74,23,Tue,0
ORD106134,1159,apparel,new,0,card,medium,13,11,Tue,0
ORD103961,16824,electronics,new,0,card,medium,10,23,Wed,0
ORD106822,1176,apparel,new,0,card,medium,56,21,Sun,0
ORD100110,1156,apparel,returning,3,UPI,medium,24,14,Tue,0
ORD100051,16899,electronics,returning,5,netbanking,medium,13,11,Tue,0
ORD101499,1109,home,new,0,netbanking,medium,1,13,Sun,0
ORD101109,24437,electronics,new,0,UPI,medium,4,8,Sat,0
ORD101464,3119,home,new,0,COD,low,5,19,Tue,0
ORD107775,1305,apparel,returning,6,card,high,13,1,Thu,0
ORD102036,248,grocery,returning,9,card,high,1,22,Sun,0
ORD100652,3137,home,returning,3,COD,low,7,9,Thu,0
ORD102337,1340,apparel,new,0,UPI,medium,15,22,Fri,0
ORD102726,979,beauty,new,0,card,low,19,22,Sun,0
ORD105597,789,apparel,returning,9,wallet,low,3,14,Sun,0
ORD104774,8094,electronics,returning,7,UPI,medium,31,20,Thu,0
ORD101795,851,apparel,returning,7,wallet,medium,1,19,Sat,0
ORD101702,4447,apparel,returning,8,UPI,low,1,14,Mon,0
ORD106440,792,apparel,returning,10,UPI,low,8,13,Sun,0
ORD102669,526,apparel,new,0,wallet,medium,24,0,Fri,0
ORD104591,777,apparel,returning,4,COD,low,1,1,Fri,0
ORD105157,10366,home,new,0,card,low,51,7,Fri,0
ORD102941,995,apparel,new,0,UPI,low,24,4,Tue,0
ORD106924,1202,apparel,new,0,UPI,low,12,21,Mon,0
ORD106482,498,grocery,returning,11,netbanking,low,52,12,Mon,0
ORD106217,829,beauty,new,0,COD,medium,6,2,Sat,1
ORD106266,12700,electronics,returning,4,UPI,low,33,4,Mon,0
ORD104824,1623,apparel,returning,7,wallet,low,26,4,Thu,0
ORD105876,4790,home,returning,6,card,low,1,15,Sun,0
ORD105965,1246,apparel,new,0,card,medium,14,8,Wed,0
ORD103975,11513,electronics,returning,8,UPI,low,21,10,Thu,0
ORD102510,1271,apparel,new,0,card,high,2,23,Sun,1
ORD102083,17552,electronics,new,0,UPI,low,6,9,Wed,0
ORD101872,296,grocery,new,0,card,low,24,12,Thu,1
ORD105579,679,beauty,new,0,netbanking,high,71,1,Thu,0
ORD104667,2410,apparel,new,0,wallet,medium,11,5,Fri,1
ORD101918,4426,home,new,0,netbanking,high,3,11,Sun,0
ORD107902,1203,grocery,returning,6,netbanking,medium,63,23,Sat,0
ORD103728,618,beauty,returning,6,COD,low,22,17,Thu,0
ORD103836,1309,beauty,new,0,UPI,medium,5,17,Sat,0
ORD106408,2150,home,returning,11,COD,high,5,11,Sat,0
ORD104840,879,grocery,returning,4,COD,low,3,5,Thu,0
ORD106105,648,grocery,new,0,COD,medium,13,9,Thu,0
ORD106483,633,beauty,returning,9,wallet,low,0,19,Sat,0
ORD103209,38674,electronics,returning,5,wallet,medium,11,20,Wed,0
ORD106066,1126,apparel,returning,8,UPI,low,1,18,Tue,1
ORD105561,1336,apparel,returning,8,netbanking,low,18,0,Sun,0
ORD100565,3974,home,new,0,UPI,medium,3,10,Wed,0
ORD102183,8795,electronics,new,0,card,medium,7,10,Thu,0
ORD106412,1504,apparel,new,0,COD,medium,8,13,Fri,0
ORD102034,5642,electronics,new,0,card,low,0,2,Fri,0
ORD100640,472,beauty,returning,8,card,low,20,7,Mon,0
ORD102445,1853,home,returning,10,UPI,low,24,5,Sun,0
ORD102412,1734,apparel,returning,7,COD,low,16,3,Mon,1
ORD104003,883,apparel,new,0,UPI,medium,19,13,Fri,0
ORD100730,1565,apparel,new,0,UPI,low,2,12,Sat,0
ORD105789,1266,apparel,new,0,card,low,80,4,Thu,1
ORD104947,980,beauty,returning,4,UPI,medium,39,9,Sun,0
ORD105296,1050,grocery,returning,9,card,low,12,7,Tue,0
ORD103479,1385,home,returning,7,UPI,low,0,20,Wed,0
ORD102166,390,grocery,returning,9,card,low,7,22,Sun,0
ORD106940,3236,beauty,new,0,wallet,low,15,4,Wed,0
ORD107634,8461,electronics,returning,7,COD,medium,22,18,Mon,0
ORD100325,2925,home,returning,9,card,high,12,12,Sun,0
ORD105021,1438,beauty,returning,8,COD,medium,42,2,Thu,0
ORD105159,1938,apparel,returning,6,netbanking,high,4,13,Mon,0
ORD100290,521,beauty,returning,14,card,medium,4,8,Tue,0
ORD101747,2995,home,returning,5,UPI,low,10,18,Mon,0
ORD103176,1003,grocery,returning,6,UPI,low,4,20,Thu,0
ORD107029,1122,grocery,new,0,card,medium,1,10,Mon,0
ORD102750,877,apparel,new,0,UPI,low,10,22,Sun,0
ORD102372,4592,apparel,returning,4,UPI,high,7,10,Tue,0
ORD104477,1023,apparel,returning,6,UPI,medium,7,0,Fri,0
ORD107752,678,grocery,returning,6,card,low,1,0,Sun,0
ORD103102,1691,grocery,returning,10,UPI,low,8,18,Sat,0
ORD105292,721,grocery,returning,8,card,medium,27,17,Sun,0
ORD103464,1229,beauty,returning,5,UPI,medium,6,17,Wed,0
ORD104372,2000,home,returning,4,card,low,4,3,Tue,0
ORD107500,4714,home,returning,2,UPI,low,10,17,Thu,0
ORD106714,4933,home,new,0,netbanking,medium,25,6,Sun,0
ORD105091,2591,beauty,new,0,netbanking,medium,7,9,Wed,1
ORD107569,611,grocery,returning,6,COD,low,14,12,Sun,0
ORD103708,4561,apparel,returning,3,card,low,11,9,Sun,0
ORD107936,15542,electronics,new,0,UPI,low,29,8,Mon,0
ORD100371,2181,apparel,returning,4,card,low,8,11,Sat,0
ORD103477,758,grocery,returning,9,netbanking,low,25,16,Sun,0
ORD102389,5352,electronics,new,0,card,low,24,1,Fri,0
ORD106318,997,apparel,new,0,COD,low,47,22,Thu,0
ORD106284,1582,beauty,returning,3,UPI,low,20,12,Fri,0
ORD104487,5792,electronics,new,0,UPI,medium,28,12,Thu,0
ORD101360,3515,home,returning,10,UPI,low,3,20,Sat,0
ORD100911,697,grocery,returning,4,card,high,13,3,Fri,0
ORD105141,6229,home,returning,7,UPI,medium,2,23,Sun,0
ORD104295,847,apparel,new,0,card,low,14,20,Sat,0
ORD104602,677,grocery,new,0,UPI,low,0,21,Sat,0
ORD100964,871,grocery,returning,8,COD,high,8,8,Mon,0
ORD101423,3590,apparel,new,0,card,low,0,21,Tue,0
ORD100122,13561,electronics,new,0,UPI,low,18,17,Tue,0
ORD100479,3296,apparel,returning,4,UPI,medium,3,21,Thu,0
ORD100662,10530,electronics,returning,7,card,high,35,6,Fri,0
ORD106692,490,grocery,new,0,COD,low,8,13,Sun,0
ORD102189,271,grocery,returning,7,UPI,medium,5,16,Fri,0
ORD105214,2466,apparel,returning,5,COD,low,20,22,Sun,0
ORD102131,419,beauty,new,0,netbanking,low,2,12,Sat,0
ORD100439,12000,home,returning,6,UPI,medium,33,15,Sat,0
ORD101379,730,apparel,returning,4,wallet,low,2,17,Wed,0
ORD104379,18683,electronics,new,0,card,low,10,12,Sat,1
ORD104335,31496,electronics,returning,9,card,high,8,22,Sun,0
ORD101477,562,grocery,returning,7,UPI,low,27,21,Sun,0
ORD106749,1131,beauty,returning,7,wallet,low,7,7,Sun,0
ORD101173,1173,beauty,returning,6,COD,medium,6,5,Tue,0
ORD104534,7614,home,new,0,UPI,low,51,19,Tue,0
ORD103948,760,grocery,returning,7,COD,low,5,10,Fri,0
ORD103085,1875,apparel,returning,7,card,medium,9,5,Wed,0
ORD100279,851,grocery,returning,7,wallet,low,1,0,Mon,0
ORD102580,10000,electronics,new,0,netbanking,low,3,6,Wed,0
ORD101101,3301,apparel,new,0,card,medium,25,2,Tue,0
ORD106224,3975,home,returning,5,netbanking,high,4,11,Mon,0
ORD102142,755,beauty,returning,7,card,medium,15,12,Sat,0
ORD103317,6691,electronics,new,0,UPI,low,2,21,Sun,0
ORD102423,9573,electronics,new,0,card,medium,14,5,Fri,0
ORD106285,3868,home,returning,5,wallet,medium,28,16,Thu,0
ORD105070,1899,apparel,new,0,card,low,8,2,Sun,0
ORD100577,1270,home,returning,6,COD,high,5,17,Wed,0
ORD100059,15154,electronics,returning,8,card,low,22,22,Fri,0
ORD100787,827,apparel,returning,8,UPI,low,7,15,Sun,0
ORD102543,1348,apparel,returning,5,card,low,3,17,Sun,0
ORD105831,1635,apparel,returning,5,UPI,low,7,15,Sat,1
ORD105108,1998,home,new,0,wallet,medium,0,17,Sat,0
ORD104304,12428,electronics,new,0,COD,medium,2,10,Wed,0
ORD107084,3068,home,returning,8,COD,medium,6,17,Fri,0
ORD105360,1732,home,new,0,COD,high,57,20,Tue,0
ORD107511,5795,home,returning,7,card,low,14,23,Sat,0
ORD107553,1609,apparel,returning,9,netbanking,high,17,21,Sun,0
ORD103907,806,grocery,returning,4,netbanking,high,1,19,Mon,0
ORD106403,5942,home,returning,7,card,medium,47,12,Wed,0
ORD102470,2236,apparel,returning,11,UPI,high,9,4,Wed,0
ORD102515,1335,beauty,new,0,UPI,medium,17,4,Mon,0
ORD100420,3640,home,returning,10,UPI,low,43,3,Sat,0
ORD100553,1216,grocery,new,0,COD,high,80,7,Wed,0
ORD101397,377,grocery,returning,6,UPI,low,10,2,Sat,0
ORD102407,1228,apparel,returning,3,UPI,high,11,8,Wed,0
ORD106828,2600,home,new,0,card,low,5,7,Mon,0
ORD101760,1165,apparel,returning,4,card,medium,10,0,Sat,0
ORD107521,2125,apparel,new,0,card,medium,13,18,Fri,0
ORD100297,438,beauty,new,0,UPI,medium,12,17,Mon,0
ORD100443,9785,electronics,returning,8,UPI,low,21,22,Fri,0
ORD103538,6475,electronics,returning,6,wallet,medium,3,20,Mon,0
ORD101119,158,grocery,returning,4,card,medium,3,3,Fri,0
ORD102673,1077,apparel,returning,4,UPI,low,2,7,Thu,0
ORD102605,8593,electronics,new,0,UPI,low,21,19,Sat,0
ORD101921,1514,apparel,new,0,UPI,medium,1,4,Tue,0
ORD100655,1821,apparel,new,0,card,low,35,13,Sat,0
ORD104708,6160,electronics,new,0,COD,low,9,12,Tue,0
ORD105531,650,beauty,returning,5,COD,low,4,14,Tue,0
ORD103043,1369,apparel,returning,7,card,low,18,5,Wed,0
ORD104239,3658,home,returning,7,COD,low,13,12,Sat,0
ORD106704,1747,apparel,new,0,COD,low,10,17,Fri,1
ORD106220,2333,apparel,new,0,card,low,3,2,Wed,0
ORD106739,1485,apparel,new,0,netbanking,low,7,16,Mon,0
ORD100907,22817,electronics,new,0,wallet,medium,1,2,Mon,0
ORD101433,21610,electronics,returning,8,UPI,low,14,1,Thu,0
ORD104412,435,beauty,returning,3,COD,low,5,20,Fri,0
ORD105964,1540,beauty,returning,5,UPI,low,2,7,Mon,0
ORD100926,17915,electronics,returning,6,UPI,low,3,6,Thu,0
ORD103196,2987,home,returning,8,card,medium,10,18,Thu,0
ORD100015,4040,apparel,new,0,card,medium,24,14,Wed,0
ORD107286,1000,beauty,new,0,UPI,high,7,16,Fri,0
ORD107323,700,grocery,returning,7,card,low,12,20,Wed,0
ORD104934,9513,home,returning,9,netbanking,medium,8,18,Tue,0
ORD105587,2041,apparel,returning,6,UPI,low,17,13,Sun,0
ORD103922,2471,apparel,new,0,UPI,low,18,3,Mon,0
ORD101362,3238,home,returning,11,card,low,32,16,Sat,0
ORD101212,6326,home,returning,12,UPI,medium,2,14,Fri,0
ORD102517,1217,apparel,returning,6,COD,low,5,5,Mon,0
ORD103034,411,grocery,returning,5,netbanking,low,44,8,Tue,0
ORD106221,7012,electronics,new,0,netbanking,medium,8,11,Sun,0
ORD106329,2934,apparel,returning,7,COD,low,3,8,Sun,0
ORD106519,1459,apparel,returning,12,COD,medium,21,11,Wed,0
ORD103892,4193,home,new,0,UPI,medium,30,22,Fri,0
ORD101833,5396,electronics,new,0,UPI,medium,22,11,Sat,0
ORD104991,562,grocery,returning,12,wallet,low,5,16,Wed,0
ORD101859,974,apparel,new,0,card,low,7,23,Wed,0
ORD103204,597,grocery,returning,5,wallet,low,3,19,Tue,0
ORD104012,649,grocery,returning,4,netbanking,low,16,4,Mon,0
ORD105719,10670,electronics,returning,8,wallet,medium,14,9,Tue,0
ORD100387,818,grocery,returning,6,netbanking,low,17,8,Mon,0
ORD105111,2510,home,returning,4,UPI,medium,19,13,Tue,0
ORD101032,4870,home,returning,7,netbanking,low,9,14,Tue,0
ORD105482,765,apparel,returning,7,COD,medium,21,8,Tue,0
ORD106384,16145,electronics,returning,6,UPI,low,13,15,Sat,0
ORD103834,1044,apparel,returning,5,netbanking,medium,25,2,Wed,0
ORD100931,2209,apparel,returning,4,wallet,high,51,3,Sat,0
ORD104235,7590,electronics,returning,7,card,low,27,5,Sun,0
ORD100691,730,grocery,new,0,UPI,low,5,14,Sun,0
ORD101891,473,beauty,returning,8,UPI,medium,13,15,Sun,0
ORD103757,576,apparel,returning,5,card,low,30,15,Mon,0
ORD104332,30635,electronics,returning,8,netbanking,low,9,9,Sun,0
ORD106361,2479,home,returning,11,UPI,medium,14,21,Fri,0
ORD102492,26268,electronics,new,0,COD,low,3,2,Wed,0
ORD106769,3455,apparel,returning,7,card,low,4,17,Wed,0
ORD102263,38368,electronics,new,0,UPI,low,6,22,Wed,0
ORD107057,19461,electronics,new,0,netbanking,medium,4,5,Sat,0
ORD103395,1424,grocery,new,0,COD,medium,13,1,Sun,0
ORD105040,906,apparel,returning,6,COD,low,2,2,Mon,0
ORD103014,559,apparel,new,0,COD,low,12,21,Sat,0
ORD105974,840,grocery,returning,5,netbanking,medium,42,7,Thu,0
ORD107852,12000,home,new,0,COD,high,3,1,Thu,1
ORD100063,850,beauty,new,0,UPI,low,2,0,Fri,0
ORD104803,1367,apparel,new,0,COD,low,13,0,Mon,1
ORD103424,17479,electronics,returning,5,card,low,0,3,Wed,0
ORD104125,13553,electronics,returning,9,card,low,4,20,Wed,0
ORD105014,25759,electronics,new,0,card,medium,8,13,Thu,0
ORD105388,714,apparel,new,0,card,high,6,15,Tue,0
ORD104210,1407,beauty,returning,5,netbanking,low,12,22,Fri,0
ORD103412,1771,home,new,0,COD,low,14,3,Sat,0
ORD105681,627,apparel,returning,14,COD,low,10,1,Fri,0
ORD102698,974,apparel,returning,5,card,low,16,1,Tue,0
ORD106804,430,grocery,new,0,UPI,medium,19,6,Thu,0
ORD101860,1935,home,returning,8,wallet,low,2,15,Thu,0
ORD105128,1384,grocery,returning,7,card,medium,20,11,Sat,0
ORD107937,599,apparel,returning,5,UPI,low,5,11,Sun,0
ORD102833,713,beauty,returning,6,COD,low,2,6,Thu,0
ORD100252,3367,apparel,new,0,UPI,low,0,5,Thu,0
ORD103815,2795,apparel,new,0,COD,low,7,14,Sun,0
ORD106609,6208,electronics,returning,7,wallet,low,16,19,Fri,0
ORD106899,1601,grocery,returning,4,UPI,low,15,17,Sat,0
ORD105781,1012,grocery,new,0,COD,low,17,1,Sun,0
ORD101902,768,beauty,returning,7,card,high,47,17,Sun,0
ORD102119,1524,apparel,new,0,COD,high,31,11,Sun,1
ORD105905,741,grocery,returning,5,UPI,medium,3,21,Mon,0
ORD105527,19863,electronics,new,0,COD,medium,14,14,Fri,0
ORD104567,6149,electronics,new,0,card,medium,5,20,Wed,0
ORD106956,2217,apparel,returning,5,COD,medium,3,8,Sat,0
ORD100430,753,grocery,returning,6,UPI,medium,2,3,Sat,0
ORD104434,2648,home,returning,3,netbanking,high,21,17,Sat,0
ORD107807,1828,apparel,new,0,COD,high,5,0,Wed,1
ORD103710,634,grocery,new,0,wallet,low,8,10,Wed,0
ORD105710,821,beauty,returning,5,UPI,high,17,2,Mon,0
ORD105340,1993,apparel,new,0,netbanking,medium,1,12,Fri,0
ORD106591,847,beauty,returning,4,card,low,1,18,Sun,0
ORD102301,1102,beauty,returning,7,UPI,medium,1,1,Fri,0
ORD105019,1142,apparel,new,0,card,low,5,18,Sun,0
ORD100783,1595,home,returning,7,COD,low,5,2,Sat,0
ORD101354,596,grocery,new,0,card,low,15,1,Tue,0
ORD104456,4686,electronics,returning,5,netbanking,low,16,12,Tue,0
ORD100977,2016,apparel,new,0,wallet,low,13,13,Sun,0
ORD100809,567,grocery,returning,7,card,low,0,6,Sun,0
ORD102168,1594,apparel,new,0,wallet,medium,13,0,Sun,0
ORD101599,591,apparel,returning,8,netbanking,medium,6,17,Sun,0
ORD106807,1451,grocery,new,0,UPI,high,3,3,Sat,0
ORD103127,11196,electronics,returning,11,UPI,high,13,15,Fri,0
ORD102818,2529,apparel,returning,7,UPI,low,37,9,Sun,0
ORD101482,1530,home,returning,10,card,high,23,4,Wed,0
ORD105537,1979,home,returning,9,card,low,13,5,Fri,0
ORD102095,2063,apparel,returning,9,COD,medium,3,6,Tue,1
ORD107024,4547,electronics,returning,9,wallet,medium,4,10,Thu,0
ORD101357,999,apparel,new,0,COD,low,21,1,Fri,0
ORD104674,6973,home,new,0,UPI,low,17,13,Sat,0
ORD102879,21702,electronics,returning,5,netbanking,medium,21,22,Mon,0
ORD103862,5917,home,returning,8,UPI,medium,0,15,Tue,0
ORD103184,45000,electronics,returning,7,UPI,medium,11,14,Mon,1
ORD106686,469,grocery,new,0,card,low,21,4,Sat,0
ORD103154,11473,electronics,new,0,UPI,medium,0,23,Wed,1
ORD103260,12963,electronics,returning,6,card,low,6,4,Sat,1
ORD107943,1478,home,returning,6,card,low,47,17,Sat,0
ORD100029,1693,beauty,returning,5,card,medium,21,6,Sat,0
ORD107619,665,beauty,returning,5,card,low,16,13,Tue,0
ORD103098,2153,apparel,new,0,UPI,high,18,20,Sun,1
ORD101092,1486,apparel,returning,5,card,low,18,0,Sat,0
ORD100124,15951,electronics,returning,5,wallet,low,10,9,Thu,0
ORD104231,11767,electronics,returning,10,UPI,low,0,23,Sun,0
ORD105844,1636,apparel,new,0,UPI,medium,11,9,Wed,0
ORD103016,936,grocery,returning,5,card,medium,3,13,Fri,0
ORD104897,1575,home,returning,4,COD,high,13,21,Fri,0
ORD102298,7192,electronics,returning,6,card,low,17,21,Sun,0
ORD105093,3092,apparel,returning,6,card,medium,7,12,Tue,0
ORD101553,2257,apparel,returning,10,wallet,medium,13,15,Thu,0
ORD106811,3349,apparel,returning,7,UPI,medium,13,11,Sun,0
ORD100598,561,grocery,returning,9,card,low,46,4,Wed,0
ORD101416,5509,home,returning,4,card,low,29,23,Thu,0
ORD103686,2096,apparel,returning,8,card,low,15,20,Sun,0
ORD104128,809,beauty,returning,7,UPI,medium,23,21,Sat,0
ORD104706,10647,electronics,returning,4,card,low,2,0,Sat,0
ORD105573,754,grocery,returning,8,UPI,high,6,2,Fri,0
ORD102197,906,home,new,0,COD,low,4,20,Sun,1
ORD103880,438,beauty,returning,4,COD,medium,31,7,Sun,0
ORD107461,2520,home,returning,5,netbanking,medium,48,3,Tue,0
ORD100808,1577,home,new,0,UPI,medium,6,23,Sun,0
ORD107720,11455,electronics,returning,7,card,low,2,17,Thu,0
ORD100958,1654,apparel,returning,11,UPI,high,6,15,Wed,0
ORD104984,1604,apparel,new,0,UPI,low,10,14,Sat,0
ORD104747,2915,home,returning,3,UPI,medium,5,8,Mon,0
ORD100834,1174,beauty,new,0,UPI,low,4,20,Mon,1
ORD106120,33787,electronics,returning,10,COD,medium,2,5,Tue,0
ORD102576,1024,beauty,returning,6,card,low,2,3,Sun,0
ORD101235,12156,electronics,new,0,card,low,3,6,Sun,0
ORD107859,1202,beauty,new,0,UPI,medium,7,6,Thu,0
ORD103001,3428,home,returning,9,netbanking,medium,22,6,Wed,0
ORD107139,10178,electronics,returning,9,card,low,1,16,Fri,0
ORD106207,4935,apparel,returning,10,netbanking,high,4,8,Thu,0
ORD104900,4849,apparel,returning,4,card,high,20,14,Mon,0
ORD102908,1190,grocery,new,0,card,low,2,9,Sun,0
ORD104847,2025,home,returning,8,card,low,10,15,Fri,0
ORD101657,762,beauty,returning,4,UPI,low,2,18,Thu,0
ORD106824,7172,home,returning,6,UPI,low,3,5,Sun,1
ORD100452,2556,beauty,returning,11,UPI,low,3,10,Sun,0
ORD106100,3779,home,returning,7,UPI,high,54,15,Fri,0
ORD103316,1817,beauty,returning,5,UPI,low,23,13,Thu,0
ORD100422,7332,electronics,returning,7,card,low,18,14,Sun,0
ORD101220,21319,electronics,returning,11,UPI,medium,1,14,Tue,0
ORD107460,814,apparel,returning,2,UPI,medium,5,21,Wed,1
ORD104377,18143,electronics,new,0,card,low,2,7,Thu,0
ORD100102,2164,apparel,returning,4,COD,medium,4,17,Sun,0
ORD101580,1069,grocery,new,0,wallet,low,1,5,Thu,0
ORD106111,615,apparel,returning,4,card,low,4,6,Sat,0
ORD102206,1097,beauty,new,0,card,medium,9,10,Wed,1
ORD100170,388,apparel,returning,6,UPI,medium,16,19,Sat,0
ORD107974,610,beauty,returning,9,UPI,low,18,13,Sat,0
ORD101310,1335,apparel,new,0,card,low,5,0,Sat,0
ORD107198,299,beauty,returning,5,COD,low,4,1,Tue,0
ORD102284,17164,electronics,new,0,netbanking,low,0,23,Sun,0
ORD105737,3487,home,new,0,COD,medium,64,6,Fri,1
ORD107080,1452,beauty,returning,9,netbanking,low,10,18,Wed,0
ORD104607,27670,electronics,new,0,wallet,high,22,14,Fri,1
ORD107033,12388,electronics,new,0,UPI,medium,21,19,Mon,0
ORD101935,27688,electronics,new,0,card,low,9,17,Tue,0
ORD106204,12975,electronics,returning,4,UPI,low,14,19,Fri,0
ORD107327,701,apparel,returning,6,UPI,medium,0,20,Tue,0
ORD102728,2003,apparel,new,0,wallet,high,4,12,Sun,0
ORD102045,17081,electronics,returning,8,netbanking,low,29,13,Sat,0
ORD101956,3710,home,new,0,netbanking,medium,76,18,Sat,1
ORD104877,1199,beauty,new,0,card,low,33,16,Thu,0
ORD100799,1052,beauty,returning,8,card,low,12,0,Mon,0
ORD105196,300,apparel,new,0,card,low,11,8,Sat,0
ORD101073,411,grocery,new,0,netbanking,low,0,15,Tue,0
ORD100144,2793,apparel,returning,6,UPI,medium,4,0,Mon,0
ORD101340,5086,electronics,new,0,card,high,3,14,Tue,0
ORD104339,1387,beauty,returning,6,netbanking,high,10,18,Sat,0
ORD103133,5665,electronics,returning,5,COD,low,8,8,Mon,0
ORD102091,359,grocery,new,0,card,medium,4,20,Mon,0
ORD104975,941,apparel,new,0,UPI,high,8,8,Thu,0
ORD104478,1387,beauty,returning,7,UPI,low,3,19,Tue,0
ORD104765,5175,apparel,returning,12,card,medium,4,14,Fri,0
ORD102820,2720,apparel,new,0,COD,low,17,13,Sat,0
ORD101003,12358,electronics,returning,8,UPI,low,38,0,Fri,0
ORD107131,4177,home,new,0,UPI,low,5,13,Fri,0
ORD100555,2057,apparel,new,0,UPI,low,22,15,Sat,0
ORD106743,5857,electronics,new,0,COD,low,2,20,Mon,0
ORD101485,6214,electronics,returning,5,card,low,30,16,Wed,0
ORD105717,561,grocery,new,0,wallet,low,3,17,Sat,0
ORD101272,1251,apparel,new,0,COD,medium,7,10,Mon,0
ORD101411,2500,grocery,returning,5,card,high,8,12,Sun,1
ORD107058,3384,home,returning,5,card,medium,9,12,Sat,0
ORD107312,1755,apparel,returning,4,UPI,low,11,3,Tue,0
ORD106260,413,grocery,new,0,UPI,medium,21,0,Fri,0
ORD104623,523,grocery,returning,7,card,low,1,15,Sun,0
ORD107841,6000,apparel,returning,5,card,low,10,1,Mon,0
ORD103704,15450,electronics,returning,6,COD,medium,7,20,Wed,0
ORD100981,1122,beauty,returning,7,card,low,1,16,Fri,0
ORD106794,2984,home,new,0,UPI,low,13,13,Sat,0
ORD102864,1888,apparel,returning,9,card,low,6,18,Fri,0
ORD107062,2934,apparel,new,0,UPI,medium,7,21,Sat,0
ORD101268,1867,apparel,returning,5,wallet,high,45,5,Mon,0
ORD107794,2233,home,returning,6,card,low,6,2,Thu,0
ORD100268,11048,electronics,returning,4,UPI,medium,26,18,Thu,0
ORD100654,336,grocery,returning,6,COD,low,2,6,Sun,0
ORD102614,1351,apparel,returning,7,UPI,low,28,7,Sun,1
ORD102845,4117,home,returning,6,COD,low,10,12,Wed,0
ORD102917,709,grocery,new,0,UPI,low,11,7,Tue,0
ORD105594,4904,home,returning,5,COD,low,35,5,Mon,0
ORD103487,716,beauty,returning,7,UPI,low,8,21,Mon,0
ORD100589,10511,electronics,new,0,card,medium,19,21,Wed,1
ORD104546,432,grocery,new,0,COD,low,1,14,Fri,0
ORD106414,2738,home,new,0,UPI,medium,10,10,Wed,0
ORD107697,486,beauty,returning,6,card,high,5,7,Wed,0
ORD103933,13164,electronics,new,0,card,low,11,8,Thu,0
ORD106894,10220,electronics,returning,5,COD,low,1,19,Tue,0
ORD105669,2707,beauty,returning,4,card,medium,23,8,Mon,0
ORD101808,1879,apparel,returning,5,card,low,13,6,Thu,0
ORD107797,529,grocery,returning,7,COD,low,7,18,Fri,0
ORD105701,12595,electronics,returning,10,COD,high,3,13,Mon,1
ORD103573,3410,apparel,new,0,UPI,low,21,9,Sat,0
ORD103529,1434,apparel,returning,4,UPI,low,2,14,Thu,1
ORD105380,14899,electronics,returning,5,UPI,medium,4,13,Tue,0
ORD103353,923,apparel,returning,7,card,medium,12,6,Wed,1
ORD103002,2285,apparel,new,0,UPI,medium,0,7,Mon,0
ORD104677,27270,electronics,returning,8,UPI,low,54,5,Sun,0
ORD106943,3154,home,returning,5,UPI,low,1,15,Mon,0
ORD102432,4270,home,returning,7,card,medium,4,7,Sun,0
ORD105507,702,apparel,new,0,UPI,low,2,22,Mon,0
ORD104103,4265,apparel,returning,4,wallet,low,4,21,Sun,0
ORD102932,1432,home,returning,5,netbanking,medium,3,12,Sat,0
ORD105859,1247,apparel,returning,9,card,low,16,1,Sun,1
ORD101611,1173,beauty,new,0,COD,medium,5,8,Mon,0
ORD104280,10137,electronics,returning,3,COD,medium,9,13,Thu,1
ORD105735,311,grocery,returning,9,COD,low,27,8,Mon,0
ORD107762,937,apparel,new,0,UPI,medium,28,2,Sat,1
ORD104348,8677,home,returning,8,UPI,low,7,9,Sat,0
ORD105679,841,apparel,returning,3,UPI,low,5,16,Wed,0
ORD103837,8951,electronics,returning,10,UPI,low,4,17,Fri,0
ORD100605,892,beauty,new,0,wallet,low,9,8,Sun,0
ORD105697,315,grocery,returning,7,UPI,medium,7,0,Wed,0
ORD105900,880,beauty,returning,7,card,medium,3,11,Sun,0
ORD103821,2633,home,returning,3,COD,low,41,13,Mon,0
ORD103749,10782,electronics,returning,10,UPI,high,22,18,Thu,0
ORD105902,13285,electronics,new,0,UPI,high,15,18,Sat,0
ORD107470,4166,electronics,returning,5,card,high,7,2,Tue,1
ORD103780,5814,electronics,new,0,UPI,high,21,5,Sun,0
ORD102155,624,grocery,returning,7,card,medium,11,4,Fri,0
ORD102809,19075,electronics,returning,6,UPI,high,5,0,Mon,0
ORD107659,3699,home,returning,9,UPI,low,10,23,Mon,0
ORD102077,9523,electronics,new,0,UPI,high,5,15,Mon,0
ORD107166,2652,beauty,returning,5,netbanking,high,45,19,Wed,0
ORD106867,4384,electronics,new,0,netbanking,medium,8,6,Thu,0
ORD106579,662,grocery,returning,7,UPI,low,15,17,Sun,0
ORD104772,32886,electronics,new,0,UPI,low,1,20,Wed,0
ORD100584,1188,grocery,returning,7,card,low,3,11,Tue,0
ORD105812,2163,home,returning,14,wallet,low,3,21,Thu,0
ORD102699,826,grocery,returning,5,UPI,low,2,3,Wed,0
ORD102799,1915,beauty,returning,10,COD,low,5,9,Thu,0
ORD106201,1387,apparel,returning,6,card,low,28,22,Wed,0
ORD105113,628,grocery,returning,7,COD,low,0,4,Wed,0
ORD107142,727,beauty,returning,9,COD,low,4,13,Mon,0
ORD106106,1195,grocery,returning,10,card,medium,4,11,Mon,0
ORD106236,1669,apparel,returning,3,netbanking,low,9,22,Wed,0
ORD107702,3552,home,new,0,card,high,9,13,Thu,0
ORD103003,2666,beauty,returning,8,UPI,medium,14,19,Sun,0
ORD104638,5750,electronics,returning,6,UPI,high,22,16,Tue,0
ORD103279,25859,electronics,returning,5,UPI,medium,5,12,Tue,0
ORD107506,533,grocery,new,0,netbanking,high,7,21,Tue,0
ORD103945,387,grocery,returning,7,UPI,low,7,20,Sun,0
ORD106200,3724,home,returning,7,COD,medium,9,7,Thu,0
ORD106897,12763,electronics,new,0,card,low,2,9,Sat,1
ORD105981,6331,home,new,0,COD,low,10,19,Sat,0
ORD103781,1879,beauty,returning,10,UPI,low,40,18,Sun,0
ORD104963,1198,apparel,new,0,UPI,medium,25,3,Sun,0
ORD103443,621,apparel,new,0,wallet,medium,1,14,Fri,0
ORD102117,6260,electronics,new,0,card,low,2,21,Sat,0
ORD104237,836,grocery,returning,8,card,medium,9,19,Fri,0
ORD106081,3521,electronics,new,0,card,low,62,20,Thu,0
ORD104586,2806,home,returning,10,COD,high,13,5,Mon,0
ORD100947,388,grocery,returning,7,netbanking,medium,7,23,Sat,0
ORD107345,6876,home,returning,8,UPI,low,9,10,Sat,0
ORD104299,580,beauty,returning,5,COD,medium,22,12,Sat,0
ORD100883,1646,apparel,returning,6,card,medium,42,21,Sun,0
ORD106969,5215,home,new,0,UPI,low,2,13,Thu,0
ORD105025,2541,home,new,0,card,medium,36,21,Fri,1
ORD107129,2034,apparel,returning,6,COD,high,56,9,Fri,0
ORD107336,2233,home,returning,5,UPI,low,70,15,Mon,0
ORD105910,817,grocery,new,0,COD,low,7,23,Sat,0
ORD105347,1799,beauty,new,0,wallet,low,1,10,Thu,0
ORD104778,1940,apparel,returning,6,netbanking,medium,19,5,Thu,0
ORD105332,1310,apparel,returning,8,UPI,low,80,22,Wed,1
ORD106572,2903,home,returning,12,card,low,5,12,Tue,0
ORD105614,6526,home,new,0,COD,low,7,17,Thu,0
ORD102415,33680,electronics,returning,9,COD,low,1,9,Tue,0
ORD105065,2735,home,new,0,card,low,7,17,Thu,0
ORD107418,3756,apparel,returning,9,UPI,medium,39,4,Sat,0
ORD103921,277,grocery,returning,4,UPI,low,7,20,Thu,0
ORD105377,580,beauty,returning,6,card,high,35,2,Sat,0
ORD106324,2775,home,returning,8,UPI,low,7,12,Mon,0
ORD103125,4741,electronics,returning,9,COD,low,3,6,Mon,1
ORD102398,3088,electronics,new,0,card,medium,1,17,Sat,0
ORD104619,2350,home,returning,6,COD,low,7,9,Wed,0
ORD101710,331,beauty,returning,9,COD,low,47,16,Tue,0
ORD101186,2656,apparel,returning,5,UPI,medium,11,17,Fri,0
ORD104374,4444,home,new,0,wallet,medium,1,10,Fri,0
ORD106091,9580,electronics,new,0,card,low,58,7,Wed,0
ORD107823,1578,apparel,returning,5,COD,medium,5,6,Mon,0
ORD100151,1873,grocery,returning,5,UPI,medium,12,17,Fri,0
ORD100915,268,grocery,new,0,card,low,8,4,Sun,0
ORD101305,295,grocery,new,0,wallet,low,11,0,Sat,1
ORD103849,1356,apparel,returning,9,wallet,low,29,8,Tue,0
ORD104714,6747,home,returning,7,UPI,medium,2,7,Sat,0
ORD102519,3533,electronics,returning,11,COD,high,17,21,Fri,0
ORD100183,1286,apparel,returning,3,netbanking,low,4,17,Wed,1
ORD107543,504,grocery,returning,5,COD,low,12,20,Fri,0
ORD106277,6327,home,returning,6,UPI,medium,2,15,Sun,0
ORD103023,2391,home,new,0,UPI,medium,3,12,Fri,0
ORD100471,2561,apparel,returning,7,UPI,medium,16,20,Sun,1
ORD100967,15707,electronics,returning,6,UPI,low,14,7,Tue,0
ORD105338,955,beauty,new,0,netbanking,medium,16,19,Thu,0
ORD105273,730,grocery,returning,4,UPI,low,11,22,Thu,0
ORD100209,6686,home,new,0,card,medium,11,15,Sun,0
ORD101961,1757,apparel,returning,8,COD,medium,6,18,Fri,0
ORD100896,2177,apparel,new,0,UPI,high,20,14,Sat,1
ORD106068,2781,apparel,returning,8,wallet,medium,7,3,Sun,1
ORD102578,7342,electronics,returning,11,UPI,high,2,15,Mon,0
ORD104896,4745,apparel,returning,6,COD,low,10,7,Thu,0
ORD101773,491,grocery,returning,9,card,high,18,7,Mon,0
ORD105809,642,beauty,returning,6,card,medium,4,17,Sun,0
ORD102299,677,beauty,new,0,card,low,21,10,Sun,0
ORD101209,2319,apparel,new,0,UPI,medium,17,23,Sat,0
ORD104918,323,grocery,new,0,wallet,low,2,2,Mon,0
ORD104568,2610,home,returning,3,COD,medium,3,7,Sat,1
ORD101251,24198,electronics,returning,6,card,high,14,11,Mon,0
ORD104601,765,grocery,returning,9,COD,low,11,21,Sat,0
ORD105858,4897,home,new,0,UPI,medium,31,5,Sat,0
ORD104825,1671,apparel,new,0,card,medium,11,13,Fri,0
ORD104230,647,grocery,returning,7,COD,high,4,18,Sun,0
ORD100292,601,grocery,new,0,UPI,high,42,4,Wed,1
ORD101051,22165,electronics,new,0,COD,low,12,12,Fri,0
ORD105410,4357,apparel,returning,9,UPI,high,6,0,Thu,1
ORD103282,614,apparel,returning,7,COD,low,6,22,Tue,0
ORD100272,8169,electronics,new,0,netbanking,medium,28,8,Sat,1
ORD104307,1154,apparel,returning,6,COD,low,21,14,Thu,0
ORD102646,1087,beauty,new,0,card,medium,29,2,Thu,1
ORD105790,1363,beauty,new,0,card,medium,10,6,Sun,0
ORD105555,334,grocery,returning,13,card,low,0,8,Tue,0
ORD101086,1257,beauty,new,0,card,low,1,20,Thu,0
ORD105599,3242,apparel,returning,7,UPI,high,9,23,Fri,1
ORD107611,738,beauty,new,0,COD,medium,30,5,Sun,0
ORD105547,3106,home,returning,9,UPI,medium,27,21,Sun,0
ORD107991,1639,grocery,returning,10,card,medium,3,8,Thu,0
ORD103026,2421,apparel,returning,8,card,high,1,8,Fri,0
ORD103543,1128,apparel,new,0,netbanking,low,4,4,Thu,0
ORD105086,745,beauty,new,0,UPI,low,14,9,Wed,0
ORD106222,4303,home,new,0,card,medium,3,16,Tue,0
ORD103341,527,beauty,new,0,card,high,7,6,Tue,1
ORD102960,1312,beauty,returning,6,card,low,0,14,Fri,0
ORD102794,2078,beauty,returning,9,card,low,10,20,Wed,0
ORD104032,1306,home,returning,9,UPI,low,15,0,Sun,0
ORD103783,2593,apparel,new,0,UPI,low,6,3,Sun,0
ORD104471,3841,apparel,new,0,wallet,high,30,20,Wed,1
ORD104685,1426,apparel,returning,9,wallet,low,1,8,Mon,0
ORD101748,732,apparel,returning,4,UPI,medium,0,20,Sat,0
ORD107218,1460,apparel,new,0,UPI,low,9,23,Tue,0
ORD106126,1778,apparel,new,0,netbanking,medium,2,16,Sun,1
ORD103172,248,beauty,returning,12,netbanking,medium,4,5,Sat,0
ORD103739,947,apparel,returning,12,card,medium,2,21,Sat,0
ORD105001,2000,home,returning,6,card,low,4,8,Sat,0
ORD103148,990,grocery,returning,6,UPI,low,17,10,Mon,0
ORD104287,4063,electronics,returning,5,UPI,low,1,23,Tue,0
ORD102154,3012,home,returning,4,netbanking,medium,24,22,Sun,0
ORD101344,1246,grocery,new,0,UPI,low,5,10,Wed,0
ORD107733,3384,apparel,returning,8,card,low,41,2,Thu,0
ORD106013,931,home,new,0,wallet,medium,25,10,Tue,0
ORD107781,1179,apparel,new,0,card,low,11,20,Tue,0
ORD100952,507,apparel,new,0,COD,low,15,21,Fri,0
ORD106900,3779,apparel,new,0,UPI,medium,7,9,Tue,0
ORD101504,1132,beauty,returning,8,UPI,medium,1,15,Sun,0
ORD103309,13006,electronics,returning,5,card,low,10,11,Sun,0
ORD107952,436,grocery,returning,5,card,low,7,23,Tue,0
ORD103076,6000,apparel,new,0,netbanking,medium,11,1,Fri,0
ORD101121,6461,electronics,returning,4,COD,low,58,5,Mon,0
ORD104525,1722,home,new,0,UPI,high,1,9,Wed,0
ORD104819,12000,home,returning,6,UPI,low,13,1,Sat,0
ORD104359,4000,beauty,new,0,UPI,low,0,13,Mon,0
ORD100416,19022,electronics,returning,9,COD,medium,59,16,Sun,1
ORD104741,985,apparel,returning,7,card,low,5,4,Wed,0
ORD102431,2306,beauty,new,0,UPI,low,5,9,Wed,0
ORD102903,589,grocery,new,0,UPI,low,4,0,Thu,0
ORD100564,4269,home,returning,10,wallet,low,13,20,Thu,0
ORD102526,685,grocery,returning,4,COD,medium,32,14,Sun,0
ORD101224,15063,electronics,returning,12,UPI,low,44,22,Tue,0
ORD100142,1532,grocery,new,0,UPI,low,1,9,Fri,0
ORD106343,2828,apparel,new,0,UPI,low,26,19,Sun,0
ORD106721,1468,apparel,new,0,netbanking,medium,40,5,Sun,0
ORD102004,12861,electronics,new,0,card,medium,1,5,Sun,0
ORD101194,318,grocery,new,0,card,high,40,9,Wed,0
ORD107600,963,grocery,returning,6,UPI,medium,24,6,Fri,0
ORD102885,562,apparel,returning,7,netbanking,low,3,3,Wed,0
ORD101756,24675,electronics,returning,8,COD,low,18,7,Thu,0
ORD100497,4245,home,returning,8,UPI,low,8,1,Tue,1
ORD102868,1040,grocery,returning,5,card,low,4,22,Fri,0
ORD107818,388,grocery,returning,2,card,medium,15,9,Mon,0
ORD100912,1307,grocery,returning,7,card,low,8,11,Wed,0
ORD100721,1594,apparel,new,0,UPI,low,2,22,Thu,0
ORD105828,2228,home,new,0,COD,medium,4,6,Wed,0
ORD103024,1020,apparel,new,0,card,high,7,9,Sat,1
ORD104292,13709,electronics,returning,6,netbanking,medium,19,3,Sun,0
ORD103886,470,grocery,new,0,card,high,18,3,Sun,0
ORD104923,1134,grocery,new,0,UPI,medium,18,1,Fri,0
ORD106450,953,apparel,new,0,card,low,15,20,Sat,0
ORD100108,8835,electronics,returning,4,UPI,low,11,18,Fri,0
ORD101754,1784,apparel,returning,5,UPI,low,35,4,Sun,0
ORD106273,3709,electronics,new,0,UPI,low,22,12,Thu,0
ORD101351,2708,beauty,returning,7,UPI,low,17,4,Mon,0
ORD105595,3775,home,returning,11,UPI,low,9,5,Sun,0
ORD103504,2427,beauty,returning,8,COD,low,25,23,Wed,0
ORD101973,2905,apparel,returning,7,card,low,7,10,Sun,0
ORD106559,476,apparel,new,0,netbanking,low,59,12,Tue,1
ORD106829,1234,beauty,new,0,UPI,low,2,21,Fri,0
ORD103639,2501,home,returning,5,card,high,24,1,Fri,0
ORD103017,9280,electronics,returning,2,card,low,1,8,Mon,0
ORD105689,845,grocery,returning,7,UPI,low,4,5,Sun,0
ORD103315,5545,electronics,returning,8,UPI,low,6,12,Sat,0
ORD100765,13017,electronics,new,0,UPI,low,8,21,Thu,1
ORD104439,905,apparel,new,0,COD,low,66,14,Wed,0
ORD105379,1408,beauty,returning,4,COD,low,7,17,Fri,0
ORD104503,722,apparel,returning,5,COD,low,3,7,Mon,0
ORD100307,12000,home,returning,4,netbanking,low,0,23,Tue,0
ORD101278,1287,grocery,returning,8,COD,low,6,9,Thu,0
ORD103745,1001,beauty,new,0,UPI,low,0,1,Thu,0
ORD106234,825,apparel,returning,5,UPI,medium,2,17,Sat,0
ORD104907,21652,electronics,returning,7,card,medium,2,20,Wed,0
ORD104162,1352,grocery,returning,7,UPI,medium,6,1,Wed,0
ORD106119,9511,electronics,returning,4,UPI,low,6,3,Wed,0
ORD105220,6296,electronics,returning,9,COD,low,11,17,Tue,0
ORD100071,1486,apparel,returning,6,UPI,medium,25,14,Thu,0
ORD102887,1298,grocery,returning,5,netbanking,low,22,13,Wed,0
ORD104129,665,grocery,new,0,UPI,low,79,16,Wed,0
ORD101260,25544,electronics,returning,9,UPI,medium,20,3,Fri,1
ORD101666,439,beauty,returning,9,netbanking,high,11,1,Tue,0
ORD104398,31077,electronics,returning,9,card,low,45,0,Wed,0
ORD104252,12391,electronics,new,0,netbanking,low,5,9,Mon,0
ORD102167,1180,apparel,new,0,UPI,low,2,1,Tue,0
ORD102533,7149,electronics,returning,8,card,high,21,2,Tue,0
ORD101695,929,home,returning,7,UPI,medium,34,2,Thu,0
ORD106026,45000,electronics,new,0,card,low,12,1,Wed,0
ORD105861,10290,electronics,returning,7,COD,low,2,13,Thu,0
ORD103751,1845,home,new,0,COD,medium,39,0,Thu,0
ORD101630,957,apparel,returning,7,card,low,0,3,Sun,0
ORD101881,3626,home,new,0,wallet,medium,40,18,Fri,0
ORD104522,314,beauty,new,0,card,low,6,2,Thu,0
ORD105369,583,apparel,returning,8,UPI,medium,7,8,Fri,0
ORD100978,3064,home,new,0,card,low,3,19,Thu,0
ORD103994,1970,apparel,returning,8,COD,medium,2,5,Fri,0
ORD105693,204,grocery,new,0,card,low,3,2,Tue,0
ORD107076,762,apparel,returning,7,card,medium,16,16,Fri,0
ORD103773,952,beauty,returning,4,UPI,low,36,17,Fri,0
ORD103662,1721,grocery,new,0,COD,high,0,15,Sun,0
ORD102271,3277,home,returning,6,wallet,medium,3,4,Wed,0
ORD102392,1283,apparel,new,0,UPI,low,27,14,Sun,0
ORD106984,871,apparel,new,0,COD,high,16,6,Sun,0
ORD102760,3467,home,new,0,UPI,low,5,9,Sun,0
ORD100047,1895,apparel,new,0,UPI,medium,2,8,Wed,0
ORD107649,1514,beauty,new,0,UPI,high,12,22,Mon,0
ORD101350,1023,beauty,returning,5,COD,high,3,7,Sat,0
ORD107449,1798,apparel,new,0,card,high,21,23,Wed,0
ORD100446,491,grocery,returning,15,UPI,low,5,16,Fri,0
ORD102248,1395,apparel,new,0,UPI,high,1,21,Tue,0
ORD101743,656,grocery,returning,11,COD,high,3,16,Fri,0
ORD102860,1716,apparel,new,0,UPI,low,17,16,Sat,0
ORD105544,2245,home,returning,8,UPI,low,14,18,Thu,0
ORD102440,833,grocery,returning,6,card,low,7,19,Mon,0
ORD100678,10167,electronics,new,0,COD,high,11,11,Sun,0
ORD107083,4468,electronics,returning,5,UPI,medium,28,5,Mon,0
ORD104506,1691,apparel,returning,8,netbanking,high,20,10,Tue,0
ORD101294,6000,apparel,returning,7,UPI,high,15,3,Sat,0
ORD102759,3727,home,returning,7,UPI,medium,15,19,Mon,0
ORD103846,528,beauty,new,0,netbanking,low,14,17,Tue,0
ORD107475,5760,home,returning,7,UPI,low,37,5,Thu,0
ORD105728,741,grocery,new,0,card,low,12,7,Sat,0
ORD105909,12127,electronics,returning,10,netbanking,high,0,10,Mon,0
ORD101112,2782,home,returning,9,UPI,high,15,1,Sat,0
ORD100776,1427,home,new,0,UPI,low,14,23,Tue,0
ORD107563,697,apparel,returning,6,COD,medium,23,9,Wed,1
ORD102231,1974,home,returning,7,UPI,medium,22,0,Tue,0
ORD102228,19969,electronics,new,0,COD,low,30,22,Tue,0
ORD102153,556,beauty,returning,8,card,medium,0,0,Sat,0
ORD105074,1202,grocery,returning,8,netbanking,low,9,21,Thu,0
ORD104764,2116,apparel,new,0,UPI,low,73,13,Sat,1
ORD101366,7106,electronics,returning,10,COD,medium,23,17,Mon,0
ORD101469,10297,electronics,new,0,card,high,8,5,Fri,0
ORD101851,1160,grocery,returning,4,card,low,4,12,Sun,0
ORD103887,980,beauty,returning,8,COD,medium,36,3,Sun,1
ORD100485,953,apparel,new,0,card,high,7,17,Fri,0
ORD102239,2424,home,new,0,card,low,21,6,Fri,0
ORD104051,3613,home,new,0,UPI,medium,5,5,Thu,0
ORD103101,7285,electronics,returning,9,UPI,low,36,12,Sun,0
ORD107429,1949,grocery,new,0,UPI,medium,1,13,Mon,0
ORD100030,1484,beauty,returning,5,COD,low,5,14,Sun,0
ORD105807,2493,beauty,returning,12,UPI,low,3,23,Sun,0
ORD103128,2028,beauty,new,0,UPI,high,20,20,Fri,0
ORD103399,1445,home,returning,4,UPI,low,0,1,Fri,0
ORD105170,1119,beauty,new,0,UPI,high,8,1,Sat,0
ORD107975,741,grocery,returning,3,card,low,8,20,Tue,0
ORD101036,617,apparel,returning,10,wallet,low,1,16,Wed,0
ORD100636,1928,home,returning,7,wallet,low,6,10,Tue,0
ORD105998,1350,grocery,returning,6,netbanking,medium,7,20,Sat,0
ORD103047,9097,home,returning,5,card,low,26,15,Sun,0
ORD101083,922,beauty,new,0,wallet,medium,7,9,Mon,0
ORD102615,2603,apparel,returning,2,COD,low,6,9,Sun,0
ORD100861,2075,beauty,returning,8,UPI,low,33,17,Fri,0
ORD104035,1455,apparel,returning,5,COD,low,8,22,Thu,0
ORD100903,3470,apparel,new,0,UPI,low,1,11,Sun,0
ORD106728,1711,beauty,new,0,card,medium,13,13,Fri,0
ORD100109,778,grocery,returning,11,COD,medium,1,3,Mon,0
ORD107692,1135,apparel,new,0,UPI,low,7,12,Sun,0
ORD107427,12379,electronics,returning,7,UPI,high,10,2,Fri,0
ORD106578,273,grocery,new,0,COD,low,1,12,Fri,0
ORD107654,6180,electronics,returning,9,netbanking,medium,13,19,Sun,0
ORD107637,1067,grocery,returning,8,card,low,5,1,Tue,0
ORD105879,1920,apparel,returning,5,card,low,12,10,Thu,0
ORD101831,740,grocery,returning,12,wallet,medium,54,19,Tue,0
ORD107013,549,beauty,returning,8,UPI,high,10,19,Sat,0
ORD105037,22453,electronics,returning,5,COD,low,12,17,Sat,0
ORD107805,458,beauty,new,0,netbanking,medium,12,4,Mon,0
ORD107126,4797,apparel,returning,8,COD,medium,32,14,Mon,0
ORD103653,26530,electronics,returning,7,netbanking,low,7,7,Fri,0
ORD104852,535,beauty,new,0,card,medium,21,23,Sat,0
ORD102826,1399,apparel,returning,10,UPI,low,25,12,Tue,0
ORD103909,683,beauty,returning,5,COD,low,10,3,Thu,0
ORD101825,15690,electronics,new,0,card,low,27,18,Tue,0
ORD102617,514,grocery,returning,4,COD,low,5,4,Mon,0
ORD105519,4317,home,new,0,card,low,23,12,Tue,0
ORD101094,2996,home,new,0,UPI,low,15,3,Sun,0
ORD105620,1237,apparel,returning,8,card,medium,23,15,Tue,0
ORD105687,11128,electronics,new,0,card,low,19,22,Fri,0
ORD103950,3101,apparel,returning,13,UPI,medium,9,15,Fri,1
ORD102865,18146,electronics,returning,11,COD,low,10,9,Thu,0
ORD107331,543,grocery,returning,5,UPI,medium,2,12,Tue,0
ORD102323,24613,electronics,returning,6,COD,low,5,1,Sun,0
ORD102413,3822,home,returning,4,UPI,high,3,10,Mon,0
ORD106135,1655,apparel,returning,11,UPI,medium,16,21,Mon,0
ORD102654,1413,apparel,returning,7,UPI,low,15,19,Sat,0
ORD102678,1163,beauty,returning,5,UPI,high,4,22,Mon,0
ORD105213,197,grocery,returning,5,UPI,low,9,21,Thu,0
ORD105576,1788,grocery,new,0,netbanking,high,11,20,Sat,0
ORD105009,5000,apparel,new,0,COD,low,27,21,Sat,0
ORD107897,6119,electronics,new,0,card,low,13,5,Sat,0
ORD100178,796,grocery,returning,7,UPI,low,18,8,Sun,0
ORD105503,1030,home,new,0,COD,low,9,16,Sat,0
ORD105682,9771,electronics,returning,8,COD,medium,17,23,Thu,0
ORD103340,1708,apparel,new,0,COD,low,10,19,Wed,0
ORD102202,496,grocery,returning,11,UPI,low,5,2,Mon,0
ORD106497,3140,apparel,returning,6,COD,high,19,4,Tue,1
ORD106176,1280,beauty,new,0,COD,high,20,18,Wed,1
ORD107372,3305,home,new,0,UPI,medium,2,18,Fri,0
ORD103954,8751,electronics,returning,9,UPI,high,29,1,Thu,1
ORD101770,2430,home,returning,5,wallet,medium,34,9,Mon,0
ORD100829,1461,apparel,returning,5,card,medium,17,22,Sun,1
ORD100941,1015,beauty,returning,9,card,medium,11,18,Mon,0
ORD103169,3505,home,new,0,COD,medium,47,14,Mon,0
ORD103011,821,grocery,new,0,COD,medium,13,16,Tue,0
ORD104716,872,apparel,returning,10,card,high,6,1,Fri,0
ORD100925,1303,apparel,returning,6,card,low,31,11,Mon,1
ORD100295,500,grocery,returning,10,UPI,medium,6,14,Sun,0
ORD101052,1588,apparel,returning,5,netbanking,low,6,10,Thu,0
ORD102707,758,apparel,returning,6,netbanking,low,4,16,Mon,0
ORD106920,299,beauty,new,0,card,low,5,0,Wed,0
ORD102867,1522,home,new,0,COD,medium,16,9,Sun,1
ORD102789,4918,apparel,new,0,card,medium,2,1,Tue,0
ORD100944,2071,apparel,new,0,card,low,6,4,Sun,0
ORD106368,3772,home,new,0,UPI,low,50,2,Thu,0
ORD106642,3719,electronics,returning,3,COD,medium,13,23,Fri,0
ORD100012,1992,home,new,0,card,medium,17,3,Wed,0
ORD105834,2431,home,new,0,card,low,6,7,Mon,0
ORD107825,2375,electronics,returning,6,card,medium,7,12,Mon,0
ORD105485,586,grocery,returning,5,card,low,16,22,Thu,0
ORD103121,1138,apparel,returning,8,UPI,low,8,5,Sun,0
ORD104872,633,beauty,returning,11,UPI,medium,2,15,Sun,0
ORD100779,1780,grocery,new,0,UPI,low,16,2,Thu,0
ORD107815,1787,apparel,returning,9,card,medium,24,2,Mon,0
ORD107320,17130,electronics,new,0,COD,medium,20,9,Tue,0
ORD103617,21352,electronics,returning,7,netbanking,medium,10,4,Mon,0
ORD103765,1242,beauty,returning,5,card,low,18,0,Wed,0
ORD100433,674,beauty,new,0,card,low,29,19,Fri,0
ORD100653,1383,apparel,returning,14,card,low,6,17,Sat,0
ORD102477,15015,electronics,returning,7,card,low,4,9,Wed,0
ORD105267,277,grocery,new,0,netbanking,low,3,12,Wed,0
ORD105935,2460,home,returning,7,card,medium,16,0,Wed,0
ORD104622,2192,home,returning,7,COD,high,16,17,Wed,0
ORD103055,2744,apparel,returning,7,COD,medium,0,8,Wed,0
ORD107796,1311,apparel,returning,2,netbanking,low,0,15,Sun,0
ORD104048,1376,apparel,new,0,card,low,15,7,Thu,0
ORD102886,15501,electronics,new,0,wallet,low,1,7,Mon,0
ORD106458,5273,home,returning,6,wallet,medium,11,14,Sun,0
ORD104782,379,grocery,returning,7,COD,low,5,18,Sat,0
ORD105837,2767,home,returning,10,COD,low,0,8,Thu,0
ORD103706,860,apparel,new,0,card,low,8,3,Fri,0
ORD102984,11656,electronics,returning,6,wallet,low,21,22,Wed,0
ORD105566,4161,home,new,0,card,low,6,11,Sat,0
ORD100570,4366,apparel,returning,5,card,low,20,16,Wed,0
ORD101448,3159,home,new,0,UPI,low,2,12,Sat,0
ORD105062,1466,apparel,new,0,wallet,high,19,7,Fri,0
ORD104053,1412,apparel,returning,4,card,medium,33,1,Sat,0
ORD104855,596,grocery,returning,11,UPI,low,1,21,Fri,0
ORD104100,745,apparel,returning,7,UPI,high,6,19,Tue,0
ORD101745,5805,home,new,0,UPI,low,13,12,Tue,0
ORD102741,2195,beauty,new,0,UPI,low,17,19,Sun,0
ORD101590,10769,electronics,new,0,wallet,low,13,21,Sun,0
ORD103820,2478,beauty,returning,12,netbanking,high,10,12,Tue,0
ORD100287,1001,apparel,returning,6,wallet,medium,46,0,Thu,0
ORD101738,1340,home,returning,3,netbanking,high,8,4,Thu,0
ORD103433,904,apparel,returning,15,wallet,medium,13,21,Fri,0
ORD104967,2024,apparel,new,0,UPI,low,10,12,Tue,0
ORD106750,7703,electronics,returning,6,COD,low,2,19,Fri,0
ORD105770,706,beauty,new,0,card,medium,0,13,Wed,0
ORD102827,6333,electronics,returning,5,netbanking,low,27,21,Tue,0
ORD101684,22233,electronics,new,0,UPI,low,2,14,Sat,0
ORD105221,1182,home,returning,9,card,high,35,13,Sat,0
ORD101338,302,grocery,returning,9,UPI,low,15,15,Sun,0
ORD104317,1709,beauty,returning,8,wallet,high,8,3,Thu,0
ORD102742,21158,electronics,returning,6,UPI,low,6,6,Mon,0
ORD106569,639,grocery,returning,10,UPI,low,34,9,Thu,0
ORD105708,14736,electronics,returning,10,card,medium,0,1,Sun,0
ORD104640,20156,electronics,returning,5,netbanking,high,0,16,Sun,1
ORD104862,5052,apparel,new,0,COD,low,8,0,Thu,1
ORD103955,6080,home,returning,8,COD,medium,18,8,Sun,0
ORD106594,609,grocery,returning,6,wallet,low,20,17,Thu,0
ORD104410,1565,apparel,new,0,netbanking,low,20,15,Mon,0
ORD104655,1467,grocery,returning,6,COD,medium,2,2,Thu,0
ORD104762,276,grocery,returning,5,UPI,low,2,18,Fri,0
ORD102185,22314,electronics,new,0,UPI,medium,7,11,Sat,0
ORD104104,1543,grocery,returning,5,wallet,low,0,4,Fri,0
ORD101231,2222,home,returning,7,UPI,low,20,23,Tue,0
ORD105302,1051,beauty,returning,7,UPI,medium,5,1,Tue,1
ORD102254,407,grocery,returning,11,UPI,high,7,0,Sun,0
ORD101951,25112,electronics,returning,7,UPI,medium,31,5,Thu,0
ORD107437,1015,apparel,new,0,UPI,low,6,12,Sun,0
ORD100113,2746,home,returning,7,card,medium,6,7,Sun,1
ORD106796,444,beauty,new,0,UPI,high,2,12,Fri,0
ORD102509,8756,home,returning,4,card,low,14,12,Sun,0
ORD105865,3144,apparel,returning,8,card,medium,19,10,Sat,0
ORD102548,862,apparel,returning,7,card,low,16,22,Thu,0
ORD104105,11293,electronics,returning,9,wallet,low,2,20,Sat,0
ORD100507,1061,beauty,new,0,card,low,8,21,Sun,0
ORD104730,1739,apparel,returning,10,COD,low,1,0,Thu,0
ORD104680,1354,grocery,returning,5,card,low,13,19,Fri,0
ORD104253,1670,home,returning,12,UPI,medium,3,1,Sun,0
ORD104687,1259,apparel,returning,4,card,high,8,7,Sun,0
ORD107527,1670,beauty,returning,4,card,high,1,1,Mon,1
ORD100350,1192,home,returning,4,card,low,9,20,Wed,0
ORD104742,1842,beauty,new,0,UPI,low,45,16,Sat,0
ORD102906,288,grocery,returning,9,COD,high,11,12,Tue,0
ORD105077,24952,electronics,returning,10,UPI,low,5,7,Sat,0
ORD104486,752,beauty,returning,10,netbanking,low,8,22,Sat,0
ORD102505,3907,electronics,returning,6,UPI,low,39,8,Wed,0
ORD102620,201,grocery,new,0,UPI,low,18,22,Mon,0
ORD105842,752,apparel,returning,5,COD,low,6,4,Sat,0
ORD101114,446,grocery,new,0,COD,medium,7,2,Thu,0
ORD102846,614,apparel,returning,6,UPI,medium,4,20,Sat,0
ORD105656,855,grocery,returning,2,COD,medium,6,20,Fri,0
ORD100298,583,beauty,new,0,card,low,5,14,Sun,0
ORD101675,1217,grocery,new,0,COD,high,20,8,Sun,0
ORD106354,1093,apparel,returning,11,COD,low,8,7,Sat,0
ORD104315,3481,home,returning,6,COD,low,11,15,Sun,0
ORD106104,1457,apparel,new,0,card,low,6,1,Fri,0
ORD103605,1378,electronics,returning,8,card,medium,32,2,Thu,0
ORD103668,3022,apparel,returning,6,wallet,low,18,9,Mon,0
ORD100076,1765,apparel,returning,4,UPI,low,12,18,Tue,0
ORD106006,1512,home,returning,7,netbanking,medium,13,0,Fri,0
ORD105559,6644,electronics,returning,2,wallet,medium,3,6,Fri,0
ORD107790,3353,beauty,new,0,UPI,low,7,14,Mon,0
ORD102103,469,grocery,returning,8,UPI,low,3,20,Thu,0
ORD107434,15737,electronics,returning,8,card,medium,7,14,Mon,0
ORD103297,1726,apparel,returning,10,UPI,low,21,3,Thu,0
ORD106000,613,apparel,new,0,netbanking,low,7,3,Mon,1
ORD101614,991,beauty,returning,7,UPI,low,13,16,Fri,0
ORD100607,16403,electronics,new,0,wallet,low,9,20,Thu,0
ORD101093,660,apparel,returning,5,UPI,low,14,8,Sun,0
ORD105304,7823,electronics,returning,6,card,low,7,15,Sun,0
ORD107856,3265,electronics,new,0,COD,high,0,2,Sat,0
ORD103689,657,apparel,new,0,UPI,medium,18,7,Wed,0
ORD104609,179,grocery,returning,7,card,low,8,12,Wed,0
ORD102934,2565,home,returning,10,UPI,low,1,20,Sun,0
ORD105457,1215,home,new,0,UPI,high,11,22,Sat,0
ORD107933,11842,electronics,returning,9,card,low,7,15,Mon,0
ORD101230,23736,electronics,new,0,UPI,high,0,18,Thu,0
ORD106080,8261,electronics,returning,6,COD,low,1,5,Sun,0
ORD101609,1481,apparel,new,0,UPI,medium,3,22,Sat,0
ORD107484,1264,apparel,new,0,card,low,1,2,Tue,0
ORD103478,501,grocery,new,0,card,low,22,12,Wed,0
ORD106538,2000,home,returning,7,UPI,medium,37,12,Sat,0
ORD107620,1717,apparel,new,0,COD,medium,24,16,Fri,0
ORD106746,2114,home,returning,11,UPI,low,67,20,Fri,0
ORD102732,9859,home,new,0,wallet,medium,27,2,Sun,0
ORD105351,848,beauty,returning,8,UPI,high,0,9,Mon,0
ORD106430,574,apparel,returning,10,UPI,low,12,21,Fri,1
ORD106292,606,grocery,returning,12,UPI,medium,4,9,Sat,0
ORD103337,1493,grocery,returning,7,COD,low,13,7,Fri,0
ORD103731,947,grocery,returning,6,UPI,medium,8,15,Sun,0
ORD106109,1272,home,new,0,UPI,medium,19,14,Mon,0
ORD104890,2287,apparel,new,0,COD,low,40,13,Sat,0
ORD103375,864,apparel,returning,10,COD,medium,5,19,Sun,0
ORD104056,1833,apparel,new,0,COD,medium,4,6,Thu,0
ORD100657,791,apparel,returning,8,card,medium,13,14,Sun,0
ORD100790,10988,electronics,returning,7,card,low,5,11,Sun,0
ORD103540,471,grocery,returning,5,card,medium,4,8,Wed,0
ORD106602,1591,apparel,returning,5,netbanking,medium,6,20,Sun,0
ORD103966,1513,apparel,returning,10,UPI,high,9,17,Sun,0
ORD101359,19915,electronics,returning,10,UPI,medium,2,15,Sat,0
ORD102347,932,beauty,returning,4,UPI,high,80,23,Sat,0
ORD105432,3611,home,new,0,UPI,low,12,22,Wed,0
ORD104630,1480,apparel,returning,5,UPI,low,12,18,Fri,0
ORD105927,1226,beauty,returning,4,wallet,medium,21,8,Tue,0
ORD106082,2942,home,returning,12,card,high,80,9,Wed,0
ORD106996,657,beauty,returning,8,UPI,high,1,15,Mon,0
ORD103497,1515,beauty,returning,8,card,medium,34,17,Fri,0
ORD102575,8123,home,new,0,card,high,5,20,Sat,0
ORD106467,416,beauty,new,0,COD,medium,8,14,Sun,0
ORD102314,5227,apparel,returning,10,wallet,low,11,14,Mon,0
ORD101705,702,grocery,returning,7,card,low,4,22,Sat,0
ORD105677,3109,home,new,0,UPI,medium,52,11,Fri,0
ORD106836,5419,electronics,new,0,UPI,medium,65,0,Mon,0
ORD101780,16331,electronics,returning,12,UPI,medium,15,22,Thu,1
ORD100857,1647,grocery,returning,5,UPI,low,11,6,Sat,0
ORD104574,1066,beauty,new,0,UPI,low,15,12,Wed,0
ORD104678,27536,electronics,returning,5,wallet,low,45,2,Tue,0
ORD105384,1226,apparel,returning,5,COD,low,6,23,Sat,0
ORD106290,995,beauty,returning,9,netbanking,low,48,12,Tue,0
ORD103194,1671,home,new,0,card,high,12,18,Sun,1
ORD105659,964,beauty,returning,12,COD,medium,3,20,Thu,0
ORD100219,1134,apparel,returning,9,COD,low,38,12,Fri,0
ORD101288,300,apparel,new,0,netbanking,low,6,12,Sun,0
ORD100582,15724,electronics,new,0,COD,low,5,2,Mon,0
ORD102618,1092,beauty,returning,11,COD,high,8,16,Wed,0
ORD100043,1807,apparel,returning,13,UPI,medium,26,8,Mon,0
ORD101234,17336,electronics,new,0,COD,high,9,3,Thu,1
ORD107118,2342,apparel,returning,10,UPI,low,24,11,Sun,0
ORD107588,1029,home,returning,6,card,high,18,9,Sat,0
ORD103289,1642,apparel,returning,6,netbanking,low,1,21,Mon,0
ORD101892,2235,home,new,0,card,low,8,2,Fri,0
ORD104879,1626,apparel,new,0,COD,low,10,16,Mon,1
ORD107009,1857,home,returning,6,COD,low,20,1,Wed,0
ORD104584,1689,home,returning,5,UPI,medium,3,22,Sat,0
ORD107160,1768,home,returning,6,UPI,medium,15,13,Sat,0
ORD101071,4370,home,returning,1,card,medium,7,0,Wed,0
ORD100718,5378,home,returning,7,COD,high,1,15,Thu,0
ORD102364,1958,home,returning,7,card,low,7,23,Sun,0
ORD101505,4783,home,new,0,COD,high,38,1,Thu,0
ORD100670,17180,electronics,returning,7,UPI,high,19,20,Wed,0
ORD102952,13690,electronics,new,0,card,medium,36,15,Fri,0
ORD104836,40609,electronics,returning,7,card,high,22,13,Wed,0
ORD107446,1741,home,new,0,COD,low,13,19,Tue,0
ORD104650,3606,beauty,returning,4,COD,medium,5,7,Sat,0
ORD100897,6877,electronics,returning,12,UPI,low,7,16,Sat,0
ORD106444,2870,apparel,returning,13,COD,medium,10,12,Tue,1
ORD102890,17886,electronics,returning,8,UPI,high,13,4,Mon,1
ORD103698,3807,electronics,returning,7,UPI,medium,71,15,Fri,0
ORD101530,1399,apparel,returning,8,UPI,medium,1,15,Thu,0
ORD103442,10138,electronics,returning,6,netbanking,low,0,3,Sun,0
ORD106697,8236,electronics,returning,6,card,high,1,15,Sat,0
ORD104606,282,grocery,returning,5,UPI,medium,45,9,Tue,0
ORD106391,3382,home,new,0,UPI,medium,32,7,Wed,0
ORD104354,1328,grocery,returning,5,card,low,4,19,Sat,0
ORD107739,2323,apparel,returning,8,UPI,low,8,21,Wed,0
ORD106108,346,apparel,new,0,card,low,5,18,Fri,0
ORD101874,1803,grocery,returning,17,UPI,low,5,2,Fri,0
ORD102370,1331,apparel,new,0,COD,low,6,0,Tue,0
ORD101769,885,beauty,returning,10,COD,low,18,19,Tue,0
ORD105823,11227,electronics,new,0,wallet,low,26,6,Sat,1
ORD103842,7215,home,new,0,card,low,18,19,Fri,0
ORD100531,358,beauty,returning,4,UPI,low,20,2,Sun,0
ORD105741,2585,home,new,0,netbanking,high,46,23,Thu,0
ORD107087,734,apparel,new,0,wallet,high,26,3,Wed,0
ORD107169,9417,electronics,returning,8,wallet,low,6,6,Thu,0
ORD102881,6173,electronics,new,0,netbanking,medium,1,5,Mon,0
ORD100081,3241,apparel,returning,7,UPI,high,12,3,Sun,0
ORD103903,5210,home,new,0,netbanking,medium,23,18,Fri,0
ORD106516,342,beauty,returning,2,COD,low,10,6,Wed,0
ORD102163,1958,apparel,returning,8,card,high,9,13,Thu,0
ORD100731,11982,electronics,new,0,card,low,29,0,Sun,0
ORD102339,4508,electronics,new,0,card,medium,16,20,Sun,0
ORD106333,690,apparel,returning,4,UPI,low,2,5,Sat,0
ORD107542,2581,home,new,0,card,low,8,4,Sun,0
ORD105072,1817,apparel,new,0,card,low,0,1,Sat,0
ORD105621,1669,apparel,new,0,UPI,low,23,3,Sat,0
ORD103785,295,grocery,returning,12,card,high,23,0,Sat,0
ORD106498,1534,apparel,returning,8,card,medium,7,14,Sat,0
ORD102705,1719,apparel,new,0,card,low,10,10,Thu,1
ORD101255,1154,grocery,returning,6,netbanking,low,9,5,Wed,0
ORD102104,1037,home,new,0,UPI,high,13,16,Tue,0
ORD104314,14895,electronics,new,0,netbanking,low,7,9,Thu,0
ORD104411,14134,electronics,new,0,card,medium,5,10,Sun,0
ORD104407,5220,apparel,returning,8,COD,medium,14,7,Sun,0
ORD100428,16166,electronics,returning,5,netbanking,high,11,10,Fri,0
ORD107194,1256,beauty,new,0,card,low,2,7,Sat,0
ORD106268,7327,electronics,returning,5,wallet,low,11,20,Thu,0
ORD103541,4036,home,new,0,UPI,low,14,19,Mon,0
ORD106859,45000,electronics,returning,7,card,low,11,23,Sun,0
ORD106939,2628,apparel,returning,9,card,high,20,15,Sun,0
ORD107481,1133,grocery,new,0,COD,medium,9,3,Fri,0
ORD107149,9078,home,new,0,UPI,low,2,10,Sun,0
ORD104108,419,grocery,returning,10,wallet,high,6,21,Mon,0
ORD106392,2078,apparel,returning,9,UPI,medium,0,19,Tue,0
ORD102715,1463,apparel,returning,6,UPI,high,11,23,Mon,0
ORD102072,774,apparel,returning,8,card,high,1,17,Wed,0
ORD107860,6272,home,new,0,COD,low,15,9,Wed,0
ORD104201,823,beauty,new,0,netbanking,high,5,2,Tue,1
ORD106754,4757,apparel,returning,7,UPI,low,12,8,Fri,0
ORD102588,3163,apparel,new,0,card,low,21,20,Sat,0
ORD101788,1856,grocery,new,0,wallet,low,3,0,Tue,0
ORD105808,6172,electronics,returning,6,card,low,3,12,Sun,0
ORD103949,2860,apparel,returning,5,card,low,12,19,Sat,0
ORD104071,3981,home,new,0,UPI,high,14,23,Fri,1
ORD104510,2700,home,new,0,COD,low,1,20,Wed,0
ORD101126,3393,home,new,0,netbanking,medium,6,13,Fri,0
ORD103467,389,apparel,new,0,UPI,low,3,11,Sat,0
ORD103685,7348,electronics,new,0,card,low,26,2,Sat,0
ORD106481,2390,apparel,returning,6,COD,low,13,6,Tue,0
ORD100304,2079,grocery,new,0,UPI,medium,7,18,Sun,0
ORD100070,11566,electronics,new,0,UPI,high,20,9,Sun,0
ORD103555,1749,beauty,new,0,UPI,low,14,9,Fri,0
ORD104575,18529,electronics,returning,7,card,low,13,17,Sat,0
ORD100831,1340,home,returning,6,UPI,medium,14,14,Wed,0
ORD101456,4163,apparel,returning,5,UPI,low,36,9,Wed,0
ORD104013,24039,electronics,returning,5,card,high,21,7,Fri,0
ORD104899,1317,beauty,returning,7,netbanking,low,13,8,Thu,0
ORD100238,6131,electronics,returning,5,COD,medium,18,12,Mon,0
ORD100092,2444,apparel,returning,4,UPI,medium,8,17,Sat,0
ORD102977,384,beauty,returning,8,UPI,medium,1,5,Mon,0
ORD103463,2568,apparel,returning,11,UPI,low,4,19,Sat,0
ORD103937,10482,home,returning,5,card,high,7,5,Mon,0
ORD107765,8668,electronics,returning,8,netbanking,low,15,6,Fri,0
ORD106759,1102,apparel,returning,7,COD,low,0,6,Sun,0
ORD104224,7568,electronics,returning,6,COD,high,46,5,Sun,0
ORD106782,2319,home,new,0,wallet,low,3,12,Mon,0
ORD101001,2585,apparel,returning,10,COD,low,12,5,Thu,0
ORD104141,6928,home,returning,9,wallet,low,1,7,Tue,0
ORD107665,1758,apparel,returning,2,COD,low,7,6,Mon,0
ORD102377,1835,home,returning,12,UPI,low,22,12,Wed,0
ORD105272,327,beauty,new,0,COD,low,0,17,Sat,0
ORD104995,3181,apparel,new,0,COD,high,5,9,Wed,0
ORD106599,3156,apparel,returning,8,netbanking,medium,7,21,Fri,0
ORD106846,2231,apparel,returning,6,UPI,medium,6,13,Fri,0
ORD101532,3530,home,returning,5,COD,medium,21,3,Mon,0
ORD104863,1311,beauty,returning,8,card,low,40,13,Sat,0
ORD100411,1806,home,new,0,COD,medium,8,10,Fri,0
ORD107672,846,grocery,returning,7,netbanking,low,12,19,Sun,0
ORD107575,581,grocery,new,0,UPI,medium,6,8,Mon,0
ORD102805,589,apparel,returning,7,card,medium,29,18,Sat,0
ORD107390,1111,apparel,returning,9,UPI,high,53,15,Tue,0
ORD107851,1000,beauty,new,0,netbanking,low,38,18,Wed,1
ORD103082,1807,home,returning,8,netbanking,low,3,6,Thu,0
ORD105901,12020,electronics,returning,10,card,low,55,9,Mon,0
ORD101736,353,grocery,returning,10,netbanking,medium,20,6,Wed,0
ORD106791,1230,apparel,returning,7,COD,low,20,21,Mon,1
ORD105030,5661,electronics,new,0,UPI,medium,6,1,Fri,0
ORD107301,3850,home,returning,5,card,low,21,22,Thu,0
ORD106336,3178,apparel,new,0,UPI,high,12,15,Mon,1
ORD106454,2211,home,new,0,UPI,medium,68,18,Mon,0
ORD103400,5596,electronics,new,0,UPI,high,3,18,Sun,0
ORD100633,3202,apparel,new,0,UPI,medium,34,17,Tue,0
ORD103021,1033,beauty,returning,3,netbanking,low,20,0,Wed,0
ORD100498,644,apparel,returning,4,wallet,medium,7,9,Wed,0
ORD104823,1040,beauty,returning,4,netbanking,medium,0,12,Fri,0
ORD102463,1828,home,returning,10,UPI,low,28,13,Sun,0
ORD104508,889,beauty,returning,2,card,low,39,7,Sat,0
ORD100637,774,beauty,returning,8,wallet,low,27,16,Mon,0
ORD100757,817,grocery,returning,10,COD,low,16,11,Sun,0
ORD104690,1968,apparel,new,0,card,low,25,15,Fri,0
ORD104559,973,beauty,returning,9,UPI,high,4,21,Mon,1
ORD103089,563,grocery,returning,6,COD,high,7,0,Sat,0
ORD105553,4208,electronics,returning,6,COD,low,9,0,Wed,0
ORD100449,2622,home,returning,8,card,low,1,3,Fri,0
ORD100596,1006,beauty,returning,8,card,low,4,7,Wed,0
ORD103601,10573,electronics,returning,5,COD,low,11,17,Sun,0
ORD101068,19440,electronics,returning,5,netbanking,low,80,22,Thu,0
ORD101942,6000,apparel,new,0,card,low,22,12,Wed,0
ORD101647,3122,beauty,returning,11,card,medium,5,7,Wed,0
ORD103971,5051,electronics,returning,4,card,low,10,13,Mon,0
ORD105271,329,grocery,returning,7,netbanking,high,10,16,Mon,0
ORD102700,2184,beauty,returning,3,UPI,medium,25,8,Mon,0
ORD101700,812,grocery,new,0,card,high,10,6,Sun,0
ORD107969,8777,electronics,returning,3,UPI,high,44,19,Wed,0
ORD104375,9285,electronics,returning,6,UPI,low,20,16,Thu,0
ORD102942,852,beauty,returning,4,UPI,low,21,12,Wed,0
ORD106684,2059,apparel,returning,6,card,low,3,10,Tue,0
ORD105743,680,grocery,returning,6,UPI,low,23,10,Mon,0
ORD102123,15170,electronics,returning,4,card,medium,28,6,Mon,0
ORD104147,4000,beauty,returning,9,card,low,15,4,Sun,0
ORD102677,1552,beauty,new,0,card,low,3,11,Sun,0
ORD105403,17307,electronics,new,0,COD,high,5,18,Wed,0
ORD105603,839,grocery,returning,12,UPI,low,9,9,Sat,0
ORD102594,773,apparel,returning,4,card,low,1,20,Wed,0
ORD105341,10158,electronics,new,0,COD,high,7,22,Sun,1
ORD103058,8937,electronics,new,0,UPI,high,16,4,Sat,1
ORD105474,1074,beauty,returning,5,UPI,low,1,21,Wed,0
ORD102876,3223,apparel,returning,5,card,medium,3,1,Sat,0
ORD104505,2392,apparel,returning,8,UPI,high,4,22,Fri,0
ORD103982,4004,home,returning,5,UPI,low,8,3,Fri,1
ORD106524,2536,apparel,returning,5,UPI,medium,10,9,Tue,0
ORD105027,3824,apparel,returning,6,UPI,low,29,3,Fri,0
ORD101200,2641,home,returning,7,UPI,low,2,11,Tue,0
ORD102025,1282,apparel,new,0,wallet,low,3,11,Thu,0
ORD100621,2018,apparel,returning,8,card,medium,3,22,Thu,0
ORD107279,1049,beauty,new,0,COD,low,17,10,Mon,0
ORD100566,471,beauty,new,0,COD,high,19,9,Sat,0
ORD107047,2535,apparel,new,0,wallet,low,6,22,Sun,0
ORD101334,472,grocery,returning,8,card,high,52,16,Mon,0
ORD103875,658,apparel,new,0,COD,low,24,15,Thu,1
ORD107607,15118,electronics,new,0,COD,low,5,16,Tue,0
ORD102099,2162,apparel,new,0,UPI,high,0,8,Mon,0
ORD103411,23926,electronics,new,0,card,medium,13,14,Sun,0
ORD101688,4401,home,returning,7,card,medium,34,11,Fri,0
ORD100745,652,apparel,new,0,card,high,36,15,Sun,0
ORD105480,15158,electronics,new,0,netbanking,low,3,21,Sat,0
ORD106710,19290,electronics,returning,5,COD,low,3,13,Thu,1
ORD100195,16320,electronics,returning,9,UPI,low,1,15,Thu,0
ORD101152,14782,electronics,new,0,card,low,4,12,Mon,0
ORD106570,2065,beauty,returning,9,COD,low,10,5,Wed,0
ORD100802,619,grocery,returning,10,card,low,7,17,Mon,0
ORD105008,833,beauty,returning,7,COD,medium,2,3,Sat,0
ORD102350,3839,electronics,returning,6,UPI,low,19,22,Fri,0
ORD107803,1065,apparel,returning,9,wallet,high,3,9,Fri,0
ORD103409,10696,electronics,returning,5,card,low,11,5,Mon,0
ORD107247,13026,electronics,new,0,COD,high,10,14,Sun,1
ORD105184,11864,electronics,returning,7,card,low,2,1,Sat,0
ORD102068,2993,apparel,returning,8,netbanking,low,3,2,Sat,0
ORD102907,8314,electronics,new,0,wallet,low,14,6,Fri,0
ORD106681,429,grocery,returning,7,wallet,medium,3,22,Mon,0
ORD107459,2461,home,returning,6,COD,medium,1,3,Sat,0
ORD100644,3793,home,returning,3,card,low,12,14,Tue,0
ORD107432,1478,beauty,new,0,card,low,0,11,Thu,1
ORD106005,767,apparel,new,0,COD,medium,32,4,Sun,1
ORD103624,2071,home,new,0,netbanking,high,0,10,Tue,0
ORD103779,1165,grocery,returning,5,card,medium,8,19,Thu,0
ORD100120,2601,home,returning,7,card,low,18,21,Mon,0
ORD101777,2511,apparel,returning,9,COD,low,12,4,Wed,0
ORD102981,971,apparel,returning,8,netbanking,medium,12,17,Mon,0
ORD104273,324,grocery,returning,5,card,low,21,13,Tue,0
ORD103074,466,grocery,new,0,UPI,medium,6,1,Thu,0
ORD106180,40209,electronics,returning,5,card,low,17,3,Sun,0
ORD106991,6000,apparel,returning,12,COD,low,19,14,Tue,0
ORD103035,991,beauty,returning,5,COD,medium,21,2,Fri,0
ORD102135,2325,home,new,0,UPI,medium,18,14,Tue,1
ORD106780,2225,apparel,returning,4,UPI,medium,4,15,Fri,0
ORD107561,1492,apparel,new,0,UPI,medium,1,12,Thu,1
ORD100134,2473,home,returning,9,UPI,medium,80,0,Wed,0
ORD107072,2862,apparel,returning,11,COD,low,21,15,Sun,0
ORD104122,684,grocery,new,0,UPI,low,33,21,Mon,0
ORD104353,12650,electronics,new,0,wallet,low,7,21,Wed,0
ORD104250,1662,apparel,new,0,netbanking,medium,11,1,Wed,0
ORD107717,3020,beauty,new,0,UPI,low,16,13,Sat,0
ORD104603,12000,home,new,0,card,low,1,11,Wed,0
ORD102559,29296,electronics,returning,7,COD,low,7,17,Sat,0
ORD100062,5601,home,returning,7,UPI,medium,2,14,Sat,0
ORD106480,1261,beauty,returning,4,UPI,low,14,10,Thu,0
ORD107486,1496,apparel,new,0,COD,low,13,14,Wed,0
ORD102467,3520,home,new,0,card,medium,2,9,Fri,0
ORD100679,4883,apparel,returning,8,COD,low,20,8,Sun,0
ORD104480,800,apparel,returning,8,card,high,14,2,Wed,0
ORD101211,732,beauty,returning,9,card,low,3,3,Fri,0
ORD102170,523,apparel,returning,8,card,medium,22,15,Sat,0
ORD106043,306,grocery,returning,5,card,medium,17,5,Sun,0
ORD106505,11153,electronics,new,0,wallet,medium,8,9,Wed,0
ORD101873,1442,grocery,returning,8,COD,low,43,10,Sat,0
ORD100648,4535,home,new,0,wallet,medium,23,19,Sun,0
ORD102596,5765,electronics,returning,10,netbanking,high,19,21,Fri,0
ORD101717,3332,home,returning,5,card,high,25,20,Mon,0
ORD106638,581,beauty,new,0,COD,medium,0,10,Thu,0
ORD102843,2537,apparel,returning,6,card,low,43,22,Thu,0
ORD101392,10094,electronics,new,0,COD,low,20,10,Thu,0
ORD106018,2143,beauty,returning,4,UPI,high,14,10,Fri,0
ORD103641,18145,electronics,returning,11,UPI,medium,8,8,Mon,0
ORD105335,1377,beauty,returning,5,COD,high,5,22,Mon,0
ORD105875,3103,apparel,returning,8,UPI,low,6,4,Sat,0
ORD100489,5235,home,returning,11,card,low,4,10,Tue,0
ORD100493,1615,apparel,new,0,UPI,low,12,12,Tue,0
ORD100690,2875,apparel,returning,4,UPI,low,5,20,Mon,0
ORD105612,1125,apparel,new,0,card,medium,14,7,Mon,0
ORD100602,253,grocery,returning,7,card,medium,21,10,Tue,0
ORD101911,14651,electronics,returning,4,card,medium,13,23,Sat,0
ORD105514,24644,electronics,returning,9,card,medium,44,18,Sun,1
ORD106025,1329,grocery,new,0,card,high,4,16,Fri,1
ORD105678,397,beauty,returning,6,COD,low,6,13,Tue,0
ORD103539,2504,apparel,returning,12,card,low,16,1,Fri,0
ORD105059,3008,electronics,new,0,UPI,medium,14,18,Thu,0
ORD102366,1215,apparel,new,0,UPI,low,3,0,Thu,0
ORD101187,869,grocery,new,0,UPI,medium,1,1,Wed,0
ORD100274,667,beauty,returning,8,card,low,2,0,Fri,0
ORD104541,12404,electronics,returning,8,UPI,low,42,23,Sun,0
ORD104996,6309,electronics,returning,10,UPI,medium,3,8,Sat,0
ORD101361,1457,apparel,new,0,netbanking,medium,12,21,Fri,0
ORD103794,4291,home,new,0,UPI,high,6,1,Wed,0
ORD103912,563,grocery,new,0,card,medium,3,7,Thu,0
ORD107881,17144,electronics,returning,6,UPI,high,8,14,Fri,0
ORD101551,2147,apparel,returning,7,UPI,low,5,15,Sun,0
ORD100330,3935,beauty,new,0,UPI,high,21,7,Sat,1
ORD107523,11379,electronics,returning,5,UPI,medium,9,18,Wed,0
ORD101337,4806,home,new,0,UPI,low,0,13,Mon,0
ORD105452,2205,beauty,returning,8,card,low,2,7,Fri,0
ORD100945,994,apparel,returning,7,UPI,low,20,16,Tue,0
ORD106296,304,beauty,returning,7,UPI,low,1,14,Wed,0
ORD102250,5969,home,new,0,card,medium,24,7,Sun,0
ORD100801,1661,apparel,new,0,UPI,medium,16,16,Thu,0
ORD102346,620,grocery,returning,6,UPI,low,30,0,Mon,0
ORD100068,26408,electronics,new,0,netbanking,low,14,0,Tue,0
ORD107677,383,grocery,returning,9,netbanking,low,2,22,Tue,0
ORD102784,12009,electronics,returning,4,COD,low,1,23,Thu,1
ORD101598,900,beauty,returning,6,card,low,16,22,Sun,0
ORD104207,11434,electronics,new,0,card,low,20,21,Sat,1
ORD106909,2096,apparel,new,0,card,high,14,4,Mon,0
ORD101503,2003,apparel,returning,8,UPI,high,3,2,Tue,0
ORD105045,926,grocery,new,0,wallet,low,36,12,Tue,0
ORD103964,2188,apparel,new,0,UPI,medium,23,20,Fri,0
ORD102259,3174,apparel,returning,7,UPI,low,16,15,Wed,0
ORD103947,10395,electronics,new,0,UPI,high,14,2,Tue,0
ORD107868,2607,home,returning,5,wallet,low,51,13,Sat,0
ORD106175,209,grocery,returning,8,netbanking,low,34,11,Fri,0
ORD105773,3198,home,returning,4,wallet,low,4,20,Sat,0
ORD100859,3458,home,returning,5,card,high,1,15,Thu,0
ORD103480,2970,apparel,returning,7,card,low,6,12,Thu,0
ORD103505,3703,home,returning,6,UPI,low,8,17,Sun,0
ORD104814,1072,apparel,returning,9,UPI,high,10,19,Fri,0
ORD107682,768,apparel,returning,5,UPI,high,0,9,Sun,0
ORD100366,2381,beauty,returning,6,card,low,48,1,Sat,0
ORD101432,16111,electronics,returning,4,netbanking,low,12,11,Thu,0
ORD104303,1129,apparel,returning,7,COD,medium,72,14,Wed,1
ORD107191,1272,apparel,returning,10,UPI,medium,13,13,Fri,0
ORD101779,2979,apparel,returning,7,UPI,low,21,9,Sun,0
ORD106964,37590,electronics,returning,12,UPI,low,8,0,Tue,1
ORD104173,707,apparel,returning,8,wallet,low,7,17,Fri,0
ORD105120,3782,home,returning,5,netbanking,medium,12,1,Fri,0
ORD100841,1210,beauty,new,0,UPI,low,4,8,Sat,0
ORD102704,1027,beauty,new,0,card,low,59,12,Mon,0
ORD101189,2779,home,returning,14,COD,low,15,14,Mon,0
ORD100175,20801,electronics,returning,10,UPI,low,13,19,Wed,0
ORD104441,1219,apparel,new,0,UPI,low,29,3,Mon,0
ORD107525,1065,apparel,new,0,UPI,medium,2,4,Wed,0
ORD100617,344,apparel,returning,9,UPI,medium,0,14,Fri,0
ORD102093,14616,electronics,returning,11,UPI,low,34,3,Wed,0
ORD105820,441,beauty,new,0,UPI,medium,1,6,Sat,0
ORD100082,3303,beauty,new,0,UPI,low,3,9,Fri,0
ORD103819,2387,beauty,returning,3,UPI,medium,23,11,Sun,0
ORD103208,13920,electronics,returning,8,UPI,medium,11,8,Sat,0
ORD100816,339,grocery,returning,5,card,low,8,21,Sun,0
ORD101030,5324,home,returning,12,COD,low,3,17,Mon,0
ORD104092,1294,beauty,returning,8,UPI,low,42,1,Thu,0
ORD100300,899,beauty,returning,4,netbanking,low,9,2,Fri,0
ORD106306,1233,beauty,returning,9,card,low,46,14,Sun,0
ORD101472,22116,electronics,returning,3,card,low,2,17,Thu,0
ORD100283,1598,apparel,returning,4,card,low,0,18,Wed,0
ORD102028,3263,home,returning,8,card,low,18,1,Thu,1
ORD104310,2042,home,returning,6,UPI,high,23,10,Sun,0
ORD104912,874,apparel,new,0,card,medium,7,17,Tue,0
ORD101813,700,apparel,returning,5,UPI,low,9,20,Mon,0
ORD101271,438,apparel,returning,4,card,low,4,14,Wed,0
ORD106209,400,beauty,returning,11,card,low,36,1,Wed,0
ORD106556,368,grocery,returning,4,UPI,low,30,7,Mon,0
ORD106612,1368,home,returning,6,COD,low,9,6,Wed,0
ORD105075,1138,apparel,returning,6,wallet,low,57,20,Sun,1
ORD105107,1703,apparel,returning,4,UPI,low,19,9,Fri,0
ORD100820,14784,electronics,returning,6,COD,high,3,9,Mon,0
ORD102313,5612,electronics,returning,4,UPI,low,3,18,Fri,1
ORD102008,4507,electronics,new,0,netbanking,medium,14,20,Mon,0
ORD104832,368,beauty,returning,9,COD,low,4,11,Sat,0
ORD106923,2203,home,returning,6,card,low,27,5,Mon,0
ORD102305,2223,apparel,returning,7,UPI,low,2,0,Sun,0
ORD105767,1723,home,returning,8,card,medium,25,4,Fri,0
ORD104698,3979,home,returning,10,UPI,medium,43,7,Sat,0
ORD100744,3293,home,returning,9,UPI,medium,6,6,Fri,0
ORD107684,10673,electronics,new,0,COD,medium,37,3,Tue,1
ORD107402,2220,apparel,returning,10,UPI,medium,21,8,Sat,0
ORD100480,738,apparel,returning,8,card,low,30,22,Thu,0
ORD107175,9993,electronics,returning,5,netbanking,medium,2,12,Sun,1
ORD107763,1109,apparel,new,0,UPI,medium,3,22,Wed,0
ORD105660,2308,apparel,new,0,COD,low,20,16,Thu,1
ORD106711,347,grocery,new,0,UPI,low,7,4,Sat,0
ORD107419,18261,electronics,new,0,UPI,low,17,4,Sun,0
ORD101437,3030,home,returning,7,card,low,49,9,Sun,0
ORD102414,3402,apparel,returning,5,UPI,low,32,19,Tue,0
ORD106057,5241,home,returning,8,card,low,10,21,Mon,1
ORD102195,3156,beauty,new,0,UPI,low,15,10,Fri,0
ORD100949,1791,apparel,returning,6,card,medium,1,22,Sat,0
ORD102067,333,grocery,returning,6,card,medium,68,6,Fri,0
ORD107652,1929,home,new,0,UPI,low,17,4,Sun,1
ORD105609,898,beauty,new,0,card,medium,35,13,Sun,0
ORD100668,1464,apparel,returning,3,card,high,14,1,Sun,1
ORD100218,398,grocery,returning,12,card,medium,18,11,Sat,0
ORD103366,880,beauty,returning,7,card,high,2,4,Mon,0
ORD107703,2348,home,new,0,card,low,24,8,Thu,0
ORD101962,1442,home,returning,4,UPI,low,2,7,Tue,0
ORD103891,3456,home,returning,11,wallet,low,31,6,Sun,0
ORD102213,740,apparel,returning,11,COD,low,3,1,Tue,0
ORD102633,6455,home,returning,9,COD,high,5,21,Sun,0
ORD103625,4173,home,new,0,COD,medium,15,3,Mon,0
ORD105309,955,apparel,new,0,COD,low,9,16,Sun,1
ORD105487,8672,electronics,new,0,netbanking,low,4,8,Sun,0
ORD100777,10962,electronics,returning,5,UPI,medium,3,23,Thu,0
ORD102434,575,beauty,returning,4,card,high,31,2,Sun,0
ORD103066,2940,apparel,new,0,netbanking,medium,30,14,Sun,0
ORD104453,2117,home,new,0,card,medium,11,4,Sun,0
ORD105747,818,grocery,new,0,UPI,low,20,18,Sun,0
ORD106858,8140,electronics,returning,9,COD,low,17,18,Thu,1
ORD101491,804,beauty,returning,8,COD,low,4,17,Mon,0
ORD103545,3470,apparel,new,0,card,medium,9,7,Sat,0
ORD103153,3478,electronics,new,0,UPI,high,19,5,Sun,0
ORD103774,510,beauty,returning,6,COD,medium,16,15,Tue,1
ORD106424,22202,electronics,new,0,UPI,low,2,13,Thu,1
ORD103589,2260,apparel,returning,8,COD,low,2,0,Wed,0
ORD106632,531,grocery,new,0,COD,low,11,8,Fri,0
ORD104641,8840,electronics,returning,5,COD,medium,6,7,Wed,0
ORD100517,272,beauty,new,0,card,high,4,9,Wed,0
ORD103944,6486,electronics,new,0,wallet,low,4,21,Wed,0
ORD104528,3215,apparel,returning,4,COD,low,8,4,Wed,0
ORD107783,711,apparel,new,0,COD,high,7,10,Wed,0
ORD106129,6504,electronics,returning,6,card,medium,25,6,Fri,0
ORD101415,986,beauty,new,0,COD,medium,15,9,Mon,0
ORD100568,753,apparel,returning,7,wallet,medium,25,8,Mon,0
ORD100360,359,grocery,returning,12,UPI,low,8,12,Sun,0
ORD104043,747,grocery,returning,6,netbanking,medium,1,9,Sun,0
ORD106898,5805,home,returning,5,wallet,low,14,4,Wed,0
ORD106218,5523,electronics,returning,7,COD,low,2,0,Mon,0
ORD104166,15960,electronics,new,0,COD,low,2,6,Wed,0
ORD103100,1024,grocery,returning,5,wallet,medium,10,21,Mon,0
ORD103914,2859,apparel,new,0,UPI,high,17,12,Fri,0
ORD100759,2204,apparel,new,0,card,high,10,12,Tue,0
ORD103548,42553,electronics,returning,8,card,low,3,8,Tue,0
ORD106523,4292,electronics,returning,8,wallet,low,8,14,Mon,0
ORD107714,1091,apparel,returning,10,COD,medium,19,12,Thu,1
ORD105230,190,beauty,returning,8,netbanking,low,7,18,Sat,0
ORD100214,1305,beauty,returning,8,wallet,low,21,3,Thu,0
ORD104028,447,apparel,returning,8,UPI,low,30,18,Sun,0
ORD106888,4435,home,new,0,COD,low,4,8,Fri,0
ORD105943,2953,beauty,returning,7,card,medium,0,8,Wed,0
ORD104077,1508,home,returning,7,UPI,medium,13,16,Sun,0
ORD100725,7000,electronics,returning,3,COD,low,4,20,Sat,0
ORD100049,7849,electronics,returning,6,UPI,high,66,15,Sun,1
ORD106271,899,apparel,new,0,card,medium,3,16,Fri,0
ORD103130,1890,apparel,new,0,card,low,19,8,Mon,0
ORD107006,1570,beauty,returning,10,UPI,medium,11,7,Sat,0
ORD107655,607,beauty,new,0,card,high,11,4,Tue,0
ORD107229,477,grocery,new,0,card,low,16,16,Sat,0
ORD100516,4678,apparel,returning,8,netbanking,low,12,16,Tue,0
ORD103168,8785,electronics,returning,8,netbanking,medium,5,21,Tue,0
ORD102949,258,grocery,returning,10,COD,low,5,17,Tue,0
ORD103879,1194,apparel,new,0,netbanking,low,2,14,Thu,0
ORD100139,13496,electronics,new,0,card,low,5,23,Sat,0
ORD103882,1135,beauty,new,0,UPI,low,24,11,Wed,1
ORD105259,12182,electronics,returning,9,COD,low,18,8,Sat,0
ORD103197,13622,electronics,returning,10,UPI,medium,2,6,Fri,0
ORD100112,808,apparel,returning,5,COD,low,9,7,Tue,0
ORD103195,1618,apparel,returning,12,UPI,medium,12,19,Sun,0
ORD100463,962,apparel,new,0,card,high,4,23,Sat,0
ORD107243,1218,beauty,new,0,card,low,24,21,Sun,0
ORD101233,2200,home,new,0,card,medium,6,1,Tue,0
ORD103250,434,grocery,new,0,COD,high,29,1,Thu,0
ORD100594,4811,electronics,returning,6,UPI,low,23,20,Thu,0
ORD104866,1040,apparel,returning,11,COD,high,8,6,Sun,1
ORD100450,4150,electronics,new,0,card,low,0,11,Mon,0
ORD107477,1058,apparel,returning,8,COD,medium,2,21,Fri,0
ORD103277,3433,home,new,0,COD,medium,28,20,Wed,1
ORD106079,448,grocery,new,0,netbanking,low,3,23,Tue,0
ORD104691,4488,apparel,new,0,wallet,medium,31,2,Fri,0
ORD100312,2229,apparel,new,0,UPI,low,23,10,Sun,0
ORD107621,491,beauty,returning,10,COD,low,5,20,Fri,0
ORD107283,8161,electronics,new,0,netbanking,medium,3,10,Fri,0
ORD104661,1221,grocery,new,0,card,low,25,6,Mon,0
ORD104851,425,beauty,new,0,COD,low,2,0,Tue,1
ORD107231,1720,apparel,returning,4,COD,low,4,7,Fri,0
ORD105396,5661,apparel,returning,7,netbanking,low,8,17,Tue,0
ORD100451,574,grocery,returning,9,UPI,low,6,9,Fri,0
ORD103166,6601,electronics,new,0,card,low,9,5,Fri,0
ORD106453,2196,apparel,returning,4,UPI,low,32,19,Sun,0
ORD106772,1764,apparel,returning,8,card,medium,23,4,Mon,0
ORD103626,1511,grocery,returning,7,COD,medium,3,6,Sun,0
ORD100890,1354,apparel,new,0,card,medium,2,5,Thu,0
ORD102763,2721,apparel,new,0,card,medium,6,7,Sat,0
ORD101506,1271,beauty,new,0,card,low,8,23,Fri,1
ORD104554,1384,apparel,returning,9,UPI,medium,40,4,Sat,0
ORD107487,17357,electronics,returning,6,UPI,low,32,5,Thu,0
ORD100999,1175,apparel,returning,12,UPI,low,19,22,Mon,0
ORD100389,707,grocery,returning,4,COD,medium,6,15,Sat,1
ORD103407,890,apparel,new,0,card,medium,40,11,Tue,0
ORD102330,6492,home,new,0,card,medium,11,20,Wed,0
ORD101476,651,apparel,new,0,card,low,0,11,Sat,0
ORD102240,1771,apparel,returning,9,UPI,low,10,23,Sun,0
ORD107193,663,apparel,returning,6,netbanking,high,16,3,Sat,0
ORD107204,3135,home,returning,4,netbanking,high,5,8,Sun,0
ORD106679,979,apparel,new,0,card,medium,3,2,Tue,0
ORD103936,886,apparel,new,0,UPI,low,17,8,Sun,0
ORD106751,1539,apparel,returning,8,UPI,low,2,3,Wed,0
ORD102972,39031,electronics,returning,9,wallet,high,20,11,Sun,0
ORD103386,3550,home,new,0,UPI,high,12,18,Wed,0
ORD102775,615,apparel,new,0,UPI,high,26,3,Thu,0
ORD101923,1828,apparel,returning,12,wallet,low,37,8,Tue,0
ORD100758,7933,electronics,new,0,COD,low,33,17,Wed,1
ORD100700,527,apparel,returning,9,netbanking,medium,3,3,Tue,1
ORD101293,2307,apparel,returning,8,UPI,medium,44,14,Thu,0
ORD102873,2440,apparel,returning,6,card,low,8,17,Wed,0
ORD106698,1060,beauty,new,0,COD,low,79,6,Sat,0
ORD106729,3199,home,new,0,UPI,low,0,6,Tue,0
ORD101907,8866,electronics,new,0,card,low,3,16,Thu,0
ORD107019,1438,home,new,0,UPI,low,26,11,Thu,0
ORD100368,1545,apparel,returning,8,card,high,19,3,Wed,0
ORD101937,4487,home,returning,10,wallet,low,1,16,Wed,0
ORD104213,7529,electronics,new,0,UPI,high,2,11,Sat,0
ORD101151,272,grocery,new,0,card,high,14,7,Mon,0
ORD107670,307,grocery,new,0,card,high,6,6,Sat,0
ORD105090,1124,apparel,returning,4,UPI,low,5,18,Fri,0
ORD104192,2720,home,returning,8,card,medium,38,23,Wed,0
ORD103010,4408,apparel,returning,8,netbanking,medium,21,19,Mon,0
ORD107867,19915,electronics,returning,5,card,medium,21,7,Wed,0
ORD100191,1705,apparel,returning,3,UPI,low,4,1,Sun,0
ORD107277,1961,home,new,0,netbanking,high,43,14,Sat,0
ORD104427,32895,electronics,returning,7,COD,medium,6,0,Fri,0
ORD100174,19862,electronics,returning,8,UPI,medium,5,1,Sat,0
ORD101903,9586,electronics,returning,8,card,high,41,18,Fri,0
ORD101099,15978,electronics,returning,3,UPI,high,11,4,Fri,0
ORD105313,7526,home,returning,6,netbanking,low,2,0,Fri,0
ORD103646,1298,apparel,returning,7,COD,high,1,13,Thu,0
ORD103408,2781,home,returning,9,card,low,13,0,Fri,0
ORD102292,7027,home,new,0,wallet,medium,25,9,Sun,0
ORD106974,7170,home,returning,4,netbanking,medium,14,9,Thu,0
ORD107776,8659,electronics,returning,8,UPI,low,8,8,Mon,0
ORD105321,6928,home,new,0,card,low,0,15,Wed,0
ORD104898,405,grocery,new,0,card,low,11,18,Mon,0
ORD101164,12889,electronics,new,0,card,low,6,14,Sat,0
ORD105151,35493,electronics,returning,8,UPI,medium,16,4,Mon,0
ORD104651,1248,beauty,new,0,wallet,low,17,2,Thu,0
ORD106957,3465,home,returning,10,UPI,low,2,7,Mon,0
ORD105022,1018,grocery,returning,7,UPI,low,4,7,Mon,0
ORD103664,1112,apparel,returning,7,card,medium,8,8,Sun,0
ORD105673,3009,home,returning,7,card,low,3,4,Thu,0
ORD101661,3513,home,new,0,UPI,medium,17,9,Wed,0
ORD100508,1170,apparel,returning,8,COD,low,24,22,Fri,1
ORD100166,2687,beauty,returning,9,UPI,low,7,11,Fri,0
ORD105518,7682,electronics,returning,13,COD,medium,21,23,Thu,1
ORD103269,20156,electronics,new,0,UPI,low,2,9,Mon,0
ORD105405,1416,beauty,returning,4,UPI,low,33,18,Sat,0
ORD103494,14571,electronics,returning,4,UPI,low,8,21,Fri,0
ORD100103,916,grocery,new,0,COD,low,2,9,Sat,0
ORD103265,2119,apparel,returning,7,card,low,2,9,Sun,0
ORD101111,1360,apparel,returning,8,UPI,medium,5,22,Wed,0
ORD104868,2922,apparel,returning,9,wallet,low,25,3,Wed,0
ORD104075,703,apparel,new,0,card,medium,11,9,Tue,0
ORD101104,12274,electronics,returning,8,card,high,2,0,Sat,0
ORD104938,10038,home,returning,7,card,low,5,18,Tue,0
ORD101752,1137,grocery,returning,7,netbanking,medium,7,0,Sat,0
ORD107148,1707,beauty,returning,6,UPI,medium,4,13,Fri,0
ORD104507,17270,electronics,returning,9,card,low,1,17,Wed,0
ORD104168,2811,home,returning,6,COD,medium,17,22,Fri,0
ORD107105,14675,electronics,new,0,card,low,22,7,Sat,0
ORD105284,23339,electronics,returning,6,UPI,medium,13,19,Wed,0
ORD101658,1727,apparel,new,0,card,low,69,19,Sun,1
ORD102483,1363,apparel,returning,7,COD,low,18,20,Sat,0
ORD101583,3967,apparel,new,0,card,low,17,2,Sat,0
ORD106735,501,grocery,returning,8,COD,high,10,22,Thu,0
ORD102552,1107,home,new,0,COD,low,3,14,Mon,0
ORD107830,390,grocery,returning,10,card,medium,3,9,Fri,0
ORD103931,2059,home,new,0,COD,medium,2,7,Tue,0
ORD103722,657,grocery,returning,5,COD,high,25,8,Fri,0
ORD104371,22938,electronics,returning,5,netbanking,medium,12,11,Fri,0
ORD106451,1693,apparel,new,0,COD,medium,5,13,Wed,0
ORD103803,12818,electronics,returning,10,UPI,low,18,0,Wed,1
ORD106993,6733,home,returning,5,wallet,medium,4,7,Sat,0
ORD102209,16691,electronics,new,0,UPI,low,17,20,Sun,0
ORD104467,3239,home,returning,7,card,low,11,9,Mon,0
ORD102985,1078,apparel,new,0,UPI,medium,11,8,Mon,0
ORD101822,3360,home,returning,11,UPI,low,28,4,Tue,0
ORD103989,712,grocery,new,0,card,medium,38,23,Sat,0
ORD106179,1967,apparel,returning,6,UPI,low,7,1,Sat,0
ORD104590,2041,apparel,new,0,UPI,low,4,13,Sun,0
ORD106701,1937,home,new,0,card,low,2,19,Sun,0
ORD105082,1794,apparel,returning,15,UPI,low,28,13,Sun,1
ORD100309,19087,electronics,new,0,UPI,high,22,9,Tue,1
ORD100212,7335,electronics,returning,5,UPI,high,6,17,Fri,0
ORD107799,1557,apparel,new,0,card,low,15,10,Fri,0
ORD103599,799,apparel,returning,15,COD,low,5,17,Sat,0
ORD107378,1783,apparel,returning,6,wallet,medium,19,22,Tue,0
ORD103450,1079,beauty,new,0,card,high,1,9,Tue,0
ORD100495,4865,home,returning,10,netbanking,medium,20,19,Sat,0
ORD103256,12131,electronics,new,0,UPI,medium,18,3,Sun,0
ORD100205,1151,apparel,returning,6,card,low,16,22,Sat,0
ORD100868,7111,electronics,new,0,card,low,8,18,Tue,0
ORD102749,9148,electronics,returning,6,wallet,medium,3,8,Mon,0
ORD103613,1148,grocery,returning,7,card,low,11,19,Mon,0
ORD100305,566,apparel,new,0,COD,medium,14,1,Sat,1
ORD104240,1100,beauty,returning,8,UPI,high,15,10,Tue,0
ORD104041,3102,beauty,returning,5,card,medium,18,14,Sat,0
ORD101988,1152,grocery,new,0,UPI,low,21,22,Wed,0
ORD103240,959,grocery,returning,5,UPI,low,69,3,Sat,0
ORD102798,1997,home,returning,15,COD,low,1,3,Fri,0
ORD101534,11235,electronics,new,0,UPI,medium,20,22,Mon,0
ORD101987,1046,beauty,returning,5,COD,medium,0,10,Wed,0
ORD107202,11390,electronics,returning,7,UPI,low,16,0,Thu,0
ORD101714,1381,apparel,returning,6,UPI,medium,4,9,Sat,0
ORD100211,5946,home,returning,4,card,low,5,11,Wed,0
ORD106426,6419,electronics,new,0,card,high,16,12,Thu,0
ORD101957,12806,electronics,returning,7,card,low,4,0,Sun,0
ORD105246,3410,home,returning,7,COD,medium,12,2,Sat,0
ORD102727,16966,electronics,new,0,card,low,0,19,Wed,0
ORD106239,2914,home,new,0,UPI,low,15,16,Sat,0
ORD106098,6225,home,returning,5,card,high,6,1,Sat,0
ORD101349,18014,electronics,new,0,COD,low,9,9,Sun,0
ORD105026,3672,apparel,returning,6,COD,low,13,21,Wed,0
ORD105873,3769,electronics,returning,7,UPI,low,56,22,Sat,0
ORD103580,485,beauty,new,0,card,high,10,2,Thu,0
ORD100680,3072,electronics,new,0,wallet,low,5,20,Sat,0
ORD100180,557,grocery,new,0,card,high,8,9,Mon,0
ORD107613,1829,apparel,new,0,card,high,63,0,Sun,1
ORD104022,800,apparel,returning,9,UPI,high,13,2,Mon,0
ORD105976,761,beauty,new,0,COD,medium,5,22,Fri,0
ORD103844,447,grocery,new,0,UPI,medium,38,2,Sat,0
ORD103319,2354,apparel,new,0,COD,low,15,3,Sun,0
ORD103252,1761,apparel,returning,4,COD,medium,5,21,Wed,0
ORD102518,872,home,returning,6,COD,low,7,21,Mon,0
ORD102480,6819,home,new,0,UPI,medium,14,9,Fri,0
ORD100289,15628,electronics,returning,6,card,medium,9,22,Mon,0
ORD103075,623,grocery,returning,7,COD,low,38,19,Wed,0
ORD104215,19226,electronics,returning,7,UPI,medium,6,8,Fri,0
ORD106020,533,grocery,returning,11,netbanking,medium,4,19,Wed,0
ORD102236,7954,electronics,returning,4,UPI,medium,13,14,Sat,0
ORD107467,12228,electronics,new,0,COD,high,19,20,Sat,0
ORD100039,1806,home,returning,12,card,low,32,7,Wed,0
ORD107565,375,grocery,returning,9,UPI,medium,16,7,Sat,0
ORD105418,23204,electronics,new,0,wallet,low,23,13,Mon,0
ORD105661,21839,electronics,returning,5,wallet,low,1,7,Tue,0
ORD102754,622,grocery,returning,5,wallet,medium,17,18,Mon,0
ORD106417,9465,electronics,returning,7,card,high,27,4,Tue,0
ORD100270,10185,electronics,returning,8,card,low,4,19,Sun,0
ORD103881,563,grocery,new,0,UPI,low,3,15,Fri,0
ORD102883,586,apparel,returning,6,netbanking,low,6,4,Fri,0
ORD106542,515,grocery,new,0,COD,low,13,7,Tue,0
ORD105250,1808,apparel,returning,9,UPI,low,3,22,Tue,0
ORD106355,932,apparel,returning,7,card,medium,16,23,Wed,0
ORD106223,5743,electronics,returning,7,card,low,13,1,Sun,0
ORD100111,39631,electronics,returning,8,UPI,low,70,7,Tue,0
ORD103218,1167,apparel,returning,5,UPI,medium,2,21,Fri,0
ORD101391,2891,beauty,returning,5,card,high,4,7,Sun,0
ORD102600,1271,apparel,new,0,COD,low,44,8,Thu,0
ORD100220,1853,apparel,returning,4,COD,low,13,5,Tue,0
ORD104726,1915,beauty,new,0,card,low,16,18,Wed,0
ORD107391,22613,electronics,new,0,card,high,4,22,Sun,0
ORD105724,836,beauty,new,0,UPI,low,8,6,Sat,0
ORD100083,12557,electronics,returning,7,wallet,low,1,10,Mon,0
ORD100873,1217,apparel,returning,8,UPI,medium,9,3,Mon,0
ORD107413,2045,home,returning,13,UPI,low,0,12,Mon,0
ORD105015,1198,apparel,new,0,UPI,low,10,13,Tue,0
ORD107642,624,apparel,new,0,card,low,13,8,Sun,1
ORD105793,15183,electronics,new,0,UPI,medium,11,23,Sat,0
ORD100551,8277,electronics,returning,8,UPI,low,26,6,Wed,0
ORD103995,8597,electronics,returning,9,UPI,low,0,17,Sat,0
ORD102374,300,apparel,returning,3,card,low,2,18,Sun,0
ORD104205,1383,beauty,new,0,card,low,14,20,Thu,0
ORD102246,1193,apparel,returning,6,card,low,3,20,Fri,0
ORD107531,11228,electronics,new,0,UPI,low,4,7,Sun,0
ORD104556,2772,beauty,returning,3,card,medium,5,8,Mon,0
ORD102450,1801,home,returning,5,wallet,low,7,1,Sat,0
ORD102329,1523,apparel,new,0,wallet,low,0,0,Fri,1
ORD106716,3578,beauty,returning,9,COD,medium,7,11,Thu,0
ORD107552,872,apparel,returning,7,netbanking,high,3,20,Sat,0
ORD104416,1814,home,new,0,card,high,7,17,Thu,0
ORD107066,2909,beauty,new,0,card,low,1,5,Wed,0
ORD100650,2153,apparel,new,0,card,low,20,15,Mon,0
ORD107522,1139,apparel,returning,5,COD,medium,12,20,Wed,0
ORD100708,1399,apparel,new,0,UPI,low,21,19,Thu,1
ORD106844,12000,home,returning,15,COD,low,37,16,Thu,0
ORD104269,1352,beauty,returning,7,card,low,4,5,Sun,0
ORD104369,1128,apparel,returning,5,UPI,low,18,19,Thu,0
ORD106929,283,grocery,new,0,COD,low,15,16,Wed,0
ORD103063,317,grocery,returning,6,UPI,low,2,6,Tue,0
ORD105378,41139,electronics,new,0,netbanking,high,6,2,Thu,0
ORD103349,3713,apparel,returning,7,COD,low,37,22,Mon,0
ORD101424,2033,apparel,new,0,UPI,low,4,23,Fri,0
ORD101216,1814,apparel,new,0,UPI,medium,0,22,Wed,0
ORD106116,535,apparel,returning,6,card,high,9,11,Fri,0
ORD101064,1649,apparel,new,0,card,medium,3,7,Mon,0
ORD103786,840,grocery,returning,9,UPI,low,45,22,Thu,0
ORD100314,2285,apparel,new,0,UPI,low,7,5,Fri,0
ORD106009,376,grocery,returning,4,netbanking,medium,21,16,Wed,0
ORD101427,28330,electronics,returning,4,card,low,1,19,Sat,0
ORD107214,802,beauty,returning,7,COD,medium,2,2,Sun,0
ORD107338,9288,electronics,returning,3,UPI,high,9,5,Sun,0
ORD103129,249,grocery,returning,11,wallet,low,6,15,Tue,0
ORD107995,810,apparel,new,0,UPI,low,23,19,Thu,0
ORD106479,1157,apparel,new,0,wallet,low,24,22,Thu,0
ORD103008,10670,electronics,returning,7,COD,low,23,8,Fri,0
ORD106625,601,grocery,returning,13,netbanking,medium,12,23,Mon,0
ORD101105,2163,beauty,returning,5,COD,medium,4,2,Thu,0
ORD104383,837,apparel,new,0,UPI,low,7,7,Wed,0
ORD105899,6501,electronics,new,0,card,medium,75,2,Wed,0
ORD105700,2394,beauty,returning,5,UPI,medium,8,10,Thu,0
ORD107997,662,apparel,returning,8,netbanking,medium,3,15,Fri,0
ORD106953,8228,home,new,0,UPI,low,6,6,Mon,0
ORD100684,4000,home,new,0,UPI,medium,4,1,Mon,0
ORD106115,354,beauty,returning,11,UPI,low,11,15,Fri,0
ORD102765,731,grocery,returning,4,UPI,low,9,9,Wed,0
ORD104949,731,beauty,new,0,UPI,low,11,19,Fri,0
ORD107196,7261,electronics,new,0,card,medium,4,17,Sat,1
ORD104943,600,grocery,returning,8,UPI,low,35,16,Sat,0
ORD103682,770,apparel,returning,10,COD,low,20,3,Sat,0
ORD107332,1313,apparel,returning,10,COD,high,10,15,Thu,0
ORD106883,956,beauty,returning,10,wallet,low,20,3,Fri,0
ORD106942,2717,home,new,0,netbanking,low,4,9,Sat,0
ORD104334,1290,beauty,new,0,card,low,10,15,Wed,0
ORD103824,962,beauty,returning,7,UPI,low,1,5,Sat,0
ORD100326,895,beauty,new,0,UPI,low,10,9,Sat,0
ORD102652,603,beauty,new,0,UPI,medium,4,17,Tue,0
ORD107743,1017,grocery,returning,6,COD,low,41,18,Sun,0
ORD102176,5147,apparel,returning,12,UPI,low,20,0,Wed,0
ORD104405,2390,home,new,0,card,low,13,4,Mon,1
ORD104740,10969,electronics,returning,11,UPI,low,7,19,Sat,0
ORD106930,3388,apparel,returning,3,card,low,9,11,Tue,0
ORD103318,12336,electronics,new,0,card,medium,22,6,Tue,0
ORD104746,1657,apparel,returning,6,COD,low,40,16,Sat,0
ORD104180,557,beauty,returning,4,COD,low,8,4,Wed,0
ORD107895,2237,home,returning,2,UPI,high,28,23,Tue,0
ORD102787,2776,home,returning,8,UPI,medium,23,22,Fri,0
ORD105462,10239,electronics,returning,13,netbanking,low,12,12,Fri,0
ORD104189,1392,apparel,returning,7,UPI,low,13,10,Tue,0
ORD101676,743,beauty,returning,8,UPI,low,11,16,Mon,0
ORD107168,1601,home,returning,13,COD,low,19,18,Fri,0
ORD100348,2658,home,returning,5,card,low,12,9,Tue,1
ORD106792,289,beauty,new,0,netbanking,low,8,13,Mon,0
ORD106160,915,beauty,new,0,UPI,low,17,4,Thu,0
ORD105099,796,grocery,returning,7,COD,medium,19,10,Wed,0
ORD101626,2876,apparel,returning,10,card,low,16,0,Fri,0
ORD104094,17078,electronics,returning,5,COD,low,8,14,Mon,0
ORD105784,1314,apparel,returning,7,netbanking,medium,5,10,Sun,0
ORD102369,4605,home,returning,5,netbanking,medium,15,1,Wed,0
ORD100871,4165,electronics,new,0,wallet,low,3,0,Thu,0
ORD105746,20045,electronics,returning,3,UPI,medium,11,9,Sun,0
ORD102217,446,grocery,new,0,UPI,low,8,18,Sat,0
ORD102218,878,grocery,returning,12,netbanking,low,6,8,Sat,0
ORD103326,663,apparel,returning,5,COD,low,4,3,Thu,0
ORD106774,4666,home,returning,2,card,high,12,2,Sun,0
ORD103583,944,beauty,returning,6,UPI,low,9,21,Mon,0
ORD106281,716,apparel,returning,6,COD,medium,4,5,Thu,0
ORD102121,7749,electronics,new,0,wallet,low,1,19,Sun,0
ORD105058,4728,home,new,0,card,high,3,22,Sat,0
ORD100136,966,grocery,returning,8,COD,medium,7,16,Tue,0
ORD106280,2393,beauty,returning,6,UPI,low,15,12,Fri,0
ORD100085,6054,electronics,new,0,UPI,medium,11,18,Thu,0
ORD107471,694,beauty,returning,9,card,medium,10,8,Mon,0
ORD102801,1051,apparel,returning,3,card,low,15,20,Thu,0
ORD103671,5317,home,returning,5,UPI,high,19,17,Wed,0
ORD106321,942,apparel,new,0,card,low,20,3,Fri,0
ORD107326,425,grocery,returning,6,COD,medium,21,10,Sat,0
ORD102880,8434,electronics,returning,8,wallet,high,4,11,Thu,0
ORD106551,2406,apparel,new,0,COD,low,1,7,Sun,0
ORD100494,1415,beauty,returning,10,COD,low,4,15,Sat,0
ORD102019,1187,apparel,returning,7,card,medium,6,18,Sat,0
ORD105144,938,apparel,new,0,netbanking,high,32,0,Sun,0
ORD104810,1886,home,returning,5,card,high,5,18,Tue,0
ORD106193,916,apparel,new,0,card,low,0,8,Fri,0
ORD107421,7933,electronics,returning,10,card,low,8,21,Tue,0
ORD101270,1383,grocery,new,0,COD,medium,18,19,Wed,0
ORD104594,2669,electronics,returning,5,UPI,high,2,5,Fri,0
ORD104527,761,beauty,returning,11,COD,medium,14,8,Thu,0
ORD102895,8151,electronics,new,0,COD,high,8,2,Mon,1
ORD107368,530,grocery,new,0,card,low,5,20,Tue,0
ORD100618,11743,electronics,returning,11,netbanking,low,15,22,Wed,0
ORD106853,1670,apparel,new,0,COD,medium,56,10,Thu,0
ORD103425,4539,home,returning,5,COD,medium,0,4,Sat,0
ORD104436,683,beauty,returning,7,card,low,17,3,Tue,0
ORD107847,1512,apparel,returning,11,UPI,low,1,13,Tue,0
ORD104367,5186,home,returning,3,UPI,low,1,11,Tue,0
ORD104030,2596,home,returning,11,UPI,low,24,13,Mon,0
ORD101413,556,grocery,new,0,UPI,low,14,14,Tue,0
ORD102201,405,grocery,returning,8,card,low,25,23,Sat,0
ORD102001,916,apparel,returning,7,COD,medium,11,9,Wed,1
ORD100869,10239,electronics,new,0,netbanking,low,1,12,Sun,0
ORD103090,498,grocery,returning,9,UPI,low,62,4,Mon,0
ORD105558,1531,home,returning,7,COD,high,9,16,Sat,0
ORD100356,1646,beauty,returning,9,card,low,15,23,Sat,0
ORD101162,1655,beauty,returning,9,UPI,low,0,19,Wed,0
ORD106089,606,beauty,returning,3,card,medium,28,23,Sat,0
ORD103064,2074,apparel,returning,8,UPI,low,9,16,Mon,0
ORD104046,717,apparel,returning,10,UPI,low,30,20,Sat,0
ORD105041,29748,electronics,returning,17,UPI,low,19,8,Fri,0
ORD105055,748,apparel,returning,6,UPI,low,6,10,Sun,0
ORD102607,1423,apparel,returning,9,wallet,low,4,5,Sat,0
ORD101890,1499,apparel,returning,10,COD,low,9,7,Sun,0
ORD100579,4467,apparel,returning,10,netbanking,low,0,18,Thu,0
ORD102319,429,grocery,returning,2,wallet,high,17,10,Wed,0
ORD104326,9429,electronics,new,0,wallet,low,11,20,Sun,0
ORD106813,29722,electronics,new,0,card,low,0,15,Thu,0
ORD101691,749,grocery,returning,9,card,low,16,14,Thu,0
ORD100862,962,beauty,returning,8,UPI,low,0,13,Sun,0
ORD105433,3000,apparel,new,0,card,medium,6,8,Thu,1
ORD102380,662,beauty,new,0,netbanking,low,17,12,Fri,0
ORD102378,6902,electronics,returning,5,card,high,19,15,Fri,1
ORD106947,1125,beauty,returning,9,UPI,low,19,22,Sat,0
ORD103792,16765,electronics,returning,10,card,medium,23,13,Wed,0
ORD107826,2760,beauty,new,0,card,low,15,11,Sun,0
ORD105939,440,beauty,returning,7,UPI,high,70,22,Wed,0
ORD107261,1885,beauty,new,0,card,low,11,10,Thu,0
ORD103499,799,grocery,returning,7,UPI,medium,25,17,Thu,0
ORD104391,841,beauty,new,0,COD,low,54,13,Mon,0
ORD101116,8963,electronics,returning,7,COD,low,37,9,Sun,0
ORD101541,1567,apparel,returning,7,UPI,low,18,4,Sun,0
ORD106167,875,apparel,returning,7,UPI,high,2,6,Wed,1
ORD107985,11163,electronics,new,0,COD,low,16,9,Mon,0
ORD105416,26971,electronics,new,0,COD,medium,36,1,Wed,0
ORD106393,45000,electronics,new,0,card,low,29,5,Mon,0
ORD103661,1439,grocery,returning,10,COD,high,17,16,Fri,1
ORD104529,1754,home,returning,9,card,low,15,4,Mon,0
ORD105365,417,grocery,new,0,card,low,8,14,Sun,0
ORD105228,26936,electronics,returning,5,netbanking,low,2,0,Sun,0
ORD107836,1248,apparel,returning,6,UPI,medium,5,14,Sat,0
ORD103365,2147,apparel,new,0,wallet,low,4,20,Thu,0
ORD107494,375,grocery,returning,6,card,low,6,13,Fri,0
ORD107920,3265,home,returning,5,card,medium,7,12,Wed,0
ORD104284,1302,grocery,new,0,COD,low,3,4,Tue,0
ORD107107,5980,home,new,0,card,medium,11,19,Sun,0
ORD107884,16833,electronics,returning,4,COD,medium,6,23,Thu,0
ORD103809,2633,beauty,returning,8,card,low,14,16,Fri,0
ORD106725,1648,apparel,returning,7,UPI,low,30,22,Fri,0
ORD106036,392,grocery,returning,6,wallet,low,3,21,Fri,0
ORD107109,8054,electronics,returning,6,COD,medium,1,19,Fri,0
ORD107622,16801,electronics,returning,6,card,low,57,18,Fri,0
ORD104350,21025,electronics,returning,8,COD,low,6,19,Fri,0
ORD107439,2500,grocery,new,0,UPI,low,8,10,Sun,0
ORD105331,1809,beauty,returning,7,COD,medium,2,12,Tue,0
ORD107668,7914,home,returning,5,UPI,low,24,20,Tue,1
ORD103667,13108,electronics,returning,13,UPI,low,9,15,Wed,0
ORD102052,1392,apparel,new,0,UPI,medium,14,4,Thu,0
ORD104254,1156,beauty,returning,5,card,high,9,19,Sun,0
ORD101776,815,beauty,returning,5,card,low,20,23,Sat,1
ORD103313,5177,home,new,0,COD,medium,9,20,Sun,0
ORD104919,4527,apparel,returning,5,card,medium,30,19,Wed,0
ORD102536,624,beauty,returning,5,UPI,low,18,0,Thu,0
ORD107713,2966,apparel,returning,6,UPI,low,4,7,Fri,0
ORD103509,1199,apparel,returning,8,card,low,19,13,Fri,0
ORD106950,4306,home,returning,5,netbanking,medium,41,20,Thu,0
ORD105874,15649,electronics,new,0,UPI,medium,8,10,Tue,1
ORD102611,1981,beauty,returning,3,UPI,high,1,14,Sat,0
ORD105456,23997,electronics,returning,10,netbanking,low,0,15,Sat,0
ORD104322,4411,home,returning,7,card,low,11,0,Sun,0
ORD100490,947,beauty,new,0,UPI,low,22,2,Mon,0
ORD102910,644,beauty,returning,9,netbanking,low,4,9,Mon,0
ORD101006,753,grocery,new,0,card,low,13,17,Sun,0
ORD106389,26783,electronics,returning,5,card,high,11,8,Fri,0
ORD103431,1811,home,new,0,UPI,high,56,0,Fri,0
ORD102503,772,beauty,returning,9,wallet,low,3,2,Fri,0
ORD107435,4800,apparel,returning,8,card,high,9,13,Tue,0
ORD100025,14357,electronics,returning,6,card,high,2,14,Thu,0
ORD102409,439,grocery,returning,6,netbanking,low,8,10,Tue,0
ORD103270,495,grocery,returning,5,card,low,22,8,Sun,0
ORD101552,1909,apparel,returning,4,card,low,0,0,Fri,1
ORD106874,2200,apparel,returning,8,COD,low,22,15,Mon,0
ORD105990,15171,electronics,returning,6,UPI,low,30,3,Fri,0
ORD103871,28297,electronics,returning,11,netbanking,low,4,7,Sun,0
ORD103402,1836,home,returning,9,card,low,1,14,Tue,0
ORD100979,18985,electronics,returning,10,netbanking,high,20,2,Wed,0
ORD102655,2500,grocery,returning,10,card,medium,3,1,Wed,1
ORD101847,3116,home,returning,10,wallet,low,18,10,Mon,0
ORD105227,8749,electronics,new,0,UPI,low,25,19,Tue,0
ORD106865,2886,apparel,returning,5,UPI,medium,9,20,Thu,0
ORD104705,2811,apparel,new,0,UPI,medium,16,18,Mon,0
ORD105953,7872,electronics,returning,11,UPI,low,10,11,Sat,0
ORD104745,29427,electronics,returning,12,UPI,low,8,6,Sat,0
ORD101102,1828,beauty,new,0,UPI,low,2,17,Fri,1
ORD103276,2125,apparel,new,0,card,medium,21,11,Sat,1
ORD105643,1893,apparel,returning,5,COD,low,17,7,Fri,0
ORD105948,1123,apparel,new,0,UPI,low,2,18,Tue,0
ORD107754,559,apparel,new,0,COD,low,6,16,Mon,1
ORD103996,8314,electronics,returning,8,card,high,4,3,Tue,0
ORD100194,4663,electronics,returning,11,card,low,5,11,Fri,0
ORD100643,1185,apparel,new,0,UPI,low,66,11,Sat,1
ORD103285,3783,home,returning,7,COD,low,79,7,Sun,0
ORD103116,5824,electronics,returning,7,UPI,low,7,6,Mon,0
ORD103575,1050,apparel,returning,4,UPI,low,29,4,Mon,0
ORD106566,1895,home,returning,6,UPI,low,15,14,Fri,0
ORD102207,2044,apparel,new,0,card,low,20,0,Sun,0
ORD100972,12941,electronics,new,0,card,high,26,1,Tue,1
ORD100719,611,grocery,new,0,UPI,low,6,17,Tue,0
ORD107163,748,beauty,new,0,wallet,low,2,7,Thu,0
ORD103896,3335,apparel,new,0,UPI,low,2,7,Sat,1
ORD102803,1343,home,new,0,UPI,high,3,8,Thu,0
ORD104025,1299,grocery,returning,6,card,low,8,9,Fri,0
ORD100032,2345,apparel,returning,9,COD,low,28,16,Sun,0
ORD106302,1617,home,new,0,card,high,7,2,Sun,1
ORD104063,3584,home,returning,6,COD,low,7,7,Mon,0
ORD106460,3943,apparel,new,0,UPI,high,24,6,Sun,0
ORD102222,1652,apparel,new,0,UPI,low,49,13,Mon,0
ORD103764,5587,electronics,new,0,UPI,medium,12,9,Sat,0
ORD103866,4009,home,new,0,UPI,low,17,16,Mon,0
ORD106447,484,apparel,returning,4,netbanking,medium,16,21,Sat,0
ORD104397,423,beauty,returning,11,wallet,low,8,17,Mon,0
ORD105926,1126,beauty,new,0,card,low,1,10,Wed,0
ORD103758,243,grocery,returning,10,netbanking,low,9,8,Tue,0
ORD105339,1626,apparel,new,0,card,low,3,6,Wed,0
ORD103227,6797,electronics,returning,8,card,low,6,8,Sun,0
ORD105623,2110,home,new,0,UPI,medium,12,13,Mon,0
ORD103904,2423,apparel,returning,6,wallet,medium,20,19,Mon,1
ORD102277,10505,electronics,returning,6,wallet,high,11,10,Wed,0
ORD104490,4389,home,new,0,UPI,low,22,16,Mon,0
ORD101401,16858,electronics,new,0,card,medium,35,4,Thu,1
ORD104902,15586,electronics,returning,7,UPI,medium,10,20,Sat,0
ORD107272,25081,electronics,returning,6,wallet,medium,30,14,Fri,0
ORD106189,2341,home,returning,6,UPI,low,5,6,Wed,0
ORD105381,702,beauty,returning,8,COD,low,20,2,Sat,0
ORD107998,1854,apparel,returning,8,wallet,high,6,17,Wed,0
ORD107854,3940,apparel,returning,8,card,high,18,1,Fri,0
ORD100674,3793,home,returning,8,netbanking,low,4,16,Tue,0
ORD104194,763,apparel,returning,14,UPI,high,35,14,Thu,0
ORD103841,5850,home,new,0,wallet,low,7,22,Fri,0
ORD101815,4923,home,returning,3,UPI,medium,7,21,Sun,0
ORD105572,3444,home,returning,10,card,low,12,4,Wed,0
ORD107750,379,grocery,returning,8,card,low,7,0,Tue,0
ORD106847,922,apparel,returning,10,UPI,high,15,10,Tue,0
ORD105973,1182,grocery,returning,8,COD,high,40,0,Sun,0
ORD102100,834,beauty,new,0,UPI,medium,33,7,Sun,0
ORD106745,10080,electronics,new,0,card,medium,13,20,Tue,0
ORD102101,9150,electronics,returning,4,COD,low,10,4,Mon,0
ORD101548,606,apparel,returning,9,netbanking,low,3,14,Sun,0
ORD104217,8585,electronics,new,0,COD,medium,41,3,Sat,1
ORD107747,4859,home,returning,5,card,medium,6,20,Tue,1
ORD100355,2516,home,returning,4,UPI,low,4,5,Tue,0
ORD101461,1521,home,new,0,UPI,low,10,20,Sat,1
ORD107093,1427,beauty,new,0,wallet,medium,22,3,Sat,0
ORD103220,1419,apparel,new,0,wallet,low,13,19,Wed,1
ORD105720,798,beauty,returning,5,UPI,low,14,3,Thu,0
ORD105176,5679,electronics,new,0,COD,low,46,9,Sat,0
ORD105255,351,grocery,returning,8,netbanking,high,17,23,Thu,0
ORD104989,19517,electronics,returning,11,card,medium,41,16,Fri,0
ORD101196,3393,apparel,new,0,UPI,high,54,11,Sat,0
ORD101878,3088,home,returning,8,netbanking,medium,19,10,Wed,0
ORD107983,403,grocery,returning,5,wallet,medium,12,8,Thu,0
ORD102005,135,grocery,new,0,UPI,high,38,2,Tue,0
ORD103893,3041,home,returning,4,wallet,low,2,5,Sat,0
ORD102078,2680,apparel,new,0,netbanking,medium,33,10,Thu,1
ORD100396,2174,beauty,new,0,COD,low,4,10,Mon,0
ORD102788,1204,grocery,returning,4,COD,low,6,5,Sat,0
ORD107858,697,beauty,new,0,wallet,low,26,12,Sun,1
ORD104763,1968,home,returning,7,UPI,low,1,8,Tue,0
ORD101519,5722,electronics,returning,14,card,medium,3,20,Thu,0
ORD105633,14076,electronics,new,0,wallet,low,2,12,Sat,0
ORD101023,1492,home,returning,6,card,low,9,2,Sun,0
ORD105017,3701,apparel,returning,6,wallet,low,18,14,Thu,0
ORD102857,1258,apparel,new,0,UPI,low,9,14,Fri,0
ORD101629,1594,apparel,new,0,card,low,19,4,Tue,1
ORD103523,3387,apparel,returning,6,card,low,6,23,Sat,0
ORD107650,1473,beauty,new,0,COD,medium,4,17,Sun,0
ORD103607,1484,apparel,new,0,wallet,high,51,4,Sat,0
ORD100234,605,grocery,new,0,COD,medium,1,12,Mon,0
ORD107822,2348,apparel,new,0,UPI,low,14,0,Thu,0
ORD103796,4766,home,new,0,card,high,29,21,Sun,0
ORD104118,3027,apparel,returning,9,UPI,low,6,11,Wed,0
ORD103800,9181,electronics,returning,11,wallet,low,11,3,Fri,0
ORD104955,2356,apparel,returning,3,COD,medium,53,9,Sun,0
ORD105897,1962,beauty,returning,8,UPI,medium,14,18,Wed,0
ORD101948,5789,electronics,new,0,COD,medium,11,0,Sun,0
ORD104959,470,beauty,new,0,COD,medium,23,14,Tue,1
ORD103492,748,grocery,returning,9,UPI,low,14,14,Sun,0
ORD102671,561,apparel,new,0,wallet,low,5,1,Wed,0
ORD101106,7835,electronics,returning,9,UPI,low,30,2,Sat,1
ORD107025,4244,home,new,0,card,medium,5,3,Sun,0
ORD100818,2407,home,new,0,card,low,21,16,Sun,0
ORD107102,4708,home,returning,6,wallet,medium,9,2,Thu,0
ORD100888,12515,electronics,new,0,card,low,9,15,Thu,0
ORD102437,3145,home,returning,6,card,medium,42,23,Sat,0
ORD100817,2413,home,returning,8,card,low,0,9,Fri,0
ORD103414,2185,apparel,returning,12,wallet,medium,9,18,Thu,0
ORD102341,22540,electronics,returning,5,COD,low,14,14,Sat,0
ORD106576,866,apparel,new,0,netbanking,low,11,15,Tue,0
ORD103167,11400,electronics,new,0,netbanking,medium,19,10,Tue,1
ORD105916,253,beauty,new,0,card,high,5,9,Wed,0
ORD105270,406,grocery,returning,7,UPI,low,7,8,Sat,0
ORD101264,2187,home,new,0,COD,low,53,7,Sat,0
ORD107381,1635,apparel,new,0,COD,medium,0,22,Sat,1
ORD107124,1318,apparel,new,0,netbanking,medium,23,4,Tue,0
ORD100052,1148,beauty,returning,4,UPI,low,22,9,Fri,0
ORD104817,10719,home,returning,5,card,medium,17,20,Sat,0
ORD105654,1885,apparel,returning,5,netbanking,medium,17,6,Mon,0
ORD100159,1816,beauty,returning,13,UPI,high,0,17,Thu,0
ORD104956,408,grocery,new,0,UPI,low,32,15,Fri,0
ORD101587,3376,home,returning,7,netbanking,low,8,4,Sun,0
ORD101589,9414,electronics,returning,5,COD,low,6,10,Thu,0
ORD104751,1699,home,new,0,UPI,medium,1,16,Sun,1
ORD107541,1235,apparel,new,0,card,low,8,10,Fri,0
ORD105048,6790,electronics,returning,5,COD,medium,13,10,Sun,0
ORD103858,849,beauty,new,0,COD,low,63,17,Sun,0
ORD104409,9776,electronics,returning,7,netbanking,medium,32,13,Fri,0
ORD102828,3277,beauty,returning,12,card,high,1,7,Sat,0
ORD100436,2500,electronics,new,0,COD,medium,2,2,Fri,0
ORD105349,11953,electronics,returning,2,UPI,low,22,2,Sun,1
ORD103878,2071,electronics,returning,6,UPI,low,12,11,Mon,0
ORD101588,5692,apparel,new,0,card,low,34,5,Sun,0
ORD106509,4121,home,returning,4,UPI,low,4,2,Fri,0
ORD105904,3282,apparel,new,0,card,low,13,7,Mon,1
ORD105890,891,grocery,new,0,COD,low,4,0,Fri,0
ORD100973,475,grocery,returning,7,card,low,29,21,Thu,0
ORD101238,7811,electronics,returning,9,wallet,low,6,5,Thu,0
ORD102951,1220,beauty,new,0,card,medium,4,1,Fri,1
ORD102342,376,beauty,new,0,UPI,medium,40,14,Tue,0
ORD107028,614,home,new,0,UPI,low,16,9,Sat,0
ORD106839,291,grocery,returning,6,card,high,10,13,Wed,0
ORD104257,2489,apparel,new,0,card,low,11,16,Sun,0
ORD102422,1003,beauty,returning,5,card,low,14,22,Sun,0
ORD107104,1164,apparel,returning,8,COD,medium,50,15,Sat,0
ORD106896,318,grocery,returning,7,card,low,6,23,Wed,0
ORD106623,907,apparel,new,0,UPI,low,21,0,Fri,0
ORD105839,12103,electronics,returning,6,card,low,80,14,Sun,0
ORD100187,16184,electronics,returning,8,UPI,medium,8,19,Thu,0
ORD103655,12764,electronics,returning,9,COD,low,27,8,Wed,0
ORD103426,2980,electronics,new,0,wallet,low,76,0,Mon,0
ORD105263,720,grocery,new,0,card,medium,7,6,Mon,0
ORD101381,19183,electronics,returning,7,COD,medium,35,7,Tue,1
ORD104901,1573,apparel,returning,10,UPI,low,11,12,Mon,0
ORD100413,754,grocery,new,0,netbanking,low,4,19,Sat,0
ORD103606,11849,electronics,returning,10,UPI,low,13,6,Wed,0
ORD107499,6059,electronics,returning,12,UPI,medium,14,0,Sun,0
ORD105835,20281,electronics,returning,12,COD,low,26,2,Mon,0
ORD105118,21344,electronics,returning,6,COD,low,7,4,Mon,0
ORD100256,286,beauty,returning,8,UPI,low,1,9,Sat,0
ORD104652,15099,electronics,new,0,netbanking,low,13,10,Thu,0
ORD102235,775,grocery,returning,4,UPI,low,1,2,Fri,0
ORD104236,1239,apparel,returning,3,UPI,medium,21,19,Fri,0
ORD107274,1371,beauty,new,0,UPI,low,30,23,Fri,0
ORD101572,3258,home,returning,6,COD,medium,38,11,Sat,0
ORD100024,1715,beauty,returning,5,card,low,1,7,Mon,0
ORD106330,2063,apparel,returning,5,card,low,10,13,Sat,0
ORD101088,1830,apparel,new,0,netbanking,low,0,23,Fri,0
ORD102694,661,grocery,returning,6,card,medium,5,0,Sat,0
ORD104979,435,grocery,new,0,UPI,low,3,9,Mon,0
ORD103398,466,beauty,returning,8,UPI,low,7,3,Sun,0
ORD102311,19233,electronics,returning,6,card,low,38,7,Sat,0
ORD106138,1616,electronics,returning,6,card,low,1,20,Sun,0
ORD104152,1942,apparel,new,0,COD,medium,1,0,Fri,0
ORD104395,2970,apparel,returning,6,netbanking,medium,8,9,Fri,0
ORD101227,1532,apparel,returning,10,card,low,39,5,Wed,0
ORD101999,5024,home,new,0,COD,high,6,1,Sun,0
ORD100276,1424,apparel,returning,4,UPI,medium,3,8,Sun,0
ORD104461,1030,apparel,new,0,UPI,high,36,17,Sun,0
ORD106561,5480,apparel,returning,6,card,low,12,11,Sat,0
ORD106346,956,grocery,new,0,card,medium,1,10,Sun,0
ORD107305,999,apparel,new,0,COD,low,6,5,Wed,0
ORD105422,1275,beauty,new,0,card,high,8,9,Wed,1
ORD107537,1174,beauty,returning,10,card,medium,5,6,Wed,0
ORD104631,1714,apparel,new,0,netbanking,high,5,18,Wed,1
ORD101137,2042,apparel,new,0,card,high,12,23,Tue,0
ORD105371,817,grocery,returning,5,card,high,4,16,Wed,0
ORD105057,2188,home,returning,9,UPI,low,5,19,Mon,0
ORD100942,20185,electronics,new,0,COD,low,9,6,Sat,0
ORD106452,4060,apparel,new,0,COD,low,5,11,Fri,0
ORD100115,364,grocery,returning,9,UPI,low,25,23,Sun,0
ORD107495,581,beauty,returning,12,UPI,low,9,6,Wed,0
ORD107958,11251,electronics,new,0,card,low,27,4,Sun,0
ORD103119,4267,apparel,returning,10,card,low,19,7,Mon,0
ORD104258,505,grocery,returning,8,card,low,0,4,Tue,0
ORD104418,35449,electronics,new,0,COD,low,43,6,Sun,0
ORD106298,420,apparel,returning,10,UPI,medium,6,14,Sat,0
ORD102819,376,grocery,returning,7,UPI,medium,2,17,Tue,0
ORD103822,2892,home,returning,9,card,high,3,1,Sun,0
ORD106419,1636,beauty,returning,8,netbanking,low,24,18,Wed,0
ORD103536,2232,apparel,returning,3,card,high,10,11,Wed,0
ORD103825,2682,home,new,0,netbanking,medium,13,21,Fri,0
ORD101946,13100,electronics,new,0,card,high,20,6,Fri,0
ORD103488,12523,electronics,new,0,wallet,low,7,19,Sat,1
ORD101610,1405,apparel,returning,7,COD,low,63,2,Sat,0
ORD106219,788,apparel,returning,2,card,low,4,13,Sat,0
ORD102194,2879,home,new,0,netbanking,medium,1,20,Sat,0
ORD105385,775,beauty,returning,10,card,low,1,10,Tue,0
ORD100557,3918,apparel,returning,4,card,medium,23,10,Tue,0
ORD101207,1701,apparel,new,0,COD,low,4,5,Fri,0
ORD104808,3108,apparel,new,0,UPI,high,10,14,Thu,1
ORD101510,11696,electronics,new,0,card,low,4,14,Mon,0
ORD103829,3614,home,new,0,COD,medium,3,13,Fri,0
ORD105224,3718,apparel,returning,7,card,low,3,9,Sun,0
ORD103211,583,beauty,returning,9,COD,medium,16,21,Wed,0
ORD103630,10230,electronics,new,0,COD,low,4,6,Sat,0
ORD105472,790,grocery,returning,6,card,medium,23,0,Thu,0
ORD101140,876,apparel,returning,8,COD,medium,2,1,Sat,0
ORD103162,8286,electronics,returning,7,COD,medium,42,14,Sat,0
ORD107562,8712,electronics,returning,5,UPI,medium,1,2,Sat,0
ORD100656,149,grocery,returning,3,card,high,6,2,Fri,0
ORD105671,447,grocery,new,0,COD,medium,45,3,Mon,0
ORD105143,653,grocery,returning,11,UPI,medium,54,17,Sun,0
ORD100998,1258,grocery,returning,3,COD,medium,0,21,Sun,0
ORD104880,4525,electronics,new,0,netbanking,low,7,8,Thu,0
ORD102834,4000,beauty,returning,5,UPI,medium,3,19,Tue,0
ORD106669,933,beauty,returning,7,netbanking,low,4,2,Sat,0
ORD105201,8003,electronics,returning,13,wallet,low,22,5,Sat,0
ORD106118,710,grocery,new,0,card,high,31,21,Sun,0
ORD102186,1030,beauty,returning,9,UPI,high,5,5,Sun,0
ORD101134,341,grocery,new,0,card,medium,33,1,Mon,0
ORD101303,1582,apparel,returning,8,COD,low,25,18,Thu,0
ORD101627,15885,electronics,returning,6,COD,low,5,2,Tue,0
ORD105164,7493,home,returning,9,COD,low,9,3,Wed,0
ORD101522,628,grocery,new,0,card,low,1,4,Sun,1
ORD100358,3664,apparel,new,0,wallet,high,10,3,Tue,1
ORD100138,552,beauty,new,0,UPI,low,2,14,Sat,0
ORD100299,1914,home,returning,9,UPI,medium,3,22,Thu,0
ORD101556,465,grocery,new,0,wallet,low,22,3,Wed,0
ORD104582,1052,beauty,returning,9,UPI,low,5,21,Mon,0
ORD106633,5434,home,returning,3,UPI,low,19,15,Sat,0
ORD105818,528,apparel,returning,8,UPI,low,40,16,Tue,0
ORD104696,3096,apparel,returning,9,card,low,11,4,Mon,0
ORD105522,1121,apparel,returning,8,UPI,low,1,10,Tue,0
ORD106877,1919,apparel,new,0,UPI,low,3,16,Sun,0
ORD102721,2363,beauty,new,0,COD,low,17,17,Sat,1
ORD101932,1361,beauty,returning,9,UPI,low,0,9,Sun,0
ORD105140,984,home,returning,8,card,low,19,5,Tue,0
ORD107195,1017,grocery,returning,3,card,low,3,7,Sat,0
ORD107238,960,apparel,new,0,COD,low,9,4,Tue,0
ORD104163,1543,apparel,new,0,COD,medium,15,2,Sat,1
ORD106915,522,grocery,returning,6,card,low,9,17,Mon,0
ORD103807,8117,home,returning,12,COD,low,11,15,Mon,0
ORD106841,750,grocery,new,0,UPI,low,12,22,Mon,0
ORD105705,904,apparel,returning,6,UPI,medium,1,11,Thu,0
ORD104154,5145,home,returning,6,netbanking,low,9,8,Sun,0
ORD104172,586,grocery,returning,14,netbanking,medium,5,14,Sun,0
ORD100796,12452,electronics,returning,7,UPI,low,18,16,Thu,0
ORD102416,2119,apparel,returning,8,UPI,high,9,5,Sun,1
ORD100785,1337,apparel,new,0,UPI,medium,15,7,Sun,0
ORD103158,1345,grocery,new,0,UPI,high,36,17,Mon,1
ORD100123,1586,apparel,returning,5,COD,medium,16,20,Sat,0
ORD102172,1639,home,new,0,COD,medium,1,17,Wed,0
ORD105785,918,beauty,returning,10,COD,low,49,6,Wed,0
ORD105736,8252,home,new,0,UPI,low,20,15,Thu,0
ORD100910,562,beauty,new,0,COD,medium,9,21,Thu,0
ORD102309,1481,grocery,returning,4,UPI,high,4,8,Tue,0
ORD103634,2370,home,returning,8,card,low,20,20,Mon,0
ORD101257,761,beauty,new,0,card,high,36,16,Sat,0
ORD101178,6799,electronics,returning,7,COD,medium,4,13,Fri,0
ORD106143,2411,home,new,0,COD,medium,3,22,Sun,1
ORD101399,1575,apparel,new,0,UPI,low,5,20,Sun,0
ORD101457,1516,apparel,new,0,card,medium,4,10,Thu,0
ORD104939,16070,electronics,new,0,card,low,8,7,Mon,0
ORD101054,1867,apparel,returning,5,UPI,low,2,22,Mon,0
ORD103275,1159,beauty,returning,13,COD,low,52,3,Fri,1
ORD106145,4278,home,new,0,card,high,8,10,Fri,1
ORD103699,1591,apparel,returning,10,UPI,low,25,15,Thu,0
ORD100929,1995,beauty,new,0,card,medium,2,21,Fri,0
ORD105672,1314,apparel,returning,4,UPI,high,8,10,Thu,0
ORD101829,1439,apparel,returning,3,netbanking,medium,2,14,Sun,0
ORD106786,3405,apparel,returning,4,card,high,4,2,Tue,0
ORD104221,23731,electronics,new,0,wallet,high,46,22,Tue,0
ORD107337,1309,apparel,returning,5,UPI,low,17,18,Fri,0
ORD107085,1276,beauty,returning,11,card,low,44,1,Fri,0
ORD102011,1525,apparel,new,0,card,low,16,23,Fri,0
ORD106074,957,beauty,new,0,netbanking,medium,8,22,Sat,0
ORD105563,2333,electronics,new,0,UPI,low,9,11,Thu,0
ORD102606,1486,home,new,0,wallet,low,4,1,Sun,0
ORD103264,1135,apparel,returning,5,card,medium,14,7,Thu,0
ORD106056,29374,electronics,returning,12,netbanking,high,12,15,Fri,0
ORD107371,944,beauty,new,0,card,medium,0,14,Fri,0
ORD100006,1626,beauty,returning,9,COD,high,13,3,Fri,0
ORD102980,5341,home,new,0,card,high,4,13,Wed,1
ORD103361,724,apparel,returning,6,COD,medium,6,5,Mon,0
ORD107780,740,beauty,new,0,card,low,9,3,Wed,0
ORD106770,1150,apparel,returning,7,UPI,low,19,5,Wed,0
ORD106152,601,apparel,returning,3,UPI,low,9,20,Wed,0
ORD106248,3032,home,new,0,COD,low,23,7,Sun,0
ORD107360,947,apparel,new,0,COD,medium,25,4,Sun,1
ORD103134,598,beauty,returning,5,UPI,medium,22,8,Tue,0
ORD105096,1254,beauty,new,0,card,low,1,11,Thu,0
ORD102242,3249,apparel,new,0,card,low,4,18,Thu,0
ORD101474,10782,home,returning,9,wallet,medium,3,5,Sun,0
ORD101889,2164,apparel,new,0,COD,low,20,18,Mon,1
ORD103435,2494,home,returning,6,card,low,4,14,Sun,0
ORD103705,9387,electronics,returning,2,UPI,low,4,17,Wed,0
ORD102021,11697,electronics,returning,5,wallet,medium,15,18,Tue,0
ORD104020,803,apparel,returning,6,card,low,28,0,Sun,0
ORD105715,5041,electronics,returning,6,card,low,24,20,Sat,0
ORD106607,622,apparel,new,0,UPI,low,12,1,Fri,0
ORD102658,17892,electronics,returning,7,UPI,low,9,13,Thu,0
ORD101130,425,grocery,returning,6,card,low,15,23,Sat,0
ORD107246,816,grocery,new,0,card,medium,13,15,Fri,0
ORD104318,456,grocery,new,0,wallet,medium,23,21,Fri,0
ORD107412,9070,electronics,returning,6,COD,high,6,11,Sat,0
ORD107745,3832,home,new,0,UPI,low,61,23,Fri,1
ORD102282,1502,apparel,new,0,UPI,low,5,7,Mon,0
ORD105435,32983,electronics,returning,10,card,medium,20,16,Tue,1
ORD107003,881,home,returning,5,card,low,2,19,Mon,0
ORD104093,5621,electronics,returning,9,wallet,low,19,20,Sat,0
ORD104653,9106,electronics,new,0,COD,low,2,3,Sun,1
ORD106876,18058,electronics,returning,4,UPI,high,6,19,Sat,0
ORD100386,1793,beauty,returning,7,card,low,11,11,Sat,0
ORD101628,10622,electronics,returning,6,COD,low,0,10,Sun,1
ORD103585,632,beauty,new,0,UPI,medium,12,4,Fri,1
ORD102714,730,grocery,new,0,UPI,low,55,4,Sun,0
ORD106891,2443,apparel,returning,2,card,low,11,19,Tue,0
ORD106137,22776,electronics,returning,10,card,low,5,0,Mon,0
ORD107005,1780,apparel,new,0,wallet,low,7,12,Mon,0
ORD103189,2031,apparel,returning,7,UPI,high,53,11,Tue,0
ORD106052,755,beauty,returning,7,COD,medium,11,13,Mon,0
ORD101866,771,grocery,returning,7,COD,medium,27,22,Thu,0
ORD102497,10351,electronics,returning,4,card,low,2,23,Sun,0
ORD106554,6502,electronics,returning,6,wallet,medium,20,5,Sat,0
ORD105192,3425,electronics,new,0,COD,high,7,22,Thu,0
ORD105071,2798,apparel,returning,2,card,medium,7,3,Tue,0
ORD104006,968,apparel,returning,5,UPI,medium,6,3,Wed,0
ORD102702,943,apparel,returning,7,netbanking,low,6,21,Tue,1
ORD106583,7850,electronics,new,0,UPI,low,4,13,Sat,0
ORD100331,11877,electronics,new,0,card,low,12,14,Sun,0
ORD104700,2055,grocery,returning,6,COD,low,2,6,Tue,0
ORD107748,1194,apparel,new,0,card,low,32,17,Sun,0
ORD101774,1991,home,returning,5,UPI,high,10,2,Sat,0
ORD104988,514,grocery,new,0,UPI,medium,7,10,Sun,0
ORD105239,7507,home,returning,3,UPI,low,1,21,Sun,0
ORD102686,2918,apparel,returning,5,card,low,16,23,Wed,0
ORD106752,734,beauty,returning,9,card,low,9,22,Mon,0
ORD106500,1405,grocery,new,0,UPI,low,6,9,Tue,0
ORD105888,432,beauty,returning,8,netbanking,high,1,21,Thu,0
ORD106845,14446,electronics,new,0,UPI,medium,2,0,Sun,0
ORD106121,747,apparel,new,0,UPI,medium,24,6,Sat,0
ORD105712,307,grocery,new,0,COD,low,28,1,Wed,0
ORD106027,13173,electronics,new,0,UPI,low,3,8,Sat,0
ORD100173,1883,grocery,new,0,UPI,high,7,0,Thu,0
ORD103321,1134,apparel,returning,6,card,low,2,21,Sat,0
ORD106147,2432,apparel,new,0,card,low,4,23,Fri,0
ORD103311,1259,grocery,new,0,COD,medium,6,19,Wed,0
ORD104801,19531,electronics,returning,6,UPI,low,5,23,Tue,0
ORD107239,596,beauty,new,0,COD,low,2,0,Wed,0
ORD107845,1770,apparel,returning,12,UPI,medium,11,16,Sun,0
ORD103403,486,grocery,returning,6,COD,low,3,17,Tue,0
ORD103691,4391,home,new,0,card,low,1,8,Fri,0
ORD106046,2543,apparel,new,0,UPI,low,12,21,Mon,0
ORD103628,2176,home,returning,10,UPI,low,9,3,Mon,0
ORD106339,793,beauty,returning,4,UPI,low,4,4,Sun,0
ORD102174,1735,apparel,new,0,COD,low,1,9,Thu,0
ORD101356,1184,home,returning,8,card,medium,13,1,Sun,0
ORD104856,860,apparel,returning,5,card,low,1,22,Sun,0
ORD107256,2108,apparel,returning,9,COD,low,13,19,Fri,1
ORD103112,921,beauty,returning,5,UPI,low,5,19,Wed,0
ORD100182,3178,home,new,0,card,low,7,7,Sun,0
ORD106255,1054,grocery,new,0,UPI,high,24,10,Thu,0
ORD106332,1348,home,new,0,UPI,high,4,21,Sat,0
ORD105171,2289,home,returning,8,UPI,medium,18,17,Thu,0
ORD102429,441,beauty,returning,5,COD,medium,7,2,Fri,0
ORD106183,4697,home,returning,5,card,low,5,13,Wed,0
ORD107820,4309,home,new,0,card,low,27,23,Tue,0
ORD105577,1175,home,returning,4,netbanking,medium,60,13,Mon,0
ORD105330,912,beauty,returning,7,card,low,7,8,Wed,0
ORD101159,829,beauty,returning,7,wallet,medium,8,10,Tue,0
ORD101213,1347,apparel,returning,4,netbanking,high,13,19,Thu,0
ORD101325,454,grocery,returning,5,card,low,12,19,Tue,0
ORD104932,1070,beauty,new,0,card,medium,25,5,Thu,0
ORD101455,16754,electronics,new,0,netbanking,low,15,14,Sat,0
ORD104694,2214,apparel,new,0,card,low,12,2,Mon,0
ORD106127,9644,electronics,returning,3,UPI,low,15,1,Thu,0
ORD101644,6026,electronics,returning,5,UPI,low,0,16,Sat,0
ORD102140,631,grocery,returning,9,UPI,high,4,23,Mon,0
ORD104536,3419,home,returning,4,UPI,low,0,10,Sat,0
ORD104457,3836,home,returning,9,card,medium,6,21,Fri,0
ORD106466,1847,apparel,returning,4,UPI,medium,57,5,Wed,0
ORD104378,1341,grocery,new,0,wallet,medium,2,16,Tue,0
ORD100729,1451,home,returning,10,wallet,medium,45,7,Thu,1
ORD104357,1270,apparel,new,0,wallet,low,14,16,Sat,0
ORD101936,1208,apparel,new,0,UPI,low,3,11,Sat,0
ORD107464,1397,grocery,returning,7,card,low,3,4,Fri,1
ORD106903,1392,apparel,new,0,card,low,23,2,Tue,0
ORD101110,28529,electronics,returning,8,UPI,high,16,16,Sun,0
ORD106503,1754,grocery,new,0,UPI,low,26,1,Fri,0
ORD102998,1119,grocery,returning,10,UPI,low,2,3,Tue,0
ORD102394,3828,home,new,0,UPI,low,37,1,Sun,0
ORD102007,13499,electronics,new,0,UPI,medium,28,6,Wed,0
ORD100193,1516,beauty,returning,4,wallet,medium,7,20,Mon,0
ORD107640,5065,electronics,returning,12,card,medium,8,10,Fri,0
ORD100578,904,grocery,returning,4,wallet,low,2,14,Sun,0
ORD100771,2651,home,new,0,netbanking,low,3,6,Fri,0
ORD102395,313,grocery,returning,2,netbanking,medium,1,15,Wed,0
ORD101846,2582,apparel,new,0,UPI,high,12,8,Wed,0
ORD106696,2629,apparel,returning,7,UPI,low,12,16,Fri,0
ORD104274,8780,electronics,returning,5,UPI,medium,9,5,Tue,0
ORD103740,15986,electronics,new,0,card,high,6,0,Wed,1
ORD104600,1909,home,new,0,UPI,low,16,14,Thu,0
ORD106682,1925,home,returning,3,card,medium,7,3,Sat,0
ORD106259,1166,apparel,new,0,COD,low,6,13,Thu,0
ORD102073,454,grocery,new,0,netbanking,low,4,21,Sun,0
ORD101896,1494,home,returning,5,UPI,high,7,21,Fri,0
ORD102379,1865,beauty,returning,12,UPI,low,33,14,Tue,0
ORD101447,3430,home,new,0,card,low,21,5,Tue,0
ORD100342,1152,beauty,new,0,COD,low,4,7,Wed,0
ORD107059,3225,apparel,new,0,UPI,low,9,18,Sun,0
ORD102527,1193,grocery,new,0,UPI,low,15,20,Tue,0
ORD100727,29765,electronics,returning,4,wallet,medium,24,15,Tue,0
ORD104577,24910,electronics,returning,6,netbanking,low,2,11,Fri,1
ORD100976,3389,apparel,new,0,UPI,low,8,19,Sat,0
ORD105647,4118,electronics,returning,6,UPI,high,4,18,Mon,0
ORD103516,2787,home,new,0,UPI,medium,3,18,Sun,0
ORD106064,1262,apparel,returning,5,card,low,14,13,Thu,0
ORD107674,1493,apparel,returning,4,UPI,low,13,12,Tue,0
ORD103940,8172,electronics,new,0,UPI,medium,11,16,Tue,1
ORD101299,547,apparel,returning,7,card,low,16,7,Mon,0
ORD107347,3665,apparel,returning,6,card,low,12,6,Tue,0
ORD100660,588,apparel,returning,5,COD,low,7,19,Thu,0
ORD105391,1278,apparel,returning,6,COD,high,2,6,Tue,0
ORD105571,8845,electronics,returning,9,UPI,medium,16,21,Fri,0
ORD105857,2379,home,returning,9,UPI,high,2,1,Sat,0
ORD102315,2549,apparel,returning,6,card,medium,11,3,Sun,0
ORD107426,1362,grocery,returning,7,UPI,low,34,14,Fri,0
ORD107367,507,beauty,returning,2,UPI,low,7,11,Sat,0
ORD107545,1074,apparel,returning,8,UPI,medium,16,19,Sat,0
ORD103198,12862,electronics,returning,8,UPI,low,23,3,Wed,0
ORD105787,836,beauty,new,0,COD,medium,38,1,Tue,0
ORD105434,2696,beauty,new,0,COD,low,4,9,Tue,0
ORD100067,1627,apparel,returning,7,card,low,12,9,Fri,1
ORD106362,2316,home,returning,6,card,medium,6,2,Sat,0
ORD102269,1108,grocery,new,0,UPI,high,39,12,Sun,0
ORD105653,2827,apparel,returning,11,COD,medium,3,20,Mon,0
ORD106054,8722,electronics,returning,4,UPI,medium,1,10,Sun,1
ORD106308,2727,apparel,returning,13,COD,low,17,19,Sat,0
ORD102367,1144,apparel,returning,9,wallet,low,10,0,Fri,0
ORD107127,874,apparel,returning,9,UPI,low,2,6,Sat,0
ORD102512,8635,electronics,returning,4,COD,low,3,10,Sun,0
ORD102723,1560,apparel,returning,6,wallet,medium,5,5,Mon,0
ORD106817,9101,electronics,new,0,card,low,8,12,Fri,0
ORD101143,847,beauty,returning,8,COD,high,12,1,Fri,0
ORD107591,464,grocery,new,0,UPI,low,14,8,Sun,0
ORD106520,533,grocery,returning,9,wallet,low,0,23,Sun,0
ORD106864,2638,home,returning,8,card,low,12,20,Fri,0
ORD106907,1124,beauty,new,0,UPI,low,2,3,Thu,0
ORD103789,1548,beauty,returning,9,card,medium,9,17,Wed,0
ORD102220,1844,apparel,returning,8,card,low,25,10,Wed,0
ORD102331,668,apparel,returning,10,COD,medium,22,5,Wed,0
ORD105505,1361,apparel,returning,6,UPI,medium,4,21,Mon,0
ORD106040,690,apparel,new,0,UPI,high,14,9,Thu,0
ORD107436,6462,electronics,new,0,netbanking,low,11,11,Sun,0
ORD104088,25142,electronics,new,0,UPI,high,17,19,Sun,1
ORD101967,1232,beauty,new,0,card,low,21,16,Tue,0
ORD107388,12669,electronics,returning,7,COD,low,8,12,Sun,0
ORD100423,17864,electronics,returning,5,UPI,low,60,8,Sun,0
ORD106934,3443,home,returning,6,card,low,18,0,Sat,0
ORD101904,5384,home,returning,4,COD,low,12,18,Mon,0
ORD103917,1892,home,returning,8,COD,medium,28,0,Sat,1
ORD100839,1472,home,returning,3,UPI,high,25,6,Mon,0
ORD104596,1187,apparel,returning,8,card,medium,5,19,Thu,0
ORD104922,2080,apparel,returning,3,card,medium,27,2,Sat,0
ORD100141,727,apparel,returning,6,wallet,low,7,12,Tue,0
ORD106610,1417,beauty,returning,7,COD,medium,18,20,Sun,0
ORD103674,3254,beauty,returning,5,UPI,low,10,23,Sun,0
ORD106225,8899,electronics,new,0,UPI,high,38,23,Sun,1
ORD107837,1032,beauty,returning,11,netbanking,medium,42,9,Sun,0
ORD103808,677,grocery,returning,8,wallet,low,3,0,Sat,0
ORD101138,13945,electronics,returning,9,card,low,19,17,Tue,0
ORD102257,327,beauty,returning,7,netbanking,medium,25,7,Mon,0
ORD101787,2815,beauty,returning,8,card,low,14,11,Fri,0
ORD103938,855,apparel,new,0,card,low,1,13,Tue,0
ORD105404,3252,home,returning,10,wallet,low,11,10,Sun,0
ORD107365,34500,electronics,new,0,UPI,low,35,6,Sun,0
ORD100459,2406,home,returning,8,UPI,medium,4,13,Mon,0
ORD107315,25120,electronics,returning,6,COD,high,10,10,Sat,0
ORD100948,1138,grocery,returning,5,COD,high,5,21,Sun,1
ORD103700,297,grocery,returning,11,netbanking,low,11,5,Tue,0
ORD101336,5877,electronics,new,0,COD,medium,3,19,Mon,0
ORD104628,36535,electronics,new,0,card,medium,31,21,Fri,0
ORD107570,6781,home,new,0,card,low,2,12,Mon,0
ORD101602,3180,home,returning,5,COD,low,36,9,Sun,0
ORD103830,1201,apparel,new,0,UPI,medium,4,6,Thu,1
ORD107706,7235,electronics,returning,6,wallet,low,4,3,Mon,0
ORD107155,1439,beauty,new,0,card,medium,20,3,Thu,0
ORD101070,2451,grocery,new,0,UPI,medium,3,15,Fri,0
ORD100155,7816,home,new,0,COD,medium,2,5,Thu,0
ORD102295,10041,electronics,new,0,card,low,1,5,Sat,0
ORD105584,1277,beauty,returning,6,netbanking,medium,12,23,Wed,0
ORD101089,3004,apparel,returning,6,UPI,high,13,23,Sun,0
ORD102940,642,grocery,returning,8,UPI,medium,16,23,Sat,0
ORD106768,1957,beauty,returning,6,netbanking,low,11,20,Mon,0
ORD104384,1159,beauty,returning,6,card,high,19,19,Sat,0
ORD100930,1123,apparel,returning,7,UPI,medium,32,7,Sun,0
ORD107548,30311,electronics,returning,5,netbanking,high,26,4,Mon,1
ORD103247,823,beauty,new,0,UPI,low,8,16,Sun,0
ORD107268,404,grocery,returning,11,card,low,3,6,Fri,0
ORD107090,1522,apparel,new,0,wallet,medium,3,10,Sat,0
ORD106911,7007,home,new,0,UPI,low,26,3,Mon,0
ORD107509,3510,home,new,0,netbanking,medium,10,10,Tue,0
ORD101698,370,grocery,returning,5,card,low,6,6,Mon,0
ORD107756,4262,electronics,returning,9,wallet,low,7,6,Fri,0
ORD107951,9580,home,new,0,UPI,low,11,10,Thu,0
ORD105414,1221,beauty,new,0,wallet,medium,12,15,Wed,0
ORD103831,4079,home,returning,7,card,high,13,7,Sun,0
ORD107291,2153,apparel,returning,4,COD,low,8,10,Fri,0
ORD107729,20679,electronics,returning,14,card,low,5,13,Sun,0
ORD100985,342,grocery,returning,6,UPI,low,2,20,Sat,0
ORD101821,6000,apparel,returning,7,card,low,3,4,Fri,0
ORD100587,2925,apparel,returning,5,card,low,21,16,Tue,0
ORD107627,900,grocery,returning,4,UPI,high,16,4,Sat,0
ORD105557,1318,apparel,returning,5,netbanking,low,46,10,Tue,0
ORD107285,177,grocery,returning,3,COD,low,50,16,Fri,0
ORD107946,267,grocery,new,0,netbanking,low,5,17,Thu,0
ORD103557,246,grocery,returning,5,UPI,low,5,14,Mon,0
ORD101395,6430,electronics,new,0,UPI,medium,20,11,Fri,0
ORD100264,182,grocery,returning,7,netbanking,high,7,19,Wed,0
ORD103547,229,grocery,new,0,card,low,3,12,Sun,1
ORD107054,6887,electronics,returning,9,UPI,low,13,1,Mon,0
ORD103864,637,grocery,new,0,card,low,4,17,Mon,0
ORD106658,2503,beauty,returning,9,UPI,low,2,23,Tue,0
ORD100246,6024,home,returning,11,COD,low,4,5,Sun,0
ORD101594,1778,beauty,new,0,card,low,22,22,Mon,0
ORD105624,9661,electronics,returning,10,card,medium,3,10,Fri,0
ORD100923,630,home,new,0,COD,high,5,18,Sat,0
ORD105676,5042,electronics,returning,13,UPI,low,12,2,Tue,0
ORD100669,1388,apparel,returning,6,UPI,low,1,10,Wed,0
ORD103604,327,grocery,returning,7,COD,medium,7,18,Sat,0
ORD101910,13160,electronics,returning,7,card,medium,8,7,Thu,0
ORD106086,2128,apparel,returning,7,wallet,medium,18,15,Sat,0
ORD103958,18631,electronics,returning,13,COD,low,0,3,Tue,0
ORD102696,790,beauty,new,0,card,medium,1,23,Fri,0
ORD102591,571,grocery,returning,8,UPI,medium,5,19,Wed,0
ORD101781,1351,beauty,returning,3,UPI,low,30,6,Sat,0
ORD102307,1979,apparel,returning,6,card,high,31,8,Tue,0
ORD104791,17545,electronics,returning,11,card,medium,19,11,Sun,0
ORD103690,19417,electronics,returning,6,COD,low,3,22,Fri,0
ORD100687,1090,grocery,returning,12,card,low,19,6,Tue,0
ORD100612,374,grocery,new,0,netbanking,low,35,22,Wed,0
ORD103200,1864,beauty,new,0,COD,low,7,1,Sun,1
ORD106821,1205,grocery,returning,5,card,high,5,15,Sun,0
ORD101898,13287,electronics,new,0,UPI,high,1,10,Tue,0
ORD105792,7765,electronics,new,0,card,medium,22,7,Thu,1
ORD100258,5479,electronics,returning,6,COD,high,1,1,Tue,0
ORD102924,7135,electronics,new,0,UPI,low,2,2,Fri,0
ORD102822,10856,electronics,new,0,UPI,low,0,14,Sun,0
ORD103339,3585,home,returning,9,wallet,low,30,4,Sat,0
ORD104563,1616,beauty,new,0,netbanking,high,2,15,Sat,0
ORD102211,1601,apparel,new,0,UPI,medium,11,13,Mon,0
ORD104965,5680,electronics,returning,12,card,low,5,4,Fri,1
ORD100007,560,beauty,returning,4,card,low,6,15,Fri,0
ORD103657,1875,apparel,new,0,netbanking,low,13,19,Thu,0
ORD106784,1924,home,returning,7,card,low,14,1,Sat,0
ORD104402,7303,electronics,returning,7,UPI,low,3,1,Fri,0
ORD102426,19339,electronics,returning,6,netbanking,medium,7,11,Tue,1
ORD101814,927,beauty,returning,7,COD,low,2,23,Mon,0
ORD102274,810,grocery,returning,8,COD,medium,3,16,Thu,0
ORD101011,2512,home,returning,10,card,low,7,23,Wed,0
ORD106144,1955,home,returning,8,COD,high,32,14,Sun,0
ORD101067,726,beauty,returning,6,wallet,medium,31,23,Wed,0
ORD101991,1890,home,returning,13,UPI,low,1,10,Fri,0
ORD105694,230,beauty,returning,5,netbanking,low,13,23,Wed,0
ORD106976,990,beauty,returning,9,COD,high,11,22,Tue,0
ORD103867,2425,apparel,returning,11,UPI,low,2,9,Wed,0
ORD107140,1639,apparel,new,0,UPI,low,17,21,Sun,0
ORD100781,403,grocery,returning,10,card,medium,1,14,Sat,0
ORD101749,1455,apparel,new,0,wallet,low,5,8,Fri,0
ORD101091,1642,home,new,0,netbanking,low,23,2,Wed,1
ORD106766,581,beauty,new,0,UPI,medium,2,22,Wed,0
ORD107137,1216,apparel,new,0,UPI,medium,5,7,Mon,0
ORD102608,3463,home,returning,4,COD,low,3,10,Sat,0
ORD106568,1960,home,returning,10,netbanking,low,1,7,Sat,0
ORD102290,533,grocery,new,0,wallet,low,11,3,Mon,0
ORD101727,1551,grocery,returning,6,card,medium,70,11,Sat,0
ORD100610,1356,home,new,0,card,low,18,18,Mon,0
ORD104666,1280,beauty,new,0,COD,medium,12,7,Sun,0
ORD100343,2683,home,returning,10,COD,low,20,11,Tue,0
ORD105598,6237,home,new,0,UPI,medium,2,21,Sat,0
ORD106243,770,beauty,new,0,COD,low,1,11,Mon,0
ORD103750,27656,electronics,new,0,COD,medium,7,20,Tue,0
ORD107252,545,grocery,returning,2,card,medium,1,3,Thu,0
ORD106986,4322,home,returning,12,netbanking,low,12,3,Thu,0
ORD103215,638,beauty,returning,4,COD,low,15,9,Fri,0
ORD100097,10214,electronics,returning,5,netbanking,low,3,1,Sat,0
ORD103588,1245,beauty,new,0,card,low,12,6,Sun,1
ORD103648,2367,apparel,new,0,COD,low,51,0,Sat,0
ORD106370,765,grocery,new,0,netbanking,low,4,0,Wed,0
ORD104958,928,apparel,new,0,UPI,low,1,22,Sat,0
ORD101517,662,grocery,returning,6,UPI,low,10,9,Tue,0
ORD104624,8355,electronics,new,0,card,low,18,6,Sun,0
ORD104272,806,beauty,new,0,wallet,low,3,2,Tue,0
ORD100572,973,apparel,new,0,COD,high,2,21,Sat,0
ORD107657,2391,beauty,new,0,COD,high,19,12,Mon,0
ORD106646,8410,electronics,returning,9,COD,low,7,15,Mon,0
ORD103062,3512,apparel,new,0,card,low,12,20,Sat,0
ORD105076,1441,apparel,new,0,COD,low,10,1,Fri,1
ORD105885,3907,electronics,returning,5,card,medium,17,5,Mon,0
ORD105846,525,grocery,new,0,card,low,2,6,Sat,0
ORD105589,2789,home,new,0,COD,medium,27,18,Sun,1
ORD104479,585,grocery,returning,9,UPI,low,8,7,Sun,0
ORD100370,281,beauty,returning,6,wallet,medium,4,2,Tue,0
ORD101938,1680,apparel,new,0,wallet,high,13,14,Mon,1
ORD105666,5843,apparel,new,0,netbanking,medium,7,18,Mon,0
ORD106908,2011,grocery,returning,7,COD,low,1,12,Sat,1
ORD103670,2759,apparel,new,0,COD,medium,28,22,Fri,0
ORD104260,322,grocery,returning,8,card,low,20,8,Sat,0
ORD107399,1094,beauty,returning,7,card,low,49,4,Fri,0
ORD107211,1859,beauty,returning,8,card,medium,1,14,Sun,0
ORD103737,1289,beauty,returning,10,wallet,medium,1,5,Fri,0
ORD104936,2359,apparel,returning,5,netbanking,medium,18,23,Mon,0
ORD105523,1009,home,returning,5,COD,low,12,12,Thu,0
ORD105556,1920,apparel,new,0,card,high,5,3,Mon,0
ORD101171,1917,beauty,returning,6,card,low,3,17,Sat,0
ORD107180,842,apparel,new,0,COD,high,4,21,Sun,0
ORD107045,545,grocery,returning,8,card,low,59,3,Sun,0
ORD105261,1933,home,returning,6,card,medium,6,12,Sat,0
ORD102297,13208,electronics,new,0,UPI,low,7,22,Mon,0
ORD102643,1333,grocery,returning,7,card,high,7,13,Fri,0
ORD106935,630,beauty,returning,10,netbanking,low,2,7,Tue,0
ORD100581,3418,home,returning,8,netbanking,high,47,5,Tue,0
ORD100204,40810,electronics,new,0,card,medium,18,11,Sun,1
ORD101641,5529,electronics,returning,8,netbanking,low,55,5,Tue,0
ORD102014,2588,apparel,returning,4,UPI,low,3,20,Sun,0
ORD103253,3034,apparel,returning,8,UPI,low,28,19,Mon,0
ORD107053,3625,apparel,new,0,card,low,0,1,Sat,1
ORD100905,3153,home,returning,8,COD,medium,4,20,Thu,0
ORD100631,4000,beauty,returning,6,UPI,low,45,5,Sun,0
ORD105680,1420,grocery,new,0,card,medium,3,13,Fri,0
ORD101974,8346,electronics,returning,6,UPI,low,23,14,Wed,0
ORD105097,4777,home,returning,6,wallet,medium,3,20,Sun,0
ORD100875,497,grocery,new,0,COD,low,14,14,Wed,0
ORD101431,3071,home,returning,9,card,medium,17,19,Sun,0
ORD104643,5635,electronics,returning,7,UPI,low,9,5,Wed,0
ORD106740,2180,home,new,0,card,low,15,20,Sat,0
ORD105003,30152,electronics,new,0,UPI,low,1,1,Sun,1
ORD105419,689,apparel,new,0,card,low,22,1,Sat,0
ORD101861,793,grocery,returning,6,card,low,3,22,Tue,0
ORD102659,877,apparel,returning,13,UPI,low,1,0,Tue,0
ORD103384,30622,electronics,returning,7,UPI,low,13,14,Fri,0
ORD107344,2568,apparel,new,0,netbanking,medium,6,8,Fri,0
ORD107660,1711,apparel,returning,10,card,high,11,3,Fri,1
ORD104733,2447,apparel,returning,5,UPI,low,52,10,Sun,0
ORD103331,864,apparel,returning,4,UPI,low,18,23,Wed,1
ORD107676,2052,apparel,new,0,UPI,low,40,11,Thu,0
ORD106023,427,grocery,new,0,UPI,medium,8,10,Wed,0
ORD105583,1556,beauty,returning,8,card,low,10,0,Sat,0
ORD102096,14584,electronics,new,0,COD,low,5,14,Tue,1
ORD105521,3033,apparel,returning,8,netbanking,low,2,9,Sat,0
ORD100546,590,apparel,returning,6,netbanking,low,7,8,Thu,0
ORD101449,14944,electronics,returning,5,UPI,low,28,3,Thu,0
ORD105550,1303,apparel,returning,8,netbanking,medium,8,12,Tue,0
ORD102610,339,grocery,new,0,UPI,medium,24,6,Sun,0
ORD106307,2026,beauty,returning,4,COD,medium,15,13,Mon,0
ORD102757,1496,beauty,returning,8,netbanking,high,29,21,Sun,0
ORD101885,3606,apparel,returning,8,UPI,low,0,14,Fri,0
ORD107727,2164,apparel,new,0,COD,medium,3,2,Thu,0
ORD106963,1788,apparel,new,0,card,low,17,2,Wed,0
ORD107187,1053,apparel,returning,7,UPI,low,3,21,Sun,0
ORD100836,1345,beauty,returning,6,COD,high,2,1,Sat,0
ORD103471,4481,apparel,returning,7,UPI,low,17,23,Mon,0
ORD104697,762,apparel,returning,5,UPI,high,11,8,Sat,0
ORD106367,18590,electronics,returning,8,wallet,low,14,3,Wed,0
ORD106814,2155,home,new,0,card,low,3,11,Wed,0
ORD100398,1382,apparel,new,0,netbanking,low,9,18,Fri,0
ORD102010,13325,electronics,returning,7,card,low,21,11,Thu,0
ORD107680,893,grocery,returning,5,card,high,2,20,Thu,0
ORD101283,12000,home,returning,6,wallet,low,13,16,Tue,0
ORD105646,1224,home,returning,5,UPI,medium,2,5,Wed,0
ORD105852,16780,electronics,returning,9,wallet,low,12,11,Tue,0
ORD104256,11438,electronics,new,0,UPI,low,20,2,Mon,0
ORD101836,33241,electronics,returning,10,UPI,low,22,3,Fri,0
ORD101019,5414,apparel,new,0,UPI,medium,51,23,Sun,0
ORD101326,1363,apparel,returning,5,card,high,3,10,Sun,0
ORD105006,1359,beauty,returning,6,wallet,medium,4,18,Sun,1
ORD100475,548,apparel,new,0,card,medium,13,21,Thu,0
ORD102810,17949,electronics,returning,2,COD,low,9,10,Tue,0
ORD106012,19922,electronics,returning,6,COD,medium,2,20,Mon,0
ORD101651,919,apparel,new,0,wallet,low,18,13,Thu,0
ORD106840,1688,beauty,returning,6,COD,low,25,7,Sun,0
ORD101206,1556,home,new,0,wallet,low,30,9,Sun,0
ORD105206,12965,electronics,returning,10,COD,medium,6,12,Wed,0
ORD107089,2828,apparel,new,0,card,low,4,18,Thu,0
ORD106159,868,grocery,returning,8,wallet,low,17,16,Mon,0
ORD105398,958,beauty,new,0,wallet,low,21,3,Thu,0
ORD100541,2101,home,returning,7,netbanking,medium,3,10,Fri,0
ORD107746,1651,home,new,0,card,low,21,19,Fri,0
ORD105758,1900,apparel,returning,7,COD,low,45,22,Sat,0
ORD102962,4298,electronics,returning,5,card,medium,80,22,Tue,0
ORD104155,18398,electronics,new,0,UPI,low,8,12,Thu,0
ORD103259,34193,electronics,returning,6,netbanking,high,0,12,Tue,0
ORD105200,1758,apparel,new,0,UPI,low,8,16,Mon,0
ORD106211,4000,beauty,new,0,UPI,medium,13,5,Sat,0
ORD106936,493,grocery,returning,11,UPI,medium,23,12,Tue,0
ORD105513,1629,apparel,returning,6,wallet,low,26,19,Sun,0
ORD103586,1437,apparel,new,0,COD,low,21,17,Sat,0
ORD106875,1923,home,new,0,card,medium,41,20,Fri,0
ORD105241,1259,apparel,new,0,card,low,3,2,Thu,0
ORD106810,7934,electronics,new,0,UPI,medium,38,6,Mon,0
ORD106410,6907,electronics,returning,9,card,medium,10,10,Sun,0
ORD105106,15540,electronics,returning,5,COD,high,4,0,Fri,1
ORD101080,712,apparel,new,0,wallet,low,12,13,Mon,0
ORD104283,4665,electronics,returning,6,card,low,2,23,Fri,0
ORD102085,1502,apparel,returning,7,netbanking,low,12,14,Thu,0
ORD102452,5697,home,new,0,wallet,low,6,22,Tue,0
ORD104966,1901,apparel,new,0,COD,medium,4,2,Tue,0
ORD102023,1386,apparel,returning,12,UPI,medium,15,13,Fri,0
ORD105815,1190,beauty,returning,4,COD,high,0,7,Tue,1
ORD106151,1044,beauty,returning,6,UPI,low,2,5,Tue,0
ORD100226,9950,electronics,returning,8,card,medium,25,2,Sun,0
ORD101013,1155,grocery,returning,8,card,low,7,4,Fri,0
ORD101929,1770,apparel,new,0,COD,medium,11,10,Sun,1
ORD105650,458,grocery,new,0,UPI,low,3,23,Sat,0
ORD100697,1899,home,new,0,COD,low,27,12,Wed,1
ORD101124,1036,apparel,returning,7,card,low,6,5,Fri,1
ORD103895,3971,home,returning,4,UPI,low,16,14,Mon,0
ORD101778,1651,apparel,returning,7,card,medium,5,19,Fri,0
ORD105112,719,beauty,new,0,UPI,low,3,11,Fri,0
ORD102634,3891,home,returning,8,UPI,medium,0,10,Fri,0
ORD103489,1022,apparel,returning,10,card,medium,8,7,Fri,0
ORD101037,1117,apparel,returning,6,UPI,low,12,17,Thu,0
ORD102256,798,grocery,returning,8,UPI,medium,1,15,Mon,0
ORD105361,7857,electronics,returning,10,card,low,10,8,Sat,0
ORD107904,1265,grocery,new,0,UPI,low,29,3,Fri,0
ORD100313,2944,apparel,new,0,card,low,11,16,Sun,0
ORD102649,490,beauty,returning,6,card,low,12,4,Mon,0
ORD102281,3761,electronics,returning,9,UPI,medium,11,18,Fri,0
ORD107778,8922,electronics,new,0,wallet,low,2,4,Wed,1
ORD102547,13972,electronics,returning,7,UPI,low,2,15,Fri,0
ORD103137,9169,electronics,returning,5,card,high,8,12,Fri,0
ORD106653,1898,home,new,0,UPI,high,50,1,Mon,0
ORD103967,9387,electronics,returning,8,card,medium,30,12,Sat,0
ORD101428,761,beauty,returning,7,COD,high,10,0,Wed,0
ORD105683,9648,home,returning,4,COD,medium,1,6,Sun,0
ORD102520,10808,electronics,new,0,COD,low,0,0,Sun,0
ORD105148,1188,grocery,returning,9,COD,low,18,9,Mon,0
ORD107855,1638,beauty,returning,8,COD,low,4,5,Thu,0
ORD105920,1454,apparel,returning,8,netbanking,high,24,15,Sun,0
ORD100448,10389,electronics,new,0,card,high,2,13,Wed,0
ORD105054,727,beauty,returning,12,card,medium,27,17,Mon,1
ORD103727,1828,apparel,new,0,COD,low,4,3,Sat,0
ORD100361,16625,electronics,new,0,wallet,high,7,4,Mon,1
ORD107456,2306,beauty,returning,13,COD,high,8,9,Tue,0
ORD106379,1470,apparel,returning,7,wallet,medium,28,22,Wed,0
ORD102460,768,grocery,new,0,UPI,low,10,10,Fri,0
ORD100022,207,grocery,returning,10,UPI,medium,5,17,Fri,0
ORD102066,6715,home,returning,7,COD,high,10,2,Fri,1
ORD101653,17021,electronics,returning,1,COD,low,7,6,Fri,0
ORD100702,5945,electronics,returning,5,netbanking,low,14,16,Mon,0
ORD107356,1941,beauty,returning,6,card,high,2,13,Wed,0
ORD106866,3617,home,returning,6,UPI,medium,6,4,Fri,0
ORD102468,2178,home,returning,6,UPI,low,20,0,Tue,0
ORD103754,1907,apparel,returning,6,wallet,high,21,1,Sat,0
ORD100460,1731,home,new,0,UPI,medium,7,18,Wed,0
ORD104183,2117,apparel,returning,11,UPI,medium,10,8,Tue,0
ORD101486,1187,grocery,returning,13,UPI,low,20,2,Wed,1
ORD103678,1437,apparel,returning,7,netbanking,medium,6,1,Mon,0
ORD104308,554,grocery,returning,9,card,low,23,16,Thu,0
ORD104865,18288,electronics,returning,5,UPI,medium,2,19,Mon,1
ORD103537,2285,home,returning,6,UPI,low,14,9,Sat,0
ORD105629,1223,apparel,new,0,UPI,low,6,23,Tue,0
ORD102581,561,beauty,new,0,wallet,medium,22,15,Thu,0
ORD101368,4592,electronics,new,0,wallet,low,14,1,Mon,1
ORD107217,405,beauty,returning,9,UPI,low,39,4,Fri,0
ORD105375,1377,beauty,returning,9,card,medium,7,22,Sat,0
ORD100597,3404,home,returning,7,UPI,low,7,11,Tue,0
ORD104758,10401,electronics,returning,8,COD,low,5,20,Tue,0
ORD107938,7694,electronics,returning,8,card,low,1,18,Wed,0
ORD107535,319,grocery,returning,9,card,low,46,4,Tue,0
ORD107441,1774,beauty,returning,5,COD,low,3,3,Thu,0
ORD103468,1126,apparel,new,0,COD,low,5,3,Tue,0
ORD105119,2268,home,new,0,card,high,4,8,Fri,0
ORD102990,1428,beauty,returning,9,card,medium,3,22,Mon,0
ORD107120,725,apparel,returning,5,card,low,13,5,Tue,0
ORD107842,11488,electronics,new,0,UPI,low,4,6,Fri,0
ORD102544,3076,home,new,0,card,low,2,11,Sat,0
ORD105952,4352,apparel,returning,5,COD,medium,11,9,Mon,0
ORD107540,241,grocery,new,0,UPI,low,21,12,Sat,0
ORD104066,1287,apparel,returning,7,wallet,medium,9,2,Thu,0
ORD107723,948,apparel,new,0,UPI,low,26,11,Mon,0
ORD105110,4201,electronics,new,0,wallet,high,1,8,Sat,1
ORD103243,1333,apparel,new,0,card,medium,5,11,Sat,0
ORD102837,1162,apparel,returning,6,card,medium,60,10,Mon,0
ORD103697,8066,electronics,returning,8,wallet,low,9,20,Sat,0
ORD104941,16541,electronics,new,0,card,medium,30,17,Mon,0
ORD104040,876,apparel,returning,8,UPI,high,18,4,Mon,0
ORD102230,2892,apparel,returning,4,UPI,low,4,23,Fri,0
ORD105843,2774,home,returning,11,COD,low,21,12,Sat,0
ORD102320,43849,electronics,returning,6,UPI,low,59,11,Sun,0
ORD104878,3239,apparel,new,0,UPI,low,4,13,Wed,0
ORD100521,3096,apparel,returning,6,UPI,high,11,10,Sat,0
ORD107883,878,beauty,returning,6,card,low,0,2,Sun,0
ORD106041,20956,electronics,returning,10,UPI,medium,3,4,Sun,0
ORD100780,2261,apparel,returning,11,COD,medium,25,8,Tue,0
ORD106261,17599,electronics,new,0,card,medium,18,8,Sun,0
ORD105426,296,grocery,returning,7,UPI,low,5,17,Sun,0
ORD100651,656,grocery,new,0,COD,medium,0,1,Sat,0
ORD105972,2346,home,new,0,UPI,low,23,21,Mon,0
ORD102196,13829,electronics,returning,4,COD,medium,4,4,Fri,0
ORD100369,375,grocery,new,0,card,low,23,14,Fri,0
ORD105251,12167,electronics,returning,5,UPI,medium,24,7,Tue,0
ORD104214,1307,home,new,0,UPI,medium,6,2,Tue,0
ORD107673,2701,apparel,returning,9,UPI,low,12,16,Sun,0
ORD106095,706,apparel,new,0,netbanking,low,13,18,Tue,0
ORD101613,776,apparel,returning,3,COD,medium,2,11,Sun,0
ORD107181,1315,apparel,new,0,UPI,medium,10,12,Wed,0
ORD100962,13025,electronics,returning,5,COD,low,42,3,Sun,0
ORD107201,3164,apparel,returning,3,card,low,20,7,Fri,0
ORD107505,689,beauty,returning,5,COD,low,17,18,Thu,1
ORD106101,41975,electronics,new,0,UPI,low,22,14,Sun,0
ORD100359,3588,home,new,0,COD,medium,12,19,Thu,1
ORD103839,732,apparel,returning,5,netbanking,high,6,12,Mon,0
ORD107210,6001,home,returning,3,netbanking,medium,76,23,Sun,0
ORD101246,11221,home,returning,11,UPI,low,1,16,Sun,0
ORD105586,5625,home,returning,7,UPI,medium,4,12,Wed,0
ORD105087,1854,apparel,returning,7,card,low,41,4,Wed,0
ORD103694,1437,beauty,returning,7,netbanking,low,10,16,Thu,0
ORD106758,2528,apparel,returning,11,UPI,high,6,0,Sun,0
ORD103423,1295,apparel,returning,6,wallet,low,27,1,Mon,0
ORD102037,9325,electronics,returning,6,wallet,high,15,11,Tue,0
ORD100772,3724,home,returning,9,UPI,low,33,23,Tue,0
ORD107351,12357,electronics,returning,5,UPI,low,2,22,Sat,0
ORD103562,367,grocery,returning,10,COD,medium,50,22,Sun,0
ORD107568,1100,grocery,returning,7,card,low,45,23,Sat,0
ORD107313,1699,home,returning,9,card,high,21,23,Sun,0
ORD105300,1292,home,new,0,card,low,13,1,Sat,0
ORD104531,5389,apparel,returning,10,UPI,high,14,6,Tue,1
ORD101674,972,beauty,returning,10,COD,medium,27,10,Sat,0
ORD100365,2248,apparel,new,0,UPI,medium,4,12,Thu,0
ORD105260,2363,home,returning,7,netbanking,low,10,16,Mon,0
ORD106377,299,grocery,returning,6,COD,low,19,2,Thu,0
ORD104327,782,beauty,returning,11,COD,low,20,10,Sun,0
ORD100147,10400,home,returning,7,card,low,5,9,Mon,0
ORD107034,45000,electronics,returning,10,UPI,low,5,22,Wed,0
ORD103088,1259,home,returning,9,UPI,low,39,20,Sun,0
ORD106315,3496,home,returning,9,UPI,low,4,10,Fri,0
ORD100407,1672,beauty,returning,10,UPI,low,20,8,Sun,0
ORD107386,2521,home,returning,5,COD,low,3,0,Mon,1
ORD103456,935,grocery,returning,8,card,medium,38,18,Mon,0
ORD104182,557,beauty,returning,8,card,medium,24,8,Sat,0
ORD103271,2080,home,returning,6,UPI,high,38,7,Wed,0
ORD101031,848,beauty,returning,6,card,low,0,4,Tue,0
ORD100855,1203,apparel,returning,13,UPI,medium,5,14,Thu,0
ORD103926,2212,home,returning,9,UPI,low,19,19,Fri,0
ORD100078,3922,home,new,0,card,high,40,2,Sun,1
ORD102247,5623,home,returning,5,card,low,22,14,Sun,0
ORD105931,566,apparel,returning,7,wallet,low,5,23,Mon,0
ORD107307,719,beauty,returning,8,UPI,low,20,22,Fri,0
ORD107355,1620,apparel,new,0,COD,low,64,0,Sat,0
ORD106195,1283,apparel,returning,3,card,high,2,13,Thu,0
ORD102279,2167,home,returning,10,netbanking,low,20,16,Tue,1
ORD104095,1516,apparel,new,0,COD,low,33,15,Wed,0
ORD107584,2124,home,new,0,card,low,3,13,Sun,0
ORD106649,1424,apparel,returning,10,UPI,low,3,7,Sun,0
ORD103631,847,grocery,new,0,card,low,11,7,Mon,0
ORD105995,4930,apparel,new,0,card,low,50,3,Sat,0
ORD100424,3627,home,returning,5,UPI,medium,2,22,Sat,0
ORD100392,3120,home,returning,5,card,low,8,7,Thu,0
ORD105978,9604,electronics,new,0,COD,low,11,3,Wed,1
ORD107549,9605,electronics,new,0,UPI,low,16,12,Sat,0
ORD102672,1142,apparel,new,0,wallet,low,6,1,Sun,1
ORD107318,847,apparel,new,0,wallet,low,28,1,Sat,0
ORD103493,6420,home,returning,8,netbanking,medium,42,1,Sat,0
ORD101459,1658,apparel,returning,9,card,high,14,14,Tue,0
ORD106615,17786,electronics,returning,7,wallet,low,0,8,Mon,0
ORD106311,2489,beauty,returning,5,UPI,low,15,10,Wed,0
ORD105310,941,apparel,returning,6,UPI,medium,4,15,Wed,0
ORD103835,1188,apparel,returning,5,UPI,high,9,12,Wed,0
ORD106198,2174,apparel,new,0,UPI,medium,39,14,Wed,1
ORD107610,1078,beauty,returning,4,UPI,medium,11,7,Sat,0
ORD104724,8655,electronics,new,0,card,medium,6,7,Fri,0
ORD102355,1061,beauty,new,0,UPI,medium,1,0,Wed,0
ORD107900,1925,apparel,returning,6,COD,low,16,21,Tue,0
ORD102442,13205,electronics,returning,5,UPI,low,20,10,Wed,0
ORD107340,2025,home,new,0,UPI,low,15,16,Tue,0
ORD100464,4678,home,returning,4,UPI,low,6,23,Tue,0
ORD100163,7288,electronics,new,0,card,low,7,1,Fri,0
ORD107167,6972,electronics,returning,8,UPI,low,38,2,Mon,0
ORD107929,797,beauty,new,0,COD,medium,1,9,Wed,0
ORD102009,1546,beauty,returning,5,COD,medium,23,23,Wed,0
ORD103084,872,beauty,returning,10,UPI,low,8,10,Sat,0
ORD107990,12000,home,returning,8,wallet,medium,7,17,Thu,0
ORD104837,4581,electronics,returning,5,UPI,medium,9,13,Fri,0
ORD102293,2357,apparel,new,0,COD,low,5,3,Sat,0
ORD104481,1565,home,returning,7,COD,medium,12,12,Thu,0
ORD103716,589,beauty,returning,9,UPI,medium,34,22,Sun,0
ORD106643,1342,apparel,new,0,card,low,7,23,Thu,0
ORD101764,6608,electronics,returning,7,card,medium,3,4,Fri,0
ORD101549,1026,apparel,returning,6,COD,low,5,13,Wed,0
ORD103029,2796,apparel,new,0,UPI,medium,24,2,Sat,0
ORD102044,439,grocery,new,0,UPI,low,0,0,Fri,0
ORD100767,6863,electronics,returning,7,card,medium,3,12,Fri,0
ORD101508,4023,electronics,returning,7,COD,low,4,4,Tue,0
ORD107768,240,grocery,returning,6,wallet,low,4,11,Thu,0
ORD104517,1781,apparel,returning,3,UPI,medium,6,12,Thu,0
ORD104219,1198,beauty,returning,10,UPI,low,14,8,Wed,0
ORD106652,1101,home,returning,11,UPI,low,4,2,Tue,0
ORD105242,1515,apparel,returning,7,UPI,low,1,13,Wed,0
ORD103292,2704,home,returning,4,UPI,medium,11,22,Sun,0
ORD100819,1468,apparel,returning,4,wallet,high,21,15,Sun,0
ORD101403,2726,apparel,returning,7,UPI,medium,26,7,Sat,0
ORD102148,575,beauty,new,0,COD,low,32,4,Sat,1
ORD101638,1993,apparel,returning,3,netbanking,low,2,2,Mon,0
ORD107688,3042,apparel,returning,9,card,high,6,3,Thu,1
ORD100399,2324,apparel,new,0,card,medium,40,18,Sat,0
ORD100882,477,grocery,new,0,netbanking,high,2,15,Sat,0
ORD103565,866,beauty,returning,1,card,low,17,0,Sat,0
ORD107150,4748,home,returning,7,card,low,0,21,Sat,0
ORD101179,11051,electronics,returning,5,UPI,low,5,13,Fri,0
ORD104244,1972,beauty,returning,7,wallet,low,39,8,Fri,0
ORD105218,1863,apparel,returning,10,UPI,medium,29,8,Fri,0
ORD102130,8910,electronics,returning,3,UPI,low,19,5,Wed,0
ORD105078,1571,apparel,returning,6,UPI,low,7,11,Sat,0
ORD100456,1308,grocery,returning,8,COD,low,3,9,Wed,0
ORD106901,3857,home,returning,9,COD,high,8,1,Sun,0
ORD101950,878,grocery,returning,5,COD,low,3,0,Thu,0
ORD100689,5978,home,returning,4,UPI,low,14,2,Wed,0
ORD106325,6572,electronics,returning,5,UPI,high,5,3,Sat,0
ORD107812,646,beauty,returning,7,wallet,high,13,13,Fri,0
ORD101953,483,grocery,returning,10,wallet,medium,4,3,Sat,0
ORD102710,462,grocery,new,0,card,low,9,5,Thu,0
ORD105911,10277,electronics,returning,9,UPI,medium,9,12,Thu,0
ORD105945,1049,apparel,returning,5,wallet,low,13,10,Sat,0
ORD104349,1887,beauty,returning,10,UPI,low,2,4,Tue,0
ORD101884,3301,apparel,returning,10,netbanking,high,17,5,Fri,0
ORD106029,11033,electronics,new,0,UPI,medium,10,12,Tue,0
ORD107075,813,apparel,returning,11,netbanking,low,3,3,Sun,0
ORD102494,351,grocery,new,0,netbanking,high,1,5,Mon,0
ORD103036,6310,home,returning,7,COD,medium,6,7,Wed,0
ORD103603,1266,apparel,returning,4,card,high,4,2,Mon,0
ORD100845,1911,grocery,new,0,card,medium,64,8,Thu,0
ORD103724,1679,beauty,returning,6,UPI,low,2,16,Sun,0
ORD104187,4582,electronics,returning,7,wallet,medium,1,1,Sat,0
ORD103679,13040,electronics,returning,4,wallet,low,1,1,Sat,0
ORD107705,2861,home,new,0,COD,low,2,2,Sun,0
ORD105500,7365,electronics,new,0,netbanking,high,20,7,Wed,1
ORD102964,2905,apparel,returning,6,card,high,25,16,Fri,0
ORD102529,754,home,returning,12,UPI,medium,1,8,Tue,0
ORD101048,435,grocery,new,0,card,high,19,12,Sat,0
ORD101960,4163,home,returning,5,UPI,high,16,7,Tue,0
ORD102530,2497,home,new,0,card,low,1,13,Wed,0
ORD106267,681,beauty,new,0,netbanking,low,50,22,Tue,0
ORD100237,1038,beauty,new,0,UPI,low,9,10,Thu,0
ORD104917,4687,home,returning,8,card,medium,12,4,Tue,0
ORD105918,535,grocery,new,0,COD,low,40,17,Tue,0
ORD106017,1321,beauty,new,0,COD,medium,7,1,Sat,1
ORD106174,1548,apparel,new,0,COD,high,21,11,Sun,0
ORD102978,1250,beauty,new,0,COD,low,16,11,Tue,0
ORD106337,972,apparel,returning,7,wallet,high,4,4,Sun,1
ORD106155,19223,electronics,new,0,UPI,low,15,16,Fri,0
ORD107609,2102,grocery,returning,3,UPI,low,3,23,Sat,0
ORD105969,497,beauty,returning,5,UPI,medium,4,20,Sat,0
ORD103919,1689,apparel,new,0,UPI,high,13,18,Sat,0
ORD103138,1322,beauty,new,0,card,low,3,10,Sun,1
ORD107141,2326,beauty,returning,5,UPI,high,4,0,Tue,0
ORD106878,5050,home,returning,6,UPI,low,6,1,Thu,0
ORD103229,5591,apparel,returning,7,wallet,medium,15,14,Sun,0
ORD101826,2262,home,returning,8,card,high,61,3,Thu,0
ORD100593,12000,home,returning,13,COD,medium,12,9,Sun,0
ORD102725,1235,beauty,returning,11,card,low,19,14,Tue,0
ORD104137,738,grocery,new,0,netbanking,low,12,10,Wed,0
ORD106272,1230,home,returning,5,card,low,1,0,Tue,0
ORD105638,8038,electronics,returning,2,UPI,low,9,23,Fri,0
ORD104437,1182,apparel,new,0,wallet,low,10,13,Tue,0
ORD105552,933,apparel,returning,8,card,low,2,8,Wed,0
ORD100261,1838,beauty,returning,11,UPI,medium,8,22,Sat,0
ORD105368,2452,beauty,returning,4,UPI,low,5,7,Fri,0
ORD107298,376,grocery,new,0,card,high,27,5,Sun,0
ORD101689,803,apparel,returning,3,netbanking,low,7,11,Sun,0
ORD101725,6160,electronics,returning,6,wallet,high,10,13,Sat,1
ORD106529,14122,electronics,new,0,wallet,low,3,7,Sat,0
ORD104930,731,beauty,returning,5,netbanking,low,9,11,Sat,0
ORD105382,1059,beauty,new,0,card,low,14,4,Thu,0
ORD100340,7911,electronics,returning,9,card,low,16,13,Thu,0
ORD106517,1465,home,returning,6,UPI,high,1,20,Wed,0
ORD101601,10404,electronics,new,0,UPI,high,2,4,Wed,0
ORD104576,2258,beauty,returning,7,wallet,medium,32,20,Tue,0
ORD103725,749,beauty,returning,7,card,high,7,20,Fri,0
ORD102785,2549,beauty,new,0,COD,low,4,6,Sat,0
ORD101523,1233,beauty,returning,9,UPI,high,4,1,Fri,0
ORD105967,1458,apparel,new,0,wallet,medium,21,18,Thu,0
ORD106471,4655,home,returning,8,UPI,medium,35,23,Thu,0
ORD101766,372,grocery,returning,10,UPI,high,19,12,Fri,0
ORD107889,5886,home,new,0,card,low,10,6,Tue,0
ORD104037,1681,beauty,new,0,UPI,low,1,10,Sun,0
ORD105476,6513,electronics,new,0,UPI,medium,6,21,Thu,0
ORD106326,954,beauty,new,0,COD,low,18,21,Mon,0
ORD106488,3941,electronics,returning,9,card,medium,1,2,Sat,0
ORD100363,8586,electronics,returning,9,netbanking,low,2,9,Thu,0
ORD107909,2609,apparel,new,0,UPI,low,7,22,Sat,0
ORD107197,834,grocery,new,0,UPI,high,3,11,Sat,0
ORD104725,1932,apparel,returning,8,UPI,medium,3,8,Wed,0
ORD104443,881,grocery,returning,10,UPI,low,19,0,Thu,0
ORD106380,991,beauty,returning,5,wallet,low,8,3,Sun,0
ORD107387,6141,electronics,new,0,UPI,medium,11,12,Sun,0
ORD105601,8520,electronics,new,0,UPI,low,31,22,Sat,1
ORD107424,1363,beauty,new,0,card,low,1,11,Wed,0
ORD103083,775,beauty,returning,9,netbanking,low,13,9,Sun,0
ORD107370,2763,apparel,returning,8,UPI,medium,43,17,Sat,0
ORD102102,644,beauty,new,0,UPI,medium,3,17,Tue,0
ORD105803,9777,home,returning,7,UPI,high,11,5,Fri,0
ORD104406,515,grocery,returning,5,netbanking,medium,4,16,Sun,0
ORD105884,1302,apparel,new,0,netbanking,medium,15,19,Mon,0
ORD107719,1115,apparel,new,0,COD,low,19,17,Tue,1
ORD106140,8779,electronics,new,0,netbanking,high,1,9,Sun,0
ORD103619,1329,grocery,new,0,wallet,low,4,22,Sat,0
ORD103883,763,apparel,returning,11,card,low,38,15,Wed,0
ORD104211,3717,apparel,returning,1,UPI,medium,2,4,Sat,0
ORD101494,2499,apparel,new,0,UPI,low,8,23,Mon,0
ORD102401,972,beauty,new,0,card,low,8,2,Sun,0
ORD103874,458,grocery,returning,7,UPI,low,12,2,Mon,0
ORD101232,45000,electronics,new,0,COD,high,30,1,Sat,0
ORD102661,1176,apparel,new,0,netbanking,low,1,11,Mon,0
ORD102817,1322,home,new,0,wallet,medium,19,15,Sun,1
ORD107310,1616,apparel,new,0,card,low,0,21,Sat,0
ORD107712,1380,apparel,returning,10,card,low,4,18,Sun,0
ORD106356,1803,apparel,returning,5,UPI,low,18,20,Thu,0
ORD104153,2315,apparel,returning,6,COD,medium,13,4,Sun,1
ORD105968,2185,home,new,0,COD,low,1,18,Sat,0
ORD103061,2932,apparel,returning,5,card,low,15,6,Wed,0
ORD106843,3505,apparel,new,0,card,high,11,18,Fri,1
ORD101735,636,beauty,new,0,UPI,low,23,19,Mon,0
ORD102823,689,grocery,returning,11,wallet,low,27,17,Mon,0
ORD106107,6068,electronics,returning,8,UPI,medium,13,1,Sun,0
ORD107764,6778,home,returning,11,UPI,medium,6,0,Thu,0
ORD102475,13653,electronics,new,0,card,medium,3,13,Thu,0
ORD107970,959,home,returning,3,UPI,medium,45,9,Sat,0
ORD106741,963,apparel,returning,6,netbanking,low,1,9,Tue,0
ORD106194,8464,electronics,returning,6,UPI,low,59,8,Sun,0
ORD100707,1517,beauty,new,0,card,high,23,8,Sat,0
ORD103046,1363,apparel,returning,9,COD,high,1,16,Wed,0
ORD106831,7181,home,returning,6,UPI,low,16,8,Wed,0
ORD105189,5304,home,returning,4,COD,low,40,2,Mon,0
ORD106113,1571,grocery,returning,6,card,low,8,11,Mon,0
ORD100072,864,grocery,returning,7,UPI,low,31,23,Thu,0
ORD104448,4855,home,new,0,wallet,high,31,7,Thu,0
ORD104839,16072,electronics,returning,7,COD,high,27,20,Sat,0
ORD107483,1725,beauty,returning,8,netbanking,medium,5,11,Fri,0
ORD105101,3431,apparel,returning,9,card,low,6,20,Tue,0
ORD101190,2483,apparel,returning,12,card,medium,37,14,Tue,0
ORD102601,8567,home,returning,8,card,low,7,21,Fri,0
ORD101125,5612,home,returning,8,UPI,low,35,15,Fri,0
ORD101241,1398,apparel,new,0,UPI,low,11,8,Wed,1
ORD106604,509,beauty,returning,4,card,high,2,0,Wed,0
ORD103351,3516,electronics,returning,7,UPI,low,3,5,Sun,0
ORD105094,696,grocery,returning,10,UPI,high,22,23,Sun,0
ORD104008,12092,electronics,returning,4,UPI,medium,4,2,Fri,0
ORD101577,1056,beauty,returning,8,netbanking,medium,29,17,Sun,0
ORD103729,2382,beauty,returning,5,COD,medium,3,14,Sun,1
ORD104358,1000,apparel,returning,10,UPI,low,1,3,Fri,0
ORD101343,2456,home,returning,6,netbanking,high,3,20,Sun,0
ORD107977,1208,grocery,new,0,card,medium,32,2,Wed,0
ORD106979,980,beauty,new,0,wallet,low,40,4,Sat,0
ORD100440,791,grocery,returning,5,card,high,17,1,Thu,0
ORD101100,9474,electronics,returning,8,card,medium,17,11,Sat,0
ORD102637,16729,electronics,new,0,UPI,high,2,6,Wed,0
ORD105652,10203,home,new,0,card,medium,5,16,Sun,0
ORD100649,4211,electronics,new,0,card,medium,29,7,Wed,1
ORD101546,1322,apparel,returning,7,COD,low,16,15,Tue,0
ORD106092,2730,home,returning,4,card,high,1,21,Thu,0
ORD106112,1298,apparel,returning,4,card,medium,4,11,Mon,0
ORD102852,683,beauty,returning,10,COD,low,12,1,Sun,0
ORD103503,4935,home,new,0,COD,medium,2,0,Sun,0
ORD105771,1032,grocery,returning,9,card,low,69,17,Mon,0
ORD100630,651,grocery,new,0,card,low,29,14,Sun,0
ORD104768,8238,electronics,returning,7,UPI,low,24,1,Sat,0
ORD101249,261,grocery,new,0,netbanking,low,1,13,Wed,0
ORD105483,1220,apparel,new,0,COD,medium,3,5,Wed,0
ORD101584,8823,home,returning,6,UPI,medium,77,19,Mon,0
ORD104676,8417,electronics,new,0,COD,low,9,2,Sun,0
ORD101462,14488,electronics,new,0,UPI,high,41,15,Tue,0
ORD103040,1852,apparel,new,0,card,high,40,0,Sun,1
ORD105010,2633,apparel,returning,9,wallet,low,10,21,Sun,0
ORD103273,752,beauty,returning,7,card,medium,2,21,Thu,0
ORD103683,2964,apparel,new,0,card,medium,9,20,Thu,0
ORD104145,1177,apparel,returning,10,UPI,low,34,17,Fri,0
ORD104954,1853,apparel,returning,8,UPI,low,12,16,Tue,0
ORD103225,3680,beauty,returning,4,UPI,low,1,6,Sat,0
ORD101072,1460,apparel,returning,6,card,medium,5,2,Sat,0
ORD104815,10716,electronics,returning,3,COD,low,15,22,Thu,0
ORD102631,690,apparel,returning,6,UPI,high,18,0,Fri,1
ORD101660,16420,electronics,returning,8,COD,high,24,16,Mon,1
ORD102425,1233,beauty,new,0,card,medium,62,14,Fri,0
ORD105079,930,beauty,new,0,COD,low,10,14,Sat,1
ORD103097,1879,apparel,new,0,wallet,medium,24,7,Sun,0
ORD103976,23557,electronics,returning,9,COD,low,31,5,Thu,0
ORD107290,746,apparel,returning,8,UPI,low,18,13,Thu,0
ORD107590,6000,apparel,returning,5,UPI,low,11,15,Fri,0
ORD105291,1465,apparel,new,0,UPI,low,2,17,Sun,0
ORD101408,249,grocery,returning,6,UPI,medium,22,6,Sat,0
ORD101845,2137,home,returning,5,UPI,low,1,13,Sun,0
ORD101475,6682,home,returning,6,UPI,low,10,1,Sat,0
ORD105804,3321,home,new,0,UPI,medium,5,4,Sun,1
ORD100035,6377,electronics,new,0,UPI,high,42,14,Sat,1
ORD106157,23552,electronics,returning,5,netbanking,low,54,10,Mon,0
ORD100444,1625,apparel,new,0,UPI,low,1,20,Tue,0
ORD102359,20187,electronics,returning,4,netbanking,low,14,18,Mon,0
ORD103654,3985,apparel,returning,5,netbanking,low,25,10,Fri,0
ORD106291,856,grocery,returning,7,card,medium,0,20,Thu,0
ORD103179,6308,home,returning,7,card,low,10,13,Mon,0
ORD105940,644,beauty,new,0,UPI,medium,4,7,Mon,0
ORD104445,366,apparel,returning,7,card,medium,33,8,Wed,0
ORD103416,1725,home,new,0,card,low,5,14,Fri,0
ORD107722,7832,electronics,returning,5,card,low,8,19,Thu,0
ORD101681,738,beauty,new,0,COD,low,31,10,Sat,0
ORD105829,633,beauty,new,0,netbanking,medium,12,11,Sat,0
ORD101692,349,apparel,new,0,card,low,10,8,Fri,0
ORD106244,3040,electronics,returning,6,card,low,13,19,Wed,0
ORD103635,18685,electronics,returning,8,card,low,4,8,Thu,0
ORD105453,16036,electronics,returning,8,netbanking,low,46,12,Wed,0
ORD107576,419,grocery,new,0,UPI,low,4,1,Sat,0
ORD104884,466,grocery,returning,6,UPI,medium,16,20,Sun,0
ORD104419,2711,home,returning,5,UPI,low,7,5,Sat,0
ORD107452,4165,apparel,new,0,card,high,12,18,Fri,0
ORD106580,451,beauty,returning,7,UPI,low,2,7,Sun,0
ORD105243,613,apparel,new,0,card,high,4,13,Sat,0
ORD103188,15986,electronics,returning,12,card,low,24,14,Sat,0
ORD104431,737,grocery,returning,9,UPI,low,6,2,Fri,0
ORD105613,3949,home,returning,6,card,low,4,5,Thu,0
ORD100406,543,apparel,new,0,UPI,low,8,16,Sat,0
ORD100020,906,beauty,returning,8,COD,medium,10,23,Mon,0
ORD101004,4083,home,new,0,UPI,medium,2,17,Sat,1
ORD104986,5942,home,new,0,COD,high,3,9,Fri,0
ORD102411,1135,grocery,returning,6,card,low,6,10,Mon,0
ORD102545,3097,apparel,returning,8,card,low,23,6,Fri,0
ORD106004,22593,electronics,returning,7,COD,low,6,13,Sat,1
ORD102390,5078,home,new,0,netbanking,low,14,18,Wed,0
ORD107853,871,apparel,new,0,UPI,high,12,21,Thu,1
ORD100042,513,beauty,returning,8,card,low,2,12,Sun,0
ORD102830,2199,apparel,new,0,netbanking,low,3,9,Mon,0
ORD103371,14723,electronics,returning,12,netbanking,low,24,0,Wed,0
ORD103022,1393,apparel,new,0,COD,low,33,1,Mon,0
ORD103364,1474,apparel,returning,7,card,low,11,21,Wed,0
ORD104399,556,beauty,returning,5,UPI,low,74,17,Sat,0
ORD105252,1801,apparel,returning,9,card,low,7,6,Thu,0
ORD100011,2337,grocery,returning,9,COD,low,8,22,Tue,0
ORD101177,2216,apparel,returning,3,COD,low,80,3,Tue,1
ORD101947,229,grocery,returning,8,card,medium,18,4,Sun,0
ORD102501,657,beauty,new,0,UPI,medium,22,22,Sat,0
ORD102863,17519,electronics,returning,8,card,high,4,14,Sun,0
ORD103865,1581,apparel,new,0,UPI,low,5,11,Thu,1
ORD101026,242,grocery,new,0,wallet,medium,4,12,Tue,0
ORD103848,2404,apparel,returning,8,UPI,high,31,22,Fri,0
ORD102989,5158,home,returning,8,card,low,20,12,Fri,0
ORD100961,2145,apparel,returning,4,UPI,low,0,18,Sun,0
ORD102889,13957,electronics,returning,6,UPI,low,8,5,Thu,0
ORD103015,278,beauty,returning,9,netbanking,medium,23,12,Wed,0
ORD103338,440,apparel,returning,13,COD,medium,7,19,Sun,0
ORD105665,1207,beauty,new,0,COD,low,55,21,Wed,0
ORD100735,732,beauty,new,0,card,medium,3,11,Thu,0
ORD104400,1436,beauty,returning,5,COD,low,53,2,Fri,0
ORD101440,2392,apparel,new,0,wallet,low,5,7,Thu,0
ORD102875,38240,electronics,returning,14,netbanking,low,6,7,Fri,0
ORD103986,1733,apparel,returning,8,UPI,low,21,0,Fri,0
ORD100916,29190,electronics,returning,5,UPI,low,4,3,Tue,0
ORD106680,6717,home,new,0,UPI,low,0,2,Fri,0
ORD104089,7695,electronics,returning,3,COD,low,2,1,Mon,0
ORD107389,506,apparel,new,0,netbanking,low,1,19,Sat,0
ORD106256,773,home,returning,5,UPI,low,7,12,Tue,0
ORD102772,969,grocery,new,0,card,low,49,4,Sat,0
ORD101624,1565,apparel,new,0,card,low,0,2,Mon,0
ORD100821,3673,home,returning,11,card,low,23,3,Thu,0
ORD101367,25905,electronics,returning,11,UPI,low,10,3,Tue,0
ORD103712,656,grocery,new,0,wallet,low,30,12,Sat,0
ORD100850,8736,electronics,returning,5,netbanking,high,12,21,Fri,0
ORD101000,30666,electronics,new,0,UPI,medium,6,16,Tue,0
ORD105957,24701,electronics,new,0,wallet,low,14,4,Thu,0
ORD101667,6000,apparel,returning,6,card,low,13,3,Sun,0
ORD104589,704,grocery,new,0,wallet,low,6,20,Tue,0
ORD103173,257,grocery,returning,6,UPI,low,10,1,Sat,0
ORD106431,1946,apparel,returning,9,card,high,11,19,Thu,1
ORD106156,1385,apparel,returning,14,card,high,8,17,Wed,1
ORD104783,4733,home,returning,6,UPI,low,16,1,Sat,0
ORD106258,1503,apparel,returning,10,netbanking,low,0,8,Fri,0
ORD106549,2674,apparel,returning,13,card,low,5,14,Thu,0
ORD100703,506,grocery,new,0,COD,low,7,2,Mon,0
ORD106381,351,grocery,new,0,UPI,low,1,21,Wed,0
ORD103291,296,beauty,new,0,COD,low,0,5,Thu,1
ORD103673,4199,apparel,returning,4,card,medium,27,11,Tue,0
ORD102408,3430,apparel,new,0,UPI,high,0,10,Thu,0
ORD107379,1533,apparel,returning,7,COD,low,20,13,Sun,0
ORD101327,2345,home,returning,8,card,low,19,12,Sat,0
ORD107445,4411,home,returning,6,COD,high,16,8,Tue,0
ORD104909,10408,electronics,returning,4,netbanking,high,18,19,Sun,0
ORD104440,10858,electronics,new,0,card,medium,12,15,Fri,0
ORD106689,810,apparel,new,0,COD,medium,8,16,Thu,1
ORD100986,982,apparel,new,0,UPI,low,9,0,Thu,0
ORD106358,3447,home,new,0,card,low,10,0,Wed,1
ORD107262,7965,home,returning,6,COD,medium,11,12,Sun,0
ORD106886,2449,apparel,new,0,UPI,low,4,0,Sat,1
ORD103485,1073,beauty,returning,8,UPI,low,18,20,Sat,0
ORD102474,1251,apparel,returning,7,card,high,5,14,Thu,0
ORD105238,1231,apparel,returning,6,UPI,low,1,7,Sun,0
ORD101198,1575,apparel,returning,8,netbanking,medium,7,0,Mon,0
ORD104181,14840,electronics,returning,3,card,low,10,23,Sun,1
ORD101518,29629,electronics,returning,6,UPI,low,4,0,Thu,0
ORD106641,1155,beauty,new,0,card,low,18,22,Sun,0
ORD105477,1704,apparel,new,0,UPI,high,1,9,Tue,0
ORD101799,6650,home,returning,8,card,low,14,21,Wed,0
ORD101014,3893,apparel,returning,7,netbanking,low,23,3,Wed,0
ORD100128,5616,electronics,returning,6,UPI,low,16,17,Mon,0
ORD101364,1053,apparel,returning,9,COD,medium,6,17,Tue,0
ORD106163,1605,home,returning,3,card,medium,3,2,Mon,0
ORD100891,375,grocery,returning,6,UPI,low,8,2,Fri,0
ORD102793,976,grocery,returning,7,card,medium,9,17,Wed,0
ORD105455,1570,home,new,0,card,low,5,7,Sat,0
ORD104403,1240,apparel,returning,9,card,low,28,16,Tue,0
ORD107614,4041,apparel,returning,3,netbanking,high,34,6,Sat,0
ORD105413,45000,electronics,new,0,UPI,high,31,9,Fri,0
ORD103249,2433,apparel,new,0,UPI,low,16,9,Thu,0
ORD101208,626,apparel,returning,3,COD,high,2,2,Sun,0
ORD103868,2230,home,returning,6,UPI,low,6,6,Fri,0
ORD107184,5680,electronics,returning,8,card,low,16,13,Fri,1
ORD104065,682,beauty,new,0,card,low,31,0,Sat,0
ORD101239,10072,electronics,returning,7,card,low,1,11,Fri,0
ORD102289,692,apparel,returning,16,COD,medium,4,19,Sun,0
ORD102740,10289,electronics,returning,5,UPI,low,73,12,Thu,0
ORD101035,4153,home,returning,11,UPI,medium,23,20,Fri,0
ORD101229,8994,electronics,returning,4,COD,medium,6,0,Tue,0
ORD101008,897,beauty,returning,6,wallet,low,28,13,Sat,0
ORD106525,1530,grocery,new,0,UPI,low,27,1,Fri,0
ORD105178,4780,home,returning,5,UPI,low,8,21,Sun,0
ORD103828,571,grocery,new,0,UPI,high,56,12,Thu,0
ORD102532,1560,beauty,returning,4,card,high,4,14,Wed,0
ORD104293,1925,home,new,0,netbanking,low,19,6,Mon,0
ORD107414,1484,home,new,0,netbanking,low,24,7,Sun,0
ORD100281,17555,electronics,returning,7,card,low,4,0,Fri,0
ORD101043,8044,home,new,0,UPI,low,25,18,Sat,0
ORD101316,1462,home,new,0,UPI,medium,3,10,Fri,0
ORD100968,1581,home,returning,7,UPI,low,54,8,Thu,0
ORD102381,2948,apparel,returning,2,card,low,5,6,Sat,0
ORD106548,1231,beauty,returning,3,card,medium,7,16,Mon,0
ORD105755,7851,home,returning,9,UPI,low,10,21,Sat,0
ORD101274,4064,electronics,new,0,netbanking,low,13,20,Thu,0
ORD100619,8934,electronics,returning,6,card,high,7,19,Fri,0
ORD105822,783,beauty,returning,7,card,low,1,6,Fri,0
ORD101742,15431,electronics,returning,8,netbanking,low,29,13,Thu,0
ORD101390,374,grocery,new,0,card,low,30,22,Sat,0
ORD106518,12908,electronics,returning,13,UPI,medium,6,17,Thu,0
ORD101579,207,grocery,returning,8,UPI,low,24,21,Mon,0
ORD101655,1001,apparel,new,0,UPI,medium,1,7,Sat,1
ORD103568,1877,beauty,returning,7,wallet,low,10,23,Sat,1
ORD102352,2053,apparel,returning,7,UPI,medium,18,4,Sat,0
ORD102212,568,grocery,returning,12,COD,medium,4,5,Wed,0
ORD103178,9426,electronics,returning,7,card,low,8,14,Mon,0
ORD103192,2032,home,new,0,card,low,21,6,Tue,0
ORD101307,2089,home,new,0,netbanking,low,1,4,Mon,0
ORD100575,4353,home,returning,6,card,medium,6,3,Sat,0
ORD102360,1205,beauty,new,0,card,low,8,21,Wed,0
ORD101280,1201,apparel,returning,6,UPI,low,3,20,Tue,0
ORD106512,11430,electronics,new,0,COD,low,4,12,Tue,0
ORD102639,12752,electronics,new,0,netbanking,low,1,15,Mon,0
ORD100269,21662,electronics,returning,5,netbanking,low,13,10,Mon,1
ORD100629,1082,beauty,returning,7,COD,medium,23,7,Sun,0
ORD105938,6244,home,new,0,card,medium,7,22,Tue,0
ORD103466,4314,home,returning,9,netbanking,low,44,11,Mon,0
ORD104396,22601,electronics,returning,5,COD,medium,12,12,Sat,0
ORD104023,326,grocery,new,0,UPI,low,0,16,Sun,0
ORD107578,8992,electronics,new,0,card,medium,1,20,Mon,0
ORD105543,3003,home,returning,7,UPI,low,42,21,Fri,0
ORD105568,21625,electronics,returning,9,UPI,medium,23,15,Sun,0
ORD104356,314,grocery,returning,6,card,medium,6,17,Sat,0
ORD106848,8454,electronics,returning,8,netbanking,high,1,13,Fri,0
ORD100027,15195,electronics,returning,4,COD,low,13,23,Sun,0
ORD103928,44981,electronics,returning,5,card,medium,19,20,Mon,0
ORD107234,4371,home,new,0,UPI,medium,14,12,Tue,0
ORD103216,2241,apparel,returning,14,COD,medium,6,6,Mon,0
ORD100129,2572,home,returning,7,card,high,10,23,Wed,0
ORD105942,12916,electronics,new,0,card,low,3,19,Fri,0
ORD104599,2418,apparel,returning,7,card,low,7,20,Wed,0
ORD100013,1193,beauty,returning,6,wallet,low,16,18,Sat,0
ORD106869,1250,home,returning,9,UPI,medium,25,4,Sat,1
ORD104476,3007,home,new,0,UPI,high,12,13,Wed,0
ORD101525,17493,electronics,returning,4,UPI,low,4,17,Tue,0
ORD102365,2130,beauty,new,0,COD,low,2,22,Sat,1
ORD104648,990,apparel,returning,9,card,low,20,16,Sat,0
ORD103052,2030,home,new,0,UPI,medium,5,8,Thu,0
ORD104005,8125,electronics,returning,6,UPI,low,3,4,Fri,0
ORD102340,28217,electronics,returning,11,UPI,low,9,14,Thu,0
ORD100374,9078,electronics,returning,3,UPI,low,7,3,Fri,0
ORD105841,2372,apparel,returning,5,card,low,10,3,Thu,0
ORD106882,2177,apparel,new,0,UPI,medium,43,20,Sun,0
ORD100939,16555,electronics,returning,17,wallet,low,9,8,Thu,0
ORD107653,4539,electronics,new,0,wallet,low,0,18,Thu,0
ORD105718,12719,electronics,new,0,card,medium,21,16,Sat,0
ORD104573,1157,apparel,new,0,UPI,medium,15,12,Sat,0
ORD102147,311,grocery,returning,9,card,medium,2,6,Mon,0
ORD103591,3033,apparel,returning,6,card,low,2,23,Sat,1
ORD106328,2130,apparel,returning,8,card,low,19,11,Wed,0
ORD107266,1601,apparel,returning,5,UPI,high,8,10,Thu,0
ORD106732,1440,grocery,returning,6,UPI,medium,7,16,Wed,0
ORD103623,375,beauty,returning,8,UPI,medium,1,22,Sun,0
ORD100529,1791,apparel,returning,6,card,low,17,5,Mon,0
ORD103714,1663,grocery,returning,6,UPI,high,10,22,Mon,0
ORD104732,2002,apparel,new,0,card,low,7,8,Tue,1
ORD101269,1486,apparel,new,0,card,low,9,8,Sun,0
ORD104281,902,apparel,returning,9,netbanking,medium,8,8,Tue,0
ORD104850,20855,electronics,returning,8,card,low,31,3,Sun,0
ORD104009,2401,home,returning,4,netbanking,medium,4,14,Fri,1
ORD104390,9274,electronics,returning,6,wallet,medium,16,3,Fri,0
ORD101797,1388,apparel,new,0,UPI,medium,16,6,Mon,0
ORD102979,465,grocery,returning,7,netbanking,medium,17,21,Thu,0
ORD101441,5289,electronics,returning,10,card,low,21,9,Mon,0
ORD105994,1423,home,new,0,UPI,low,2,10,Mon,0
ORD103811,2398,electronics,returning,6,netbanking,high,24,7,Fri,0
ORD104703,925,apparel,returning,10,UPI,low,2,14,Sat,0
ORD101712,565,grocery,returning,7,netbanking,low,10,3,Sun,0
ORD105936,2360,apparel,new,0,wallet,medium,10,4,Thu,1
ORD107964,10895,electronics,new,0,card,medium,32,16,Sat,0
ORD107346,4668,apparel,returning,5,card,low,9,4,Wed,0
ORD102071,1922,apparel,new,0,netbanking,medium,4,21,Fri,0
ORD101977,590,grocery,new,0,UPI,medium,42,0,Wed,0
ORD100158,1966,beauty,returning,4,card,low,1,18,Mon,0
ORD103888,1888,grocery,returning,7,card,low,2,1,Fri,0
ORD105451,2227,home,returning,6,wallet,low,52,15,Mon,0
ORD100902,16293,electronics,returning,6,UPI,low,8,4,Tue,0
ORD100352,2967,home,returning,11,netbanking,low,4,21,Wed,0
ORD105326,2068,home,returning,10,netbanking,medium,16,16,Sat,0
ORD104540,4254,electronics,returning,5,card,low,40,16,Tue,0
ORD104130,2235,beauty,returning,7,card,medium,5,0,Thu,0
ORD100754,365,beauty,returning,4,UPI,low,4,4,Sun,0
ORD107959,852,grocery,returning,7,UPI,low,11,12,Mon,0
ORD102920,1604,grocery,new,0,UPI,low,9,18,Tue,0
ORD100311,3210,apparel,returning,6,netbanking,medium,9,8,Mon,0
ORD104644,1587,apparel,new,0,netbanking,low,6,12,Mon,0
ORD100661,1205,grocery,new,0,wallet,medium,3,15,Thu,0
ORD101989,12569,electronics,new,0,card,high,27,0,Thu,1
ORD103665,1460,apparel,returning,7,card,low,7,17,Fri,0
ORD100306,1912,apparel,returning,7,card,medium,10,2,Sat,0
ORD102335,1617,beauty,new,0,wallet,low,45,13,Mon,0
ORD104790,1615,apparel,new,0,COD,low,42,4,Wed,0
ORD102356,2302,apparel,returning,9,UPI,medium,4,13,Sat,1
ORD103702,2127,home,new,0,card,low,12,22,Sun,0
ORD101927,720,beauty,returning,5,UPI,medium,21,13,Thu,0
ORD107021,286,grocery,returning,5,COD,low,1,12,Sun,0
ORD100749,1325,beauty,returning,4,UPI,low,37,3,Wed,0
ORD103638,1146,beauty,returning,2,UPI,low,21,9,Mon,0
ORD105863,855,beauty,new,0,netbanking,low,2,8,Sun,1
ORD107078,9980,electronics,new,0,card,low,19,10,Fri,0
ORD103595,612,grocery,returning,8,netbanking,low,34,20,Mon,0
ORD102134,1932,home,returning,7,UPI,high,20,16,Mon,0
ORD105066,2547,home,new,0,card,medium,21,2,Sat,0
ORD104109,6175,home,new,0,COD,low,34,4,Sat,0
ORD104969,1271,home,new,0,UPI,low,6,15,Fri,0
ORD100514,2817,apparel,returning,8,COD,low,3,21,Wed,0
ORD100409,1248,grocery,returning,12,wallet,medium,5,13,Sat,0
ORD107606,3935,beauty,returning,9,card,low,2,10,Sat,0
ORD107966,2148,home,new,0,card,medium,4,0,Wed,1
ORD107905,5986,electronics,returning,5,UPI,high,2,10,Fri,0
ORD107048,3388,home,returning,4,wallet,medium,14,17,Wed,0
ORD100207,11290,home,returning,4,card,medium,4,5,Tue,0
ORD106513,4000,beauty,returning,10,UPI,low,22,23,Wed,0
ORD100458,1823,beauty,returning,7,UPI,low,1,17,Tue,0
ORD102054,1189,apparel,new,0,card,medium,0,16,Sun,0
ORD102430,454,beauty,new,0,COD,high,30,4,Wed,0
ORD100250,6269,home,new,0,UPI,low,5,22,Sun,0
ORD106837,3429,home,returning,6,card,low,14,5,Sun,0
ORD105437,4835,electronics,new,0,card,medium,2,10,Sun,0
ORD101107,751,apparel,returning,8,UPI,low,16,17,Thu,0
ORD106495,12602,electronics,returning,7,UPI,medium,2,16,Wed,0
ORD101713,269,grocery,returning,8,UPI,low,4,20,Mon,0
ORD103911,3914,apparel,returning,5,COD,low,26,6,Tue,0
ORD100715,26956,electronics,returning,5,card,medium,12,22,Wed,1
ORD101439,644,grocery,new,0,wallet,low,4,0,Sun,0
ORD102270,3383,home,new,0,COD,low,20,13,Tue,0
ORD103144,617,beauty,returning,12,card,low,5,20,Sat,0
ORD107633,4393,home,new,0,card,medium,14,8,Fri,0
ORD100634,30705,electronics,returning,7,UPI,low,13,5,Sat,0
ORD107926,12168,electronics,returning,6,UPI,high,1,16,Mon,0
ORD105950,1465,apparel,new,0,netbanking,medium,1,3,Sun,1
ORD100105,1553,beauty,returning,3,UPI,low,7,6,Mon,0
ORD103041,686,grocery,returning,8,card,medium,5,2,Thu,0
ORD104238,3450,home,returning,13,wallet,medium,4,17,Wed,0
ORD102169,2258,home,returning,5,UPI,low,15,6,Fri,0
ORD101709,1708,apparel,returning,10,wallet,low,8,9,Thu,0
ORD100089,5297,home,returning,4,card,high,2,0,Mon,0
ORD102241,15041,electronics,new,0,UPI,medium,80,22,Sat,0
ORD105983,2913,apparel,returning,10,wallet,low,15,2,Thu,0
ORD101949,538,grocery,returning,8,UPI,medium,28,22,Sat,0
ORD104044,1723,apparel,new,0,UPI,medium,35,15,Sat,0
ORD102848,1521,beauty,returning,5,COD,low,3,0,Thu,0
ORD104337,9283,electronics,returning,11,UPI,low,33,11,Sun,0
ORD100935,8516,electronics,returning,7,card,medium,27,5,Sat,0
ORD106856,957,apparel,returning,5,netbanking,low,9,16,Fri,0
ORD102720,3864,home,returning,5,card,medium,13,0,Tue,0
ORD105205,3144,electronics,returning,4,card,medium,0,2,Tue,0
ORD107708,983,apparel,new,0,COD,medium,32,20,Sat,0
ORD106014,6069,electronics,returning,5,UPI,low,10,12,Thu,0
ORD102936,807,apparel,returning,4,COD,medium,22,19,Sat,0
ORD102448,3790,home,returning,7,UPI,low,13,6,Sat,0
ORD101576,800,beauty,new,0,UPI,low,5,8,Tue,0
ORD106443,672,beauty,returning,8,UPI,high,11,8,Sat,0
ORD106685,690,apparel,new,0,card,medium,3,7,Wed,0
ORD100213,911,beauty,new,0,UPI,medium,24,16,Sun,0
ORD100778,1290,beauty,new,0,UPI,low,38,19,Thu,0
ORD107761,559,grocery,returning,7,UPI,low,3,18,Sat,0
ORD103496,1173,beauty,returning,4,COD,medium,11,16,Sun,0
ORD106764,2439,apparel,new,0,UPI,low,35,14,Wed,0
ORD105420,1676,apparel,returning,2,card,medium,12,18,Fri,0
ORD100165,2410,apparel,returning,6,UPI,low,14,15,Thu,0
ORD104702,3276,apparel,new,0,UPI,high,12,15,Sat,0
ORD107602,2756,home,new,0,card,low,2,13,Wed,0
ORD100273,2650,home,new,0,UPI,high,29,16,Wed,0
ORD103860,1259,apparel,returning,9,card,medium,26,6,Wed,0
ORD106388,595,grocery,returning,5,card,high,17,15,Sun,0
ORD103788,3642,apparel,returning,12,netbanking,low,3,13,Sun,0
ORD105183,4651,home,returning,7,card,medium,35,19,Sun,0
ORD100394,5180,electronics,returning,7,COD,high,25,7,Sat,0
ORD100583,2142,apparel,returning,9,UPI,high,9,2,Sat,0
ORD107415,2075,beauty,returning,6,card,medium,22,4,Sun,0
ORD106581,6172,home,new,0,UPI,medium,24,11,Sat,0
ORD107646,13166,electronics,returning,8,UPI,low,31,9,Fri,0
ORD106477,928,apparel,new,0,COD,low,5,17,Sat,0
ORD100520,2011,grocery,new,0,UPI,low,9,7,Sat,0
ORD101763,11983,electronics,returning,8,card,low,18,12,Wed,0
ORD101875,536,beauty,new,0,COD,low,7,11,Sun,0
ORD105355,1316,grocery,returning,3,UPI,low,1,3,Sat,0
ORD103965,23056,electronics,returning,12,card,low,0,0,Thu,0
ORD103344,2210,home,returning,3,wallet,low,0,13,Sun,0
ORD102253,1776,home,new,0,card,low,14,23,Thu,0
ORD103224,19134,electronics,returning,11,netbanking,low,10,18,Tue,0
ORD102946,3222,apparel,returning,5,card,medium,21,18,Wed,0
ORD103899,12550,electronics,returning,7,wallet,low,13,8,Sun,0
ORD105655,5550,electronics,new,0,COD,high,16,5,Mon,1
ORD100692,2225,apparel,returning,7,card,medium,9,1,Sun,0
ORD104444,5398,electronics,returning,12,UPI,high,11,18,Sun,0
ORD103633,556,apparel,returning,7,UPI,high,9,13,Wed,0
ORD105805,355,beauty,new,0,COD,low,32,21,Wed,0
ORD101050,2743,home,new,0,COD,high,37,14,Mon,1
ORD100590,642,grocery,new,0,UPI,medium,8,13,Mon,0
ORD100519,1198,beauty,returning,7,netbanking,medium,24,23,Thu,0
ORD103676,2812,apparel,new,0,COD,high,7,16,Sat,0
ORD105776,773,beauty,new,0,card,low,25,21,Tue,0
ORD105179,2171,home,returning,3,netbanking,low,23,1,Thu,0
ORD101607,1001,apparel,new,0,UPI,low,0,15,Sat,0
ORD103610,1456,home,returning,6,card,low,16,11,Mon,0
ORD107628,10920,electronics,returning,7,netbanking,low,12,10,Thu,0
ORD101809,18917,electronics,returning,4,netbanking,low,0,12,Wed,0
ORD100791,1210,apparel,returning,5,card,low,2,21,Mon,0
ORD100792,713,apparel,returning,9,card,low,17,20,Tue,0
ORD107735,3503,apparel,returning,6,COD,low,1,23,Fri,0
ORD101855,1193,grocery,returning,7,netbanking,low,0,15,Sat,0
ORD101980,415,grocery,returning,14,card,high,2,4,Sat,0
ORD103233,20221,electronics,new,0,COD,low,46,6,Fri,1
ORD103598,156,grocery,new,0,UPI,high,13,16,Thu,0
ORD100933,2687,beauty,returning,5,card,medium,0,3,Tue,0
ORD103963,1051,apparel,new,0,UPI,low,1,16,Thu,1
ORD105626,542,beauty,returning,5,COD,low,1,20,Sun,0
ORD104179,463,grocery,returning,6,UPI,medium,6,21,Sat,0
ORD104026,3228,home,returning,3,UPI,high,9,13,Wed,0
ORD107235,4000,beauty,returning,7,card,low,14,17,Fri,0
ORD104116,7097,home,returning,5,COD,medium,43,23,Thu,0
ORD100988,1809,apparel,returning,7,UPI,medium,7,11,Mon,0
ORD106178,1672,apparel,returning,7,netbanking,low,16,6,Sat,0
ORD103453,10310,electronics,returning,7,UPI,low,19,5,Sun,0
ORD107309,1844,apparel,returning,6,COD,medium,4,17,Sun,0
ORD103778,1638,beauty,new,0,card,medium,1,7,Sun,0
ORD105658,12784,electronics,returning,7,UPI,low,21,21,Sat,0
ORD106718,1143,home,new,0,card,high,4,14,Sun,0
ORD103093,2114,grocery,new,0,UPI,low,8,21,Tue,0
ORD103155,4443,apparel,returning,5,card,medium,12,1,Wed,0
ORD105069,1773,home,returning,7,card,low,2,4,Mon,0
ORD105806,3045,beauty,new,0,card,high,20,7,Fri,0
ORD103201,841,grocery,returning,6,card,low,28,8,Wed,0
ORD106462,536,beauty,returning,7,UPI,high,61,17,Thu,1
ORD101098,1368,grocery,returning,8,card,low,65,19,Sat,0
ORD102844,27549,electronics,new,0,UPI,high,22,0,Fri,1
ORD100886,1368,apparel,returning,10,UPI,low,78,6,Sun,0
ORD107890,4970,home,returning,11,netbanking,low,13,22,Mon,0
ORD106312,1348,grocery,returning,5,card,low,35,7,Wed,0
ORD100515,11551,electronics,returning,11,UPI,low,19,8,Mon,0
ORD107382,973,grocery,returning,8,netbanking,low,5,11,Sat,0
ORD104833,364,beauty,returning,7,card,low,31,22,Thu,1
ORD101453,992,grocery,new,0,COD,low,13,1,Sat,1
ORD103609,2646,apparel,new,0,card,medium,4,2,Sat,1
ORD102506,1754,grocery,new,0,netbanking,low,48,7,Wed,0
ORD102994,2742,home,returning,7,UPI,low,26,6,Wed,0
ORD103999,5108,electronics,returning,8,COD,medium,25,13,Fri,1
ORD107580,1104,apparel,returning,5,card,medium,43,2,Tue,0
ORD100906,1407,apparel,returning,6,card,low,1,20,Thu,0
ORD100028,6539,electronics,returning,5,wallet,low,23,17,Thu,0
ORD106871,1160,home,new,0,netbanking,low,4,20,Sat,0
ORD102507,177,grocery,new,0,netbanking,low,21,18,Mon,0
ORD102428,2482,home,new,0,COD,medium,3,2,Sat,0
ORD105043,2518,apparel,new,0,COD,low,12,22,Sun,0
ORD105346,843,beauty,new,0,UPI,low,19,9,Fri,0
ORD100762,15355,electronics,new,0,card,low,8,21,Tue,0
ORD103747,1479,grocery,new,0,COD,medium,2,1,Tue,0
ORD104811,285,beauty,returning,3,netbanking,low,8,18,Sun,0
ORD100686,1773,apparel,new,0,UPI,low,6,13,Fri,0
ORD107395,570,grocery,new,0,card,medium,6,18,Mon,0
ORD102353,5480,home,returning,7,UPI,medium,4,1,Thu,0
ORD106983,553,beauty,returning,7,card,low,16,4,Mon,0
ORD100021,1423,apparel,returning,9,card,high,7,5,Thu,0
ORD102752,1178,beauty,returning,8,card,medium,21,14,Fri,0
ORD100885,2203,apparel,returning,6,card,low,0,13,Sat,0
ORD100917,7201,electronics,new,0,card,low,19,22,Fri,0
ORD101040,14249,electronics,returning,5,COD,low,2,8,Fri,0
ORD106352,1613,beauty,returning,7,UPI,low,41,19,Tue,0
ORD104579,22190,electronics,returning,9,card,low,28,17,Mon,0
ORD106932,3026,home,new,0,UPI,low,4,22,Mon,0
ORD107440,670,grocery,returning,6,UPI,low,12,2,Sat,0
ORD100277,2294,home,returning,7,UPI,low,7,3,Fri,0
ORD105084,697,grocery,returning,9,UPI,medium,0,22,Wed,1
ORD102084,1880,home,new,0,COD,low,1,16,Sun,0
ORD101245,969,apparel,returning,12,card,low,9,6,Thu,0
ORD102382,4865,electronics,new,0,UPI,high,43,18,Thu,0
ORD100571,700,beauty,returning,6,card,low,17,7,Mon,0
ORD101435,524,grocery,new,0,netbanking,medium,16,7,Sun,0
ORD103902,3472,beauty,new,0,card,low,1,13,Sun,0
ORD106011,481,beauty,new,0,card,low,6,14,Tue,0
ORD104681,3713,electronics,returning,7,card,low,23,20,Fri,0
ORD103526,22992,electronics,returning,6,COD,high,16,15,Sat,0
ORD105445,1161,apparel,returning,9,UPI,low,14,7,Mon,0
ORD101007,843,apparel,new,0,UPI,medium,6,13,Tue,1
ORD104770,2482,home,returning,6,card,low,30,2,Sun,0
ORD104543,300,apparel,returning,7,UPI,low,26,19,Sat,0
ORD106416,582,apparel,returning,8,card,medium,5,1,Sat,0
ORD106937,861,home,returning,6,card,high,18,5,Mon,0
ORD102064,1481,apparel,returning,5,netbanking,low,24,14,Mon,0
ORD105352,2177,home,returning,5,UPI,high,27,8,Sun,0
ORD106322,247,grocery,returning,8,UPI,low,9,12,Thu,0
ORD101690,1498,beauty,returning,10,UPI,high,17,5,Thu,0
ORD106912,4283,home,new,0,UPI,high,14,10,Fri,0
ORD107269,759,apparel,returning,5,wallet,low,28,15,Sun,1
ORD105343,1901,home,returning,7,UPI,low,6,15,Fri,0
ORD101985,568,grocery,returning,9,COD,medium,37,6,Wed,0
ORD100294,371,beauty,new,0,UPI,low,7,18,Sun,0
ORD101547,3839,beauty,returning,9,UPI,medium,3,21,Thu,0
ORD102012,11140,electronics,new,0,card,low,5,23,Fri,0
ORD100588,12914,electronics,returning,5,card,medium,18,9,Tue,0
ORD103329,1673,apparel,new,0,card,medium,0,17,Sat,1
ORD102403,359,grocery,returning,8,card,medium,4,21,Sun,0
ORD103998,3150,apparel,returning,6,card,low,16,5,Sat,0
ORD107011,562,grocery,returning,5,UPI,low,22,16,Thu,0
ORD103741,8707,electronics,new,0,wallet,low,0,8,Sat,0
ORD103508,1469,beauty,returning,11,UPI,low,17,14,Fri,0
ORD102719,1890,home,new,0,card,low,3,4,Tue,0
ORD104521,1045,apparel,returning,11,COD,low,28,18,Wed,0
ORD105150,2743,home,returning,6,card,low,29,7,Sun,0
ORD107289,6729,electronics,new,0,card,high,18,5,Fri,1
ORD107297,9636,electronics,new,0,wallet,medium,7,2,Sun,0
ORD104795,16248,electronics,new,0,COD,low,12,4,Thu,0
ORD102469,1750,apparel,new,0,netbanking,medium,9,7,Thu,0
ORD103738,2418,beauty,returning,8,UPI,low,8,21,Thu,0
ORD104286,157,grocery,new,0,COD,high,19,4,Sun,1
ORD101716,4617,apparel,returning,5,UPI,low,4,15,Thu,0
ORD102604,18179,electronics,new,0,UPI,high,8,4,Mon,1
ORD106603,5233,electronics,new,0,card,low,14,3,Sun,0
ORD101704,3938,apparel,returning,11,wallet,high,0,13,Tue,0
ORD102139,930,beauty,new,0,COD,low,66,6,Thu,0
ORD103239,1072,apparel,returning,5,card,medium,3,16,Mon,0
ORD104311,1196,beauty,returning,2,UPI,low,10,15,Tue,0
ORD101285,266,grocery,new,0,UPI,high,0,9,Fri,0
ORD106818,12497,electronics,returning,6,UPI,medium,18,19,Sun,0
ORD107913,846,grocery,new,0,netbanking,medium,7,8,Sun,0
ORD107152,989,grocery,new,0,netbanking,low,20,3,Fri,0
ORD103930,1992,home,returning,8,card,low,2,0,Tue,0
ORD105985,2182,apparel,returning,3,COD,medium,5,4,Wed,0
ORD101591,15319,electronics,returning,7,UPI,low,20,21,Fri,0
ORD107094,4484,home,returning,9,UPI,low,9,21,Tue,0
ORD102162,1425,apparel,new,0,COD,high,13,22,Wed,0
ORD102396,937,apparel,new,0,card,low,5,8,Tue,0
ORD100317,502,beauty,new,0,card,low,15,14,Thu,0
ORD107183,1376,apparel,returning,7,wallet,low,14,23,Thu,0
ORD103111,1193,apparel,returning,8,wallet,low,4,17,Sun,0
ORD105233,1197,apparel,returning,8,card,low,16,18,Fri,0
ORD106394,6159,home,returning,7,card,low,22,17,Fri,0
ORD107759,1816,home,returning,6,netbanking,high,18,5,Sat,0
ORD104036,6000,apparel,returning,5,UPI,medium,2,22,Wed,0
ORD100795,949,apparel,returning,10,card,low,6,7,Fri,0
ORD103020,2494,apparel,returning,8,netbanking,low,13,18,Mon,0
ORD101711,621,apparel,returning,9,UPI,high,15,11,Mon,0
ORD103387,655,grocery,new,0,wallet,low,30,15,Fri,0
ORD100036,17583,electronics,returning,9,netbanking,low,3,15,Tue,0
ORD104549,716,apparel,new,0,netbanking,low,18,8,Wed,0
ORD100913,776,grocery,returning,9,card,high,20,21,Thu,0
ORD105721,15876,electronics,new,0,card,low,7,19,Thu,0
ORD105295,2401,home,returning,5,card,high,15,19,Thu,0
ORD105370,14660,electronics,returning,5,card,low,14,19,Fri,0
ORD104133,2143,home,new,0,card,low,6,6,Sun,0
ORD100974,481,apparel,returning,8,COD,low,11,11,Wed,1
ORD100983,765,apparel,returning,3,card,low,16,19,Tue,0
ORD106537,3175,home,returning,7,card,low,3,14,Sun,0
ORD101418,676,grocery,returning,5,UPI,low,4,19,Wed,0
ORD101560,1068,grocery,returning,13,COD,medium,15,12,Sat,0
ORD105582,991,apparel,returning,4,UPI,low,5,5,Fri,0
ORD106383,1689,beauty,new,0,COD,medium,24,14,Sat,0
ORD104265,3438,home,returning,3,card,medium,33,14,Sun,0
ORD101355,13323,electronics,new,0,COD,medium,24,4,Mon,1
ORD107489,34766,electronics,returning,8,COD,low,3,5,Thu,1
ORD107583,825,beauty,returning,5,COD,medium,23,17,Wed,0
ORD100987,10583,electronics,returning,3,COD,high,24,15,Tue,0
ORD102682,4220,electronics,returning,8,UPI,low,21,22,Sat,0
ORD105047,765,beauty,returning,4,card,high,3,4,Fri,1
ORD101290,4457,apparel,new,0,card,medium,24,23,Mon,0
ORD103681,17028,electronics,new,0,COD,medium,1,19,Sun,0
ORD101380,3280,apparel,new,0,UPI,medium,13,9,Wed,0
ORD101933,1167,beauty,returning,7,UPI,low,80,18,Mon,0
ORD104675,8377,electronics,returning,6,COD,low,38,2,Sun,1
ORD107857,786,apparel,returning,9,UPI,medium,7,15,Thu,0
ORD103160,142,grocery,new,0,UPI,low,6,23,Mon,0
ORD102030,25544,electronics,new,0,COD,low,39,11,Thu,0
ORD104876,2937,apparel,returning,8,UPI,medium,42,1,Mon,0
ORD104069,14445,electronics,new,0,netbanking,low,63,2,Wed,0
ORD100002,1173,grocery,new,0,wallet,low,6,5,Sat,0
ORD102109,10279,electronics,returning,5,wallet,high,12,8,Tue,0
ORD100849,905,grocery,new,0,COD,low,10,15,Sat,0
ORD102466,1964,beauty,returning,5,UPI,high,2,15,Mon,0
ORD101914,12897,electronics,returning,5,UPI,low,12,10,Fri,0
ORD101596,5448,electronics,new,0,card,low,12,7,Wed,0
ORD105872,6249,electronics,new,0,card,low,2,14,Thu,0
ORD101913,972,home,returning,9,card,low,1,0,Mon,0
ORD105139,1649,beauty,returning,8,card,low,15,8,Sun,0
ORD107532,499,apparel,new,0,card,medium,2,13,Mon,0
ORD105640,1633,apparel,returning,3,card,medium,13,3,Thu,0
ORD100053,3566,home,new,0,UPI,medium,4,5,Fri,0
ORD101796,2317,home,new,0,card,low,0,16,Fri,0
ORD103845,8668,home,returning,9,UPI,low,4,4,Thu,0
ORD106007,616,grocery,new,0,UPI,low,10,15,Fri,0
ORD102553,737,grocery,new,0,netbanking,high,40,13,Sun,0
ORD100936,996,grocery,new,0,netbanking,medium,47,14,Sun,0
ORD106601,8939,electronics,new,0,card,low,15,6,Thu,1
ORD100824,1797,beauty,new,0,UPI,low,18,19,Tue,1
ORD103401,1500,beauty,returning,6,UPI,low,3,17,Tue,0
ORD103564,1020,grocery,returning,8,COD,low,10,8,Fri,0
ORD100884,14598,electronics,new,0,wallet,medium,17,3,Thu,0
ORD105429,3919,home,returning,7,UPI,low,26,18,Tue,0
ORD105703,305,beauty,new,0,wallet,medium,3,2,Sun,0
ORD104867,383,apparel,new,0,UPI,high,21,14,Sat,0
ORD101868,1143,home,returning,4,card,low,31,9,Wed,0
ORD105181,1893,apparel,returning,8,UPI,low,1,3,Thu,0
ORD100010,3071,apparel,new,0,UPI,low,43,14,Tue,0
ORD103415,1858,apparel,returning,9,card,low,6,21,Sun,0
ORD105421,678,apparel,returning,7,COD,low,10,4,Wed,0
ORD101463,3093,apparel,new,0,card,low,16,18,Fri,1
ORD100806,3985,beauty,returning,15,netbanking,low,54,8,Sat,0
ORD107715,7857,electronics,returning,4,UPI,medium,4,8,Sun,0
ORD107625,20234,electronics,new,0,netbanking,low,1,9,Thu,0
ORD104068,189,grocery,returning,6,wallet,low,8,23,Sun,0
ORD102108,2656,apparel,returning,8,card,medium,49,4,Mon,0
ORD106757,432,grocery,returning,5,wallet,low,20,8,Tue,0
ORD107928,21782,electronics,new,0,netbanking,high,49,1,Sat,1
ORD102234,1318,beauty,returning,7,netbanking,low,29,16,Sat,0
ORD100963,12393,electronics,returning,8,card,medium,35,7,Thu,0
ORD104494,3400,apparel,new,0,COD,low,22,21,Sun,0
ORD102632,449,grocery,returning,8,wallet,medium,3,13,Mon,0
ORD100704,1505,apparel,new,0,netbanking,low,11,3,Sun,1
ORD100431,278,beauty,new,0,UPI,medium,26,11,Wed,1
ORD104388,1649,beauty,new,0,card,high,1,5,Tue,0
ORD106077,2071,apparel,new,0,card,medium,15,20,Thu,0
ORD100145,690,apparel,new,0,UPI,high,10,4,Sun,0
ORD102033,1204,apparel,new,0,COD,high,5,8,Sun,1
ORD106719,2913,apparel,returning,12,COD,low,9,17,Wed,0
ORD101165,1054,grocery,new,0,UPI,medium,4,16,Sun,0
ORD103500,1715,apparel,new,0,COD,low,5,4,Sat,1
ORD102050,727,grocery,returning,5,card,medium,1,0,Thu,0
ORD102624,2448,home,returning,5,COD,medium,0,7,Sun,0
ORD104484,972,grocery,returning,12,UPI,medium,9,4,Sun,0
ORD104435,1627,home,new,0,COD,low,10,16,Sun,0
ORD106378,3008,apparel,returning,9,netbanking,medium,1,17,Sun,1
ORD106208,6592,electronics,returning,6,COD,low,2,23,Fri,0
ORD104361,4318,home,returning,6,netbanking,medium,0,10,Sat,0
ORD102424,1019,grocery,returning,9,UPI,low,5,22,Sun,0
ORD101262,853,apparel,new,0,UPI,low,12,10,Sat,0
ORD101771,1111,beauty,new,0,card,low,12,17,Tue,0
ORD103511,865,beauty,new,0,netbanking,low,41,9,Thu,0
ORD100271,11285,electronics,new,0,card,low,17,4,Fri,0
ORD104792,1518,apparel,new,0,netbanking,medium,9,2,Mon,1
ORD100244,2359,home,returning,5,card,medium,19,4,Thu,0
ORD107751,1917,apparel,new,0,UPI,low,14,19,Sun,0
ORD107374,4628,home,returning,11,UPI,high,0,2,Sun,0
ORD106962,1796,home,new,0,wallet,low,8,5,Fri,0
ORD100813,4979,home,new,0,COD,low,22,16,Fri,1
ORD106010,1216,beauty,returning,9,netbanking,low,11,3,Wed,0
ORD103810,1590,home,returning,9,UPI,low,21,8,Tue,0
ORD107809,10521,electronics,new,0,card,low,20,13,Thu,0
ORD107934,5097,home,new,0,UPI,medium,6,19,Mon,0
ORD106802,978,apparel,returning,9,card,low,1,6,Thu,0
ORD104346,983,beauty,returning,6,netbanking,medium,1,11,Mon,0
ORD102461,6653,home,new,0,card,high,10,11,Fri,1
ORD100545,2705,apparel,returning,5,COD,medium,3,10,Sat,0
ORD103241,3451,home,new,0,COD,medium,4,18,Thu,0
ORD100738,510,apparel,returning,11,card,low,17,5,Wed,0
ORD100310,1315,apparel,new,0,UPI,low,16,17,Thu,1
ORD103521,480,grocery,returning,7,card,low,56,17,Fri,0
ORD101131,3307,home,new,0,card,low,12,14,Tue,0
ORD105545,3695,apparel,new,0,COD,medium,4,4,Sat,0
ORD107872,1406,apparel,returning,5,wallet,low,38,12,Sat,0
ORD104111,1229,beauty,returning,6,UPI,medium,5,7,Mon,0
ORD102769,499,grocery,returning,3,netbanking,low,13,14,Wed,0
ORD100920,28145,electronics,new,0,COD,low,1,13,Sun,0
ORD106708,2678,home,returning,8,UPI,low,11,19,Sat,0
ORD103587,2055,apparel,new,0,card,high,19,3,Mon,0
ORD103959,1141,apparel,new,0,card,low,5,8,Sat,0
ORD100038,5061,apparel,new,0,card,low,7,20,Fri,0
ORD104459,429,beauty,returning,7,UPI,low,2,12,Sun,0
ORD102983,5474,home,returning,8,UPI,high,5,4,Thu,0
ORD105290,2289,apparel,returning,8,card,high,8,18,Wed,0
ORD107980,1217,apparel,returning,6,UPI,medium,2,9,Fri,0
ORD105217,7728,electronics,returning,7,card,high,34,13,Sun,0
ORD102667,12231,electronics,returning,5,wallet,low,27,15,Mon,0
ORD103223,972,beauty,returning,10,UPI,low,27,13,Wed,0
ORD101182,16581,electronics,returning,5,UPI,medium,3,8,Sun,1
ORD107263,5768,electronics,new,0,UPI,low,2,8,Tue,0
ORD100614,1321,apparel,returning,10,card,high,11,22,Fri,0
ORD101466,1411,apparel,returning,9,COD,medium,22,8,Thu,0
ORD104497,1507,apparel,returning,7,card,low,21,12,Tue,0
ORD100934,1196,beauty,new,0,UPI,low,4,21,Mon,0
ORD105085,3065,apparel,returning,6,UPI,low,2,19,Thu,0
ORD107222,6556,home,returning,6,UPI,low,27,0,Wed,0
ORD107648,807,apparel,returning,6,UPI,high,3,1,Thu,0
ORD104822,2061,home,new,0,card,medium,3,9,Thu,0
ORD100826,5124,home,returning,9,card,low,15,11,Thu,0
ORD101521,3948,home,new,0,card,high,13,16,Fri,0
ORD102930,4349,home,new,0,UPI,high,9,4,Mon,1
ORD104232,1224,beauty,new,0,COD,medium,2,11,Mon,1
ORD100628,2513,home,returning,9,card,low,24,7,Tue,0
ORD103853,2807,apparel,new,0,wallet,low,46,19,Fri,0
ORD100390,1937,home,returning,11,UPI,medium,9,8,Wed,0
ORD104345,484,grocery,returning,11,card,high,47,10,Tue,0
ORD107788,1572,home,new,0,card,low,4,6,Mon,0
ORD103990,784,grocery,returning,9,UPI,high,11,3,Sat,0
ORD100400,2606,apparel,new,0,UPI,low,27,17,Thu,0
ORD104806,3186,apparel,returning,8,netbanking,low,2,7,Tue,0
ORD105135,3663,home,returning,7,UPI,low,36,9,Sun,0
ORD106470,2111,apparel,returning,6,card,low,14,0,Sat,0
ORD103359,8760,home,new,0,UPI,high,1,17,Sat,0
ORD100046,686,apparel,new,0,UPI,medium,77,2,Thu,1
ORD105657,853,beauty,new,0,UPI,low,13,1,Mon,0
ORD107667,916,apparel,returning,6,netbanking,low,3,4,Wed,0
ORD107877,755,beauty,new,0,UPI,low,18,7,Tue,0
ORD103642,1016,beauty,new,0,COD,high,18,2,Tue,0
ORD107324,671,beauty,returning,9,netbanking,medium,15,17,Tue,0
ORD105208,14267,electronics,new,0,wallet,low,43,5,Thu,0
ORD107755,593,grocery,returning,7,UPI,medium,1,12,Mon,0
ORD102421,6984,electronics,returning,9,UPI,medium,10,10,Thu,0
ORD105604,5766,home,returning,6,UPI,low,4,9,Tue,0
ORD101750,795,home,returning,8,card,low,4,9,Sat,0
ORD106557,14428,electronics,new,0,card,medium,7,9,Sun,0
ORD107566,2097,electronics,new,0,COD,high,2,13,Sat,1
ORD100338,4722,electronics,new,0,card,high,4,17,Tue,0
ORD100215,426,beauty,returning,8,netbanking,medium,9,14,Sat,0
ORD103663,1144,home,new,0,UPI,medium,14,5,Fri,0
ORD107736,941,beauty,returning,7,COD,low,1,23,Mon,0
ORD103894,243,grocery,returning,5,card,low,11,4,Thu,0
ORD103640,3519,apparel,returning,15,card,low,1,10,Sat,0
ORD100329,1518,apparel,new,0,UPI,low,5,5,Tue,1
ORD106299,607,grocery,returning,6,UPI,low,22,16,Tue,0
ORD103004,12048,electronics,returning,3,card,low,8,16,Thu,0
ORD107635,12898,electronics,new,0,netbanking,medium,6,9,Fri,0
ORD103115,4653,home,returning,2,COD,medium,2,19,Sat,0
ORD107961,3763,apparel,returning,6,COD,medium,28,13,Sun,0
ORD102322,680,apparel,new,0,card,low,9,16,Sun,0
ORD104197,660,grocery,returning,12,netbanking,low,10,6,Sun,0
ORD103549,976,grocery,returning,4,COD,low,3,0,Thu,0
ORD101458,646,grocery,returning,9,wallet,low,3,17,Sat,0
ORD100171,2556,home,returning,8,UPI,low,8,5,Sat,0
ORD104203,8689,home,new,0,netbanking,medium,15,22,Wed,0
ORD106705,1164,apparel,new,0,netbanking,low,6,3,Fri,0
ORD105158,2987,apparel,new,0,card,high,53,19,Wed,0
ORD106531,536,grocery,new,0,UPI,medium,55,13,Mon,0
ORD106185,901,beauty,returning,7,wallet,medium,5,20,Thu,0
ORD106596,907,apparel,returning,8,COD,medium,21,23,Thu,0
ORD100938,799,grocery,returning,12,card,low,48,8,Sun,0
ORD105760,6994,electronics,returning,10,card,low,2,3,Fri,0
ORD105136,10895,electronics,returning,8,netbanking,low,5,6,Sat,0
ORD106690,1936,apparel,new,0,UPI,low,26,19,Fri,0
ORD102120,920,apparel,returning,10,UPI,medium,27,2,Tue,0
ORD101524,998,beauty,new,0,UPI,low,14,20,Thu,0
ORD100153,5237,home,new,0,UPI,medium,0,18,Fri,0
ORD100481,22359,electronics,returning,9,card,high,3,0,Sat,0
ORD106122,358,beauty,returning,6,COD,low,0,4,Wed,0
ORD104460,2030,apparel,new,0,netbanking,low,31,15,Wed,0
ORD101762,5835,electronics,returning,9,card,high,1,9,Sun,0
ORD100750,1805,apparel,returning,11,UPI,low,32,19,Tue,0
ORD106212,890,apparel,returning,3,card,high,21,3,Tue,0
ORD104501,1347,apparel,returning,10,card,high,24,3,Sat,0
ORD102711,4322,apparel,new,0,UPI,low,9,22,Sat,0
ORD106472,1060,grocery,returning,6,UPI,low,18,16,Tue,0
ORD104193,2250,beauty,returning,9,card,medium,21,1,Mon,0
ORD102854,3210,beauty,new,0,card,high,7,17,Tue,0
ORD100186,3314,apparel,new,0,COD,low,19,22,Sat,0
ORD101136,2055,apparel,returning,6,card,low,14,0,Mon,0
ORD107457,4000,beauty,returning,6,card,high,4,4,Sun,0
ORD106707,7591,home,returning,9,COD,low,6,15,Fri,0
ORD100148,4155,apparel,new,0,UPI,high,3,2,Thu,0
ORD104124,696,grocery,returning,6,UPI,low,1,9,Sat,0
ORD104889,412,grocery,returning,7,card,low,27,9,Tue,0
ORD103363,1395,home,new,0,card,high,12,12,Sun,0
ORD102866,1142,apparel,returning,4,card,high,9,4,Sat,1
ORD103776,1396,beauty,returning,6,UPI,low,10,10,Fri,0
ORD101386,989,beauty,new,0,card,low,9,5,Sun,0
ORD105941,2798,home,returning,5,UPI,low,5,9,Sat,0
ORD107908,4694,home,returning,10,card,low,4,2,Sun,0
ORD106622,12799,electronics,returning,4,card,low,10,22,Sun,0
ORD105695,4552,apparel,returning,6,wallet,low,24,12,Sat,0
ORD103629,25114,electronics,returning,10,UPI,low,45,20,Sat,0
ORD107199,2696,beauty,returning,12,UPI,low,23,5,Sun,0
ORD104797,1646,apparel,new,0,wallet,low,3,11,Mon,0
ORD102969,12935,electronics,returning,9,UPI,low,5,17,Wed,0
ORD106961,10314,electronics,new,0,netbanking,low,21,3,Thu,0
ORD102953,457,grocery,new,0,UPI,low,10,1,Sun,0
ORD100454,8595,electronics,returning,9,UPI,medium,2,4,Sun,0
ORD106136,744,grocery,returning,8,UPI,low,1,12,Mon,0
ORD107663,1624,grocery,new,0,UPI,low,14,9,Fri,0
ORD100609,758,apparel,returning,11,UPI,high,5,23,Sat,0
ORD104826,6824,electronics,returning,6,UPI,high,10,1,Thu,1
ORD106916,1067,apparel,new,0,COD,high,5,22,Tue,0
ORD102074,1176,apparel,returning,6,UPI,low,7,18,Wed,0
ORD104052,2635,home,returning,3,netbanking,high,1,12,Mon,1
ORD106508,1396,home,returning,5,COD,medium,0,21,Sun,0
ORD104683,851,beauty,returning,10,netbanking,medium,4,11,Tue,0
ORD105497,3169,apparel,returning,6,card,low,1,10,Sun,0
ORD105796,2117,home,new,0,card,high,41,0,Sun,0
ORD107014,2213,apparel,returning,5,COD,medium,11,14,Mon,0
ORD100040,2285,apparel,returning,7,COD,high,12,23,Sun,0
ORD105475,9420,electronics,new,0,UPI,medium,60,19,Sun,0
ORD102089,6000,apparel,returning,6,UPI,high,15,13,Fri,0
ORD103924,11271,electronics,new,0,wallet,medium,7,13,Sat,0
ORD100074,20810,electronics,returning,5,COD,medium,1,23,Sun,0
ORD107887,28871,electronics,new,0,netbanking,low,5,3,Sun,0
ORD102657,1892,home,returning,5,UPI,low,0,6,Tue,0
ORD103180,720,grocery,returning,5,COD,medium,7,7,Thu,0
ORD100441,16366,electronics,new,0,wallet,low,5,8,Thu,0
ORD102051,15084,electronics,returning,3,card,medium,13,22,Sun,0
ORD102541,1430,apparel,new,0,card,low,15,9,Tue,0
ORD101301,8214,home,new,0,card,low,9,7,Mon,0
ORD107357,32530,electronics,returning,15,UPI,high,1,8,Thu,0
ORD103430,3024,home,returning,5,UPI,medium,14,14,Fri,0
ORD101304,1365,beauty,returning,11,UPI,high,1,8,Thu,0
ORD100236,3046,apparel,returning,11,wallet,medium,10,19,Tue,1
ORD106673,823,apparel,returning,11,card,high,2,13,Mon,0
ORD104616,15116,electronics,new,0,COD,medium,18,15,Wed,0
ORD102573,899,beauty,returning,7,card,medium,2,10,Sat,0
ORD103280,1642,home,returning,7,UPI,high,21,9,Sat,0
ORD103186,1979,beauty,returning,9,COD,low,20,0,Wed,0
ORD103953,1043,beauty,returning,3,netbanking,low,16,8,Sun,0
ORD102768,1213,beauty,returning,12,UPI,high,3,22,Sat,1
ORD104831,325,apparel,returning,10,card,low,13,19,Wed,0
ORD104223,9304,electronics,returning,3,card,low,8,18,Sat,0
ORD102106,2023,beauty,returning,9,card,low,13,15,Fri,0
ORD102679,403,apparel,new,0,card,medium,3,15,Mon,0
ORD104688,906,grocery,new,0,COD,medium,5,10,Sun,0
ORD105399,7420,electronics,returning,10,card,low,21,21,Fri,0
ORD101387,880,apparel,new,0,netbanking,high,36,20,Thu,1
ORD107507,1411,beauty,new,0,card,high,6,12,Wed,0
ORD107242,486,beauty,returning,6,wallet,high,3,23,Thu,0
ORD106437,932,apparel,returning,9,card,low,22,13,Wed,0
ORD106890,10382,home,returning,7,wallet,low,24,17,Sat,0
ORD107711,1953,beauty,new,0,UPI,high,8,6,Wed,0
ORD105000,9400,electronics,returning,8,card,low,17,16,Tue,0
ORD101279,4962,home,returning,9,card,high,5,19,Sat,0
ORD107143,10099,electronics,returning,7,card,medium,5,12,Tue,0
ORD107834,3303,home,new,0,COD,medium,5,11,Wed,0
ORD106404,11187,electronics,returning,12,UPI,high,2,14,Sun,0
ORD101555,1793,beauty,returning,9,COD,low,20,14,Mon,0
ORD107237,2718,home,returning,8,UPI,low,6,7,Thu,0
ORD104566,1068,beauty,returning,5,wallet,high,3,1,Sat,0
ORD104802,24978,electronics,new,0,COD,high,41,9,Sun,0
ORD107502,3406,electronics,new,0,netbanking,low,21,6,Sun,0
ORD104841,695,apparel,new,0,UPI,medium,11,18,Wed,0
ORD103594,9402,electronics,returning,4,UPI,low,25,16,Sat,0
ORD106035,599,grocery,returning,6,card,low,12,20,Tue,0
ORD101920,861,apparel,new,0,COD,medium,10,5,Sat,0
ORD100513,1171,apparel,new,0,COD,low,1,18,Fri,0
ORD104177,504,grocery,returning,5,UPI,medium,19,21,Mon,0
ORD101308,17791,electronics,returning,7,wallet,high,4,11,Fri,0
ORD100914,1309,grocery,returning,7,UPI,low,33,14,Tue,0
ORD103695,1370,apparel,returning,8,netbanking,high,15,9,Wed,0
ORD102198,1528,apparel,returning,8,UPI,low,11,15,Sun,0
ORD100774,12500,electronics,returning,8,card,high,23,14,Sun,0
ORD104425,2974,apparel,returning,7,UPI,low,17,22,Sat,1
ORD106097,507,home,new,0,UPI,low,1,1,Fri,0
ORD100943,584,apparel,returning,6,card,low,12,4,Thu,0
ORD100822,6000,apparel,new,0,UPI,medium,8,3,Fri,1
ORD105005,933,apparel,returning,5,wallet,medium,12,14,Fri,0
ORD105619,9732,electronics,new,0,UPI,low,5,12,Sun,0
ORD104547,1149,apparel,new,0,UPI,medium,56,7,Sat,1
ORD103983,1935,apparel,new,0,UPI,low,11,5,Tue,0
ORD107623,9968,electronics,returning,8,UPI,medium,13,9,Sat,0
ORD101311,1563,grocery,returning,6,card,low,8,14,Tue,0
ORD107276,1273,apparel,returning,3,netbanking,low,6,5,Sun,0
ORD105383,22844,electronics,returning,6,UPI,medium,23,9,Mon,0
ORD106675,14181,electronics,returning,9,COD,high,3,8,Fri,0
ORD107420,9768,electronics,returning,5,card,medium,7,10,Sat,0
ORD103300,498,grocery,returning,6,COD,low,5,5,Sun,0
ORD103310,1232,grocery,returning,9,UPI,high,10,16,Wed,0
ORD105886,1376,apparel,new,0,UPI,high,11,15,Mon,0
ORD102490,280,grocery,returning,3,UPI,medium,0,15,Mon,0
ORD107524,20046,electronics,returning,6,UPI,low,26,6,Sat,0
ORD105954,2536,apparel,returning,11,netbanking,medium,14,15,Wed,0
ORD104408,608,grocery,returning,7,UPI,medium,0,21,Mon,0
ORD100832,670,apparel,returning,5,card,low,24,22,Mon,0
ORD105297,2525,apparel,new,0,UPI,medium,7,0,Fri,0
ORD100054,979,beauty,returning,2,UPI,high,6,15,Sat,0
ORD106230,797,grocery,returning,2,COD,low,42,21,Thu,0
ORD103451,12000,home,returning,6,card,low,11,15,Mon,0
ORD106305,23805,electronics,new,0,UPI,medium,19,23,Sat,1
ORD101901,10380,electronics,returning,10,card,low,1,13,Fri,0
ORD101481,14123,electronics,returning,7,COD,medium,15,0,Sun,0
ORD104873,1808,home,returning,8,card,low,2,3,Tue,0
ORD104150,2353,apparel,returning,5,card,low,2,10,Tue,0
ORD103335,4433,apparel,returning,6,COD,low,1,11,Wed,0
ORD106016,12937,electronics,returning,3,wallet,low,1,22,Sun,0
ORD104926,10062,electronics,returning,5,COD,medium,16,15,Tue,0
ORD100946,1582,beauty,new,0,UPI,low,4,4,Sun,0
ORD105797,1582,grocery,returning,7,COD,medium,24,1,Sat,0
ORD103293,775,apparel,returning,10,wallet,low,80,5,Wed,0
ORD102161,591,apparel,new,0,UPI,low,2,20,Sat,0
ORD107738,21193,electronics,returning,7,COD,high,0,11,Tue,0
ORD105083,5092,electronics,returning,8,card,high,5,18,Sat,0
ORD106779,1563,beauty,new,0,UPI,high,10,2,Mon,0
ORD103057,17288,electronics,new,0,wallet,low,15,1,Fri,0
ORD107519,5503,electronics,new,0,UPI,low,2,10,Sun,0
ORD103495,2316,beauty,returning,6,COD,low,3,17,Sat,0
ORD100285,3130,apparel,returning,5,COD,low,23,14,Sun,0
ORD107901,1550,home,returning,9,UPI,low,18,14,Sun,0
ORD104524,1293,beauty,returning,7,UPI,high,4,13,Thu,0
ORD102332,2131,beauty,new,0,wallet,low,2,23,Sat,0
ORD102717,715,grocery,returning,6,netbanking,low,7,7,Mon,0
ORD102079,6311,electronics,new,0,netbanking,low,4,9,Tue,0
ORD103389,725,apparel,new,0,card,low,1,0,Sat,0
ORD100722,10263,electronics,new,0,COD,high,7,19,Wed,1
ORD100951,1725,apparel,new,0,UPI,low,17,18,Sat,1
ORD106977,15830,electronics,returning,9,card,medium,0,8,Sat,0
ORD102262,385,apparel,returning,5,UPI,low,36,16,Sun,0
ORD100989,432,beauty,new,0,COD,low,31,5,Sat,0
ORD103212,996,beauty,returning,7,card,medium,2,7,Sat,0
ORD101759,615,grocery,returning,5,UPI,high,3,17,Fri,0
ORD104422,959,home,returning,3,COD,medium,29,11,Mon,0
ORD105479,544,grocery,returning,6,COD,low,17,19,Sat,0
ORD101724,1122,apparel,returning,8,card,low,4,23,Sat,0
ORD105182,30736,electronics,returning,4,wallet,low,14,17,Wed,0
ORD100341,714,grocery,returning,6,UPI,high,7,11,Sat,0
ORD103701,1009,apparel,new,0,card,medium,1,23,Sat,0
ORD104243,1382,home,returning,4,UPI,low,9,10,Tue,0
ORD100688,803,beauty,new,0,wallet,high,5,17,Sun,0
ORD103432,708,grocery,returning,7,COD,medium,14,13,Thu,0
ORD100966,652,grocery,new,0,UPI,low,14,3,Sun,0
ORD107233,2032,apparel,returning,4,UPI,low,51,8,Thu,0
ORD102203,15635,electronics,returning,3,COD,low,15,22,Fri,0
ORD102713,17325,electronics,new,0,UPI,low,8,3,Sat,1
ORD104757,2500,grocery,new,0,COD,low,14,4,Wed,0
ORD105098,1047,beauty,returning,8,UPI,low,5,17,Wed,0
ORD107319,1016,apparel,new,0,UPI,low,12,16,Fri,0
ORD107055,6000,apparel,new,0,UPI,medium,4,9,Tue,0
ORD105280,427,grocery,new,0,UPI,medium,42,8,Sun,0
ORD105975,1418,apparel,returning,5,UPI,low,41,5,Sat,1
ORD103572,2119,apparel,new,0,wallet,medium,15,1,Fri,0
ORD104805,2476,beauty,returning,6,UPI,low,1,8,Fri,0
ORD101990,16155,electronics,returning,7,card,low,4,21,Fri,0
ORD104120,754,grocery,returning,4,UPI,low,79,13,Wed,0
ORD104759,517,grocery,new,0,UPI,medium,2,7,Sun,0
ORD106567,4359,home,new,0,UPI,medium,3,20,Thu,0
ORD105298,3356,apparel,new,0,UPI,low,5,21,Sun,0
ORD106997,1328,apparel,new,0,UPI,low,14,7,Mon,0
ORD104971,11441,electronics,returning,7,UPI,high,0,3,Sat,0
ORD107577,12157,electronics,new,0,UPI,medium,10,18,Wed,0
ORD105034,3307,home,new,0,netbanking,medium,6,23,Tue,0
ORD103600,1799,apparel,new,0,UPI,low,15,19,Thu,0
ORD107302,762,grocery,returning,4,COD,medium,10,17,Wed,0
ORD107960,8967,electronics,new,0,card,medium,2,3,Sun,0
ORD106598,10594,electronics,new,0,COD,medium,32,6,Mon,0
ORD106987,13491,electronics,returning,11,card,low,24,12,Sun,0
ORD107304,2572,home,returning,5,card,low,6,19,Tue,0
ORD100536,3105,home,returning,11,COD,high,19,1,Wed,0
ORD106387,11740,electronics,new,0,card,low,14,10,Tue,0
ORD104212,592,apparel,returning,7,UPI,medium,14,21,Thu,0
ORD103507,2403,beauty,returning,4,UPI,medium,70,4,Sat,0
ORD100201,884,grocery,returning,5,COD,low,51,7,Tue,0
ORD103502,18796,electronics,returning,7,card,medium,2,0,Thu,1
ORD105031,589,grocery,new,0,UPI,medium,0,2,Mon,0
ORD106514,7586,electronics,returning,5,card,medium,12,2,Sun,0
ORD104662,974,apparel,new,0,COD,low,27,0,Sun,1
ORD104021,26842,electronics,returning,10,COD,medium,38,13,Tue,0
ORD101854,395,beauty,new,0,UPI,low,23,16,Sun,1
ORD107154,1694,beauty,new,0,card,low,25,16,Mon,0
ORD102872,17722,electronics,returning,5,card,high,16,14,Wed,0
ORD103030,1404,beauty,new,0,card,medium,6,8,Wed,1
ORD101205,10175,electronics,returning,5,UPI,medium,21,4,Wed,0
ORD103417,1258,beauty,new,0,COD,low,0,14,Mon,0
ORD103476,793,beauty,new,0,card,low,0,7,Thu,0
ORD106737,2598,home,returning,8,netbanking,medium,11,9,Tue,0
ORD102861,1351,home,new,0,COD,low,18,11,Mon,1
ORD101792,14629,electronics,returning,8,wallet,low,5,12,Tue,0
ORD105526,2577,apparel,returning,8,UPI,low,3,11,Thu,1
ORD103797,961,beauty,returning,6,card,low,2,5,Fri,0
ORD103367,1437,home,new,0,wallet,low,5,14,Sun,0
ORD103533,9307,electronics,returning,10,netbanking,medium,3,4,Mon,0
ORD107559,728,grocery,returning,8,card,low,40,4,Tue,0
ORD105109,1616,beauty,returning,4,card,high,21,11,Thu,0
ORD106024,1128,beauty,returning,7,card,high,12,1,Fri,0
ORD103449,1771,beauty,returning,4,card,high,19,5,Sat,0
ORD100603,1851,beauty,returning,8,COD,low,3,11,Tue,0
ORD103056,4760,home,returning,6,card,medium,16,1,Mon,0
ORD106967,13313,electronics,new,0,card,high,23,5,Fri,0
ORD100126,1121,apparel,returning,9,card,low,14,0,Mon,0
ORD107843,3647,home,new,0,card,low,5,15,Sat,0
ORD102935,2919,apparel,returning,6,card,high,18,10,Thu,0
ORD105443,905,beauty,returning,9,COD,medium,29,14,Wed,0
ORD104451,365,grocery,returning,9,card,medium,9,5,Thu,0
ORD103531,5127,electronics,new,0,netbanking,low,15,1,Tue,1
ORD102730,9545,electronics,returning,6,card,low,7,2,Mon,0
ORD100827,702,apparel,new,0,COD,low,14,13,Sat,0
ORD101639,1064,beauty,new,0,COD,low,14,22,Thu,0
ORD100984,4313,electronics,new,0,card,low,8,23,Thu,0
ORD103281,6153,electronics,new,0,card,low,8,17,Thu,0
ORD107948,1730,apparel,returning,8,UPI,medium,11,7,Wed,0
ORD102188,895,apparel,new,0,COD,medium,2,18,Thu,0
ORD107369,935,grocery,new,0,card,medium,32,12,Tue,0
ORD102443,2807,home,new,0,UPI,medium,2,21,Fri,0
ORD100362,11421,electronics,new,0,wallet,low,4,14,Thu,0
ORD102349,8055,electronics,new,0,UPI,low,0,4,Sat,0
ORD100345,1099,beauty,new,0,netbanking,low,3,0,Wed,0
ORD106166,2785,home,returning,7,wallet,high,9,21,Thu,0
ORD104807,2942,home,returning,6,netbanking,medium,6,7,Fri,0
ORD106650,12000,home,returning,5,card,high,9,12,Thu,0
ORD103325,747,beauty,new,0,UPI,low,4,13,Sat,0
ORD104106,1318,beauty,returning,4,card,low,1,22,Tue,0
ORD107848,9807,electronics,new,0,wallet,high,1,21,Tue,1
ORD102116,1107,apparel,new,0,card,medium,2,0,Sun,0
ORD101834,7897,electronics,returning,6,UPI,medium,8,22,Mon,1
ORD107911,17987,electronics,returning,11,card,low,48,2,Thu,0
ORD100094,1743,apparel,new,0,card,high,22,7,Thu,0
ORD104225,592,grocery,returning,7,card,low,9,12,Sat,0
ORD103756,1637,apparel,returning,5,UPI,medium,9,9,Fri,0
ORD102371,3588,apparel,returning,9,UPI,low,2,19,Fri,0
ORD107353,3083,home,new,0,UPI,medium,38,8,Wed,0
ORD106629,547,beauty,returning,10,UPI,medium,16,7,Sun,0
ORD107095,1673,apparel,returning,8,COD,medium,22,8,Sat,0
ORD103228,7393,home,new,0,card,low,2,15,Sat,0
ORD106158,4908,electronics,new,0,COD,high,7,20,Sat,0
ORD106359,1666,apparel,returning,8,UPI,low,41,0,Thu,0
ORD106838,363,grocery,new,0,UPI,low,25,22,Tue,0
ORD107134,1880,apparel,returning,8,wallet,low,3,11,Thu,0
ORD106028,282,grocery,new,0,card,low,6,10,Fri,0
ORD102853,1234,apparel,returning,6,netbanking,medium,0,20,Thu,0
ORD107403,1446,home,returning,3,netbanking,low,2,18,Fri,0
ORD102912,3462,home,new,0,UPI,low,2,0,Sat,0
ORD105754,5185,electronics,new,0,UPI,medium,9,15,Wed,0
ORD104612,3753,home,new,0,netbanking,low,23,17,Sat,0
ORD101857,859,apparel,new,0,card,medium,6,4,Tue,1
ORD102645,319,grocery,returning,5,card,low,7,17,Thu,0
ORD102243,2165,apparel,returning,7,card,low,15,23,Sat,0
ORD105373,2566,home,returning,7,COD,low,7,19,Wed,0
ORD102336,1217,grocery,returning,3,card,low,7,23,Sun,0
ORD100950,2875,home,new,0,netbanking,low,13,8,Thu,0
ORD103068,749,beauty,returning,5,COD,medium,20,0,Sat,0
ORD101120,4173,home,new,0,UPI,low,0,2,Mon,0
ORD102597,3446,apparel,new,0,card,low,3,3,Sun,0
ORD102204,1294,apparel,returning,6,card,low,8,1,Sat,0
ORD100922,2731,home,returning,8,UPI,low,12,2,Fri,0
ORD101254,5546,electronics,new,0,card,low,22,3,Thu,0
ORD100477,2244,home,returning,7,card,low,2,2,Sun,0
ORD102035,555,beauty,returning,6,netbanking,low,0,4,Fri,0
ORD107363,593,beauty,new,0,COD,low,10,11,Sat,1
ORD105788,934,beauty,new,0,UPI,low,19,0,Fri,0
ORD105742,805,beauty,returning,3,netbanking,low,20,2,Sat,0
ORD105567,15382,electronics,returning,4,UPI,low,4,22,Mon,0
ORD101202,855,beauty,new,0,card,medium,5,13,Sun,1
ORD106534,873,apparel,returning,11,card,low,3,23,Sat,0
ORD102626,3371,home,returning,8,card,medium,21,14,Sat,0
ORD107694,1062,apparel,new,0,UPI,high,22,15,Wed,0
ORD101970,1031,apparel,returning,5,card,low,3,1,Wed,0
ORD104018,8060,electronics,returning,9,UPI,low,11,10,Sun,0
ORD102151,6778,electronics,new,0,COD,medium,1,1,Tue,0
ORD103687,564,grocery,new,0,COD,low,0,13,Wed,0
ORD104916,1480,beauty,returning,11,UPI,high,18,4,Wed,0
ORD104033,3243,home,new,0,UPI,low,28,3,Tue,0
ORD107838,1547,beauty,new,0,UPI,high,14,13,Fri,1
ORD103054,1029,home,new,0,UPI,low,16,12,Tue,0
ORD101248,442,grocery,returning,12,COD,high,1,18,Sat,0
ORD102192,2026,beauty,returning,10,wallet,low,11,17,Sun,0
ORD100992,796,beauty,new,0,card,medium,1,23,Wed,0
ORD102190,7995,electronics,new,0,UPI,low,34,15,Thu,1
ORD104670,26480,electronics,new,0,COD,high,40,20,Sat,0
ORD105142,1890,apparel,new,0,COD,medium,9,18,Sat,0
ORD105984,4490,home,returning,7,card,medium,23,21,Sat,0
ORD106565,983,beauty,returning,9,wallet,high,5,2,Sun,0
ORD103762,5455,electronics,returning,3,card,medium,19,5,Sun,0
ORD103597,568,grocery,returning,11,UPI,high,9,14,Thu,0
ORD101318,1732,beauty,new,0,UPI,medium,9,13,Sun,0
ORD101863,2935,home,returning,7,netbanking,low,20,17,Thu,0
ORD102343,2166,apparel,returning,8,card,low,18,22,Fri,0
ORD102449,2607,home,new,0,netbanking,high,15,5,Wed,0
ORD105868,9083,electronics,returning,8,UPI,low,74,1,Tue,0
ORD107932,11049,electronics,new,0,wallet,low,21,11,Tue,0
ORD104227,26812,electronics,returning,8,UPI,high,11,7,Tue,0
ORD100077,1122,home,new,0,COD,medium,39,14,Wed,0
ORD102898,3910,home,returning,11,UPI,medium,5,7,Mon,0
ORD106148,582,grocery,returning,10,UPI,medium,15,22,Tue,0
ORD104820,798,beauty,returning,8,netbanking,medium,38,9,Fri,0
ORD101314,6950,electronics,new,0,card,low,32,18,Wed,0
ORD107892,9181,electronics,new,0,COD,low,2,9,Sat,1
ORD106990,17622,electronics,returning,7,UPI,medium,27,21,Wed,0
ORD100872,445,grocery,new,0,UPI,high,44,13,Tue,0
ORD103850,484,apparel,new,0,card,high,10,22,Fri,1
ORD105468,2894,home,new,0,netbanking,low,1,20,Thu,0
ORD102965,1334,home,new,0,UPI,medium,6,0,Thu,0
ORD103391,1103,beauty,new,0,netbanking,high,12,19,Fri,0
ORD102560,2017,home,new,0,card,high,12,9,Mon,0
ORD107829,10263,electronics,new,0,UPI,medium,1,1,Sat,0
ORD102635,2618,apparel,returning,13,card,low,4,22,Thu,0
ORD103530,33812,electronics,new,0,wallet,low,31,1,Mon,1
ORD100375,8002,electronics,returning,4,UPI,low,38,5,Tue,0
ORD104429,8746,electronics,new,0,UPI,low,8,10,Mon,0
ORD106927,239,grocery,returning,7,card,medium,7,15,Tue,0
ORD107000,393,beauty,new,0,card,low,7,14,Sun,0
ORD106461,997,beauty,returning,9,COD,high,5,5,Mon,0
ORD101604,2963,apparel,returning,6,UPI,medium,15,13,Sun,0
ORD101118,1248,apparel,returning,5,wallet,low,2,2,Wed,0
ORD103677,3209,home,new,0,COD,low,13,12,Tue,0
ORD103490,2344,home,returning,12,COD,medium,6,18,Tue,0
ORD107771,22733,electronics,returning,3,UPI,medium,18,10,Tue,0
ORD106039,979,apparel,returning,6,card,low,4,11,Mon,0
ORD102958,1576,apparel,returning,7,wallet,low,2,4,Wed,0
ORD101994,1867,apparel,new,0,card,low,0,6,Tue,0
ORD107927,1483,apparel,returning,11,card,medium,4,7,Mon,0
ORD107888,1908,beauty,returning,15,COD,medium,8,22,Mon,0
ORD102376,836,grocery,returning,8,card,medium,4,13,Fri,0
ORD107325,5438,apparel,new,0,wallet,low,2,16,Fri,1
ORD101342,2934,apparel,returning,5,UPI,medium,15,21,Mon,0
ORD100320,229,grocery,returning,11,card,low,7,1,Mon,0
ORD101619,13162,electronics,returning,11,UPI,high,9,0,Sat,0
ORD107322,1243,apparel,returning,10,card,medium,3,5,Wed,0
ORD102060,314,grocery,returning,5,card,high,5,14,Sun,0
ORD102219,590,apparel,new,0,UPI,low,19,10,Tue,0
ORD101673,8189,electronics,returning,5,card,high,11,16,Sun,0
ORD106038,1361,apparel,new,0,netbanking,low,2,6,Mon,0
ORD100260,11121,electronics,returning,6,card,high,13,23,Sun,0
ORD107067,570,grocery,new,0,COD,low,25,21,Sun,0
ORD102039,686,beauty,returning,6,COD,high,2,23,Tue,0
ORD104785,381,grocery,returning,6,wallet,medium,14,2,Mon,0
ORD100901,2466,apparel,returning,7,UPI,medium,18,23,Wed,0
ORD103744,9744,electronics,returning,9,UPI,medium,2,1,Sun,0
ORD106402,5797,electronics,returning,6,card,high,11,14,Sun,0
ORD102026,1946,beauty,returning,6,card,medium,5,17,Mon,0
ORD104234,22037,electronics,returning,7,netbanking,low,46,19,Tue,0
ORD101917,2138,beauty,new,0,wallet,low,2,18,Sat,0
ORD101828,1151,grocery,returning,10,card,low,3,3,Sat,0
ORD101573,3520,beauty,returning,8,COD,medium,18,13,Wed,0
ORD104415,1432,beauty,new,0,netbanking,high,14,18,Tue,0
ORD104749,15394,electronics,returning,6,netbanking,low,7,9,Thu,0
ORD106233,2160,apparel,returning,8,UPI,low,10,15,Sun,0
ORD107023,1571,apparel,new,0,UPI,high,2,10,Mon,1
ORD104654,2683,apparel,returning,9,card,low,7,7,Mon,0
ORD106283,9959,electronics,returning,7,card,low,3,4,Wed,0
ORD104208,2127,apparel,returning,7,netbanking,high,1,4,Sun,0
ORD104627,3625,apparel,returning,8,COD,medium,20,14,Fri,0
ORD100224,2790,apparel,returning,5,COD,medium,40,23,Tue,0
ORD100723,1576,grocery,new,0,card,high,3,9,Mon,0
ORD107178,355,grocery,returning,13,netbanking,low,5,12,Thu,0
ORD101141,1439,beauty,returning,5,COD,low,9,5,Tue,0
ORD106469,588,grocery,returning,8,wallet,low,8,5,Tue,0
ORD105764,2069,apparel,returning,5,UPI,low,11,1,Sun,0
ORD107447,2353,apparel,returning,5,netbanking,low,32,17,Thu,1
ORD102762,23423,electronics,new,0,netbanking,high,80,19,Fri,0
ORD104289,2026,home,returning,10,card,medium,2,22,Fri,0
ORD105560,1579,grocery,returning,8,UPI,low,12,7,Sun,0
ORD106717,2132,beauty,returning,4,netbanking,low,15,4,Sat,0
ORD105042,2233,apparel,returning,5,COD,low,3,11,Sat,0
ORD106117,6435,electronics,returning,14,netbanking,medium,2,5,Fri,0
ORD102551,3339,apparel,new,0,wallet,medium,2,8,Tue,0
ORD102928,809,apparel,returning,4,card,low,13,18,Tue,0
ORD100645,1461,grocery,new,0,UPI,medium,17,3,Wed,0
ORD105966,656,beauty,returning,7,wallet,low,36,10,Fri,0
ORD100003,3669,beauty,new,0,card,high,2,11,Mon,0
ORD104170,413,grocery,new,0,wallet,low,2,14,Mon,0
ORD105851,334,grocery,returning,4,UPI,low,6,12,Fri,0
ORD100467,312,grocery,returning,7,netbanking,low,22,8,Sun,1
ORD100005,451,grocery,new,0,COD,low,13,17,Fri,0
ORD102595,965,grocery,returning,6,UPI,low,2,20,Mon,0
ORD104324,2253,electronics,new,0,card,medium,4,23,Wed,0
ORD101063,2211,home,returning,9,COD,medium,12,17,Wed,1
ORD102590,3173,beauty,new,0,card,medium,1,3,Sun,0
ORD106968,1840,home,new,0,UPI,high,3,5,Fri,0
ORD101160,17516,electronics,returning,6,COD,medium,8,2,Mon,0
ORD102870,2633,home,returning,5,COD,low,11,11,Thu,0
ORD107316,433,grocery,new,0,UPI,medium,14,17,Mon,0
ORD102397,2733,electronics,new,0,UPI,medium,19,13,Wed,0
ORD103421,2530,apparel,new,0,UPI,low,12,3,Thu,0
ORD106767,1895,apparel,new,0,UPI,low,25,12,Thu,0
ORD107707,2303,apparel,returning,7,netbanking,high,26,4,Mon,1
ORD102709,4574,home,new,0,UPI,medium,34,0,Sun,0
ORD107031,2049,apparel,returning,10,wallet,high,61,22,Tue,0
ORD101312,2414,home,new,0,card,low,10,22,Wed,0
ORD103448,2886,apparel,returning,4,COD,low,79,11,Fri,0
ORD103812,4991,home,new,0,UPI,low,4,13,Thu,0
ORD107438,976,apparel,returning,7,UPI,high,9,4,Thu,0
ORD102362,1168,apparel,returning,4,COD,low,20,14,Tue,0
ORD101975,25153,electronics,returning,9,netbanking,medium,5,20,Tue,0
ORD103514,659,grocery,new,0,netbanking,low,31,3,Sat,0
ORD105401,14516,electronics,returning,7,card,low,11,17,Fri,0
ORD105637,1417,beauty,returning,7,COD,low,3,19,Fri,0
ORD107448,1572,apparel,returning,8,netbanking,medium,3,20,Wed,0
ORD102472,1908,beauty,returning,9,card,low,23,2,Tue,0
ORD106738,2041,beauty,new,0,UPI,low,2,9,Sun,0
ORD104007,23207,electronics,returning,7,COD,high,3,22,Thu,0
ORD104718,4821,home,new,0,card,high,26,9,Sun,1
ORD106177,691,apparel,new,0,COD,medium,5,19,Fri,0
ORD101493,1911,beauty,new,0,UPI,high,15,7,Sun,0
ORD104206,3833,electronics,new,0,card,low,14,17,Tue,0
ORD106371,4353,electronics,returning,6,card,low,12,21,Mon,1
ORD102158,1428,apparel,new,0,card,low,34,1,Mon,0
ORD101169,41339,electronics,returning,4,card,low,1,16,Sat,1
ORD107227,522,apparel,returning,4,UPI,low,16,2,Mon,0
ORD100232,577,grocery,new,0,card,low,1,13,Fri,0
ORD100066,3506,home,new,0,UPI,medium,10,22,Fri,1
ORD101603,736,beauty,returning,9,UPI,medium,2,2,Tue,0
ORD103283,9268,electronics,returning,3,card,high,33,20,Tue,0
ORD103596,459,grocery,new,0,UPI,medium,29,0,Tue,0
ORD104632,5960,apparel,returning,5,UPI,medium,12,8,Fri,0
ORD100125,1269,apparel,new,0,UPI,low,12,17,Mon,0
ORD106229,483,apparel,returning,4,COD,low,20,15,Tue,0
ORD105350,342,grocery,returning,6,wallet,medium,7,17,Sun,0
ORD101976,2485,apparel,returning,6,COD,low,2,22,Sat,1
ORD107228,9045,electronics,new,0,UPI,low,1,4,Thu,0
ORD107172,431,beauty,new,0,wallet,low,21,6,Fri,0
ORD102075,2797,home,new,0,UPI,medium,2,1,Thu,0
ORD104580,2281,home,returning,7,netbanking,low,7,14,Mon,0
ORD105750,6781,electronics,returning,8,COD,low,24,4,Wed,0
ORD107551,4848,home,new,0,UPI,medium,5,2,Sat,0
ORD103086,27960,electronics,new,0,wallet,medium,33,12,Sat,0
ORD103345,2206,home,returning,5,UPI,low,6,0,Tue,0
ORD107147,603,beauty,new,0,UPI,low,1,19,Sun,0
ORD105870,4470,home,returning,9,UPI,high,2,23,Mon,0
ORD106506,1029,grocery,returning,4,card,low,2,3,Fri,0
ORD100918,1942,apparel,returning,6,UPI,low,2,14,Fri,0
ORD101646,418,apparel,returning,6,netbanking,low,0,14,Thu,0
ORD105431,913,apparel,returning,8,card,low,24,18,Sun,0
ORD106842,961,beauty,returning,13,card,low,13,6,Sun,0
ORD104621,910,grocery,returning,5,UPI,low,28,18,Sat,0
ORD106809,607,beauty,returning,9,UPI,low,4,8,Thu,0
ORD100364,3286,home,new,0,UPI,medium,14,15,Wed,0
ORD102125,1130,apparel,returning,2,wallet,high,8,9,Sat,0
ORD104123,1649,apparel,new,0,card,medium,1,19,Sat,1
ORD104569,11849,home,returning,5,COD,low,21,22,Wed,0
ORD100638,1036,beauty,returning,5,UPI,medium,37,1,Sun,0
ORD102766,697,apparel,new,0,card,low,1,8,Sat,0
ORD105811,14637,electronics,returning,8,card,low,1,7,Sat,0
ORD101276,17557,electronics,returning,6,COD,low,34,2,Wed,0
ORD107491,889,grocery,returning,5,netbanking,medium,25,20,Fri,0
ORD104720,4570,apparel,new,0,netbanking,low,11,18,Sun,0
ORD102055,2025,apparel,returning,6,COD,low,0,22,Thu,0
ORD105376,626,apparel,new,0,UPI,low,9,17,Fri,0
ORD105145,1309,beauty,returning,7,COD,medium,16,23,Wed,0
ORD104432,908,beauty,returning,4,UPI,low,6,7,Sat,0
ORD103644,5625,electronics,returning,5,UPI,low,43,15,Wed,0
ORD102878,1445,home,new,0,card,low,1,0,Sun,0
ORD106493,26717,electronics,returning,5,card,medium,7,3,Tue,0
ORD102286,1276,grocery,returning,7,netbanking,medium,34,18,Sat,0
ORD102261,261,grocery,returning,5,UPI,low,42,18,Wed,0
ORD102296,763,beauty,returning,6,UPI,medium,2,21,Sun,0
ORD105932,598,apparel,returning,9,netbanking,high,2,17,Thu,0
ORD101753,3416,beauty,returning,7,card,medium,7,22,Wed,0
ORD105197,6000,apparel,returning,6,netbanking,medium,4,16,Tue,0
ORD101968,2063,apparel,new,0,UPI,medium,2,20,Fri,1
ORD106954,1125,beauty,returning,7,UPI,low,5,11,Mon,0
ORD103117,1171,home,returning,6,netbanking,low,38,4,Sun,0
ORD102393,7269,electronics,new,0,card,low,12,4,Wed,1
ORD100523,3079,home,new,0,netbanking,low,2,2,Mon,0
ORD106376,849,apparel,new,0,card,low,9,22,Sun,0
ORD106788,1011,beauty,returning,9,card,low,16,23,Sat,0
ORD105524,1916,apparel,returning,5,card,low,1,15,Sat,0
ORD106677,392,grocery,new,0,UPI,low,10,8,Fri,0
ORD103900,17383,electronics,new,0,UPI,high,12,15,Tue,0
ORD107454,856,grocery,returning,9,netbanking,low,0,9,Fri,0
ORD104699,293,beauty,returning,9,card,low,6,15,Thu,0
ORD105585,635,grocery,returning,5,COD,low,36,7,Mon,0
ORD107063,5158,electronics,returning,6,COD,high,8,11,Fri,0
ORD103122,2814,apparel,new,0,card,medium,0,22,Thu,0
ORD106777,2739,home,returning,4,UPI,low,35,3,Sat,0
ORD104156,1014,grocery,new,0,COD,low,14,19,Tue,0
ORD101969,6784,home,returning,12,netbanking,medium,0,12,Wed,0
ORD100671,3563,home,new,0,UPI,low,16,17,Sat,0
ORD104188,5244,electronics,returning,10,COD,low,40,6,Tue,1
ORD100666,1682,beauty,new,0,UPI,low,25,4,Sat,0
ORD101887,12194,electronics,returning,7,UPI,low,9,9,Wed,0
ORD103266,9532,electronics,new,0,wallet,medium,25,22,Fri,1
ORD100280,11402,electronics,returning,7,card,low,18,20,Thu,0
ORD101719,729,beauty,returning,9,UPI,medium,25,22,Tue,0
ORD102947,661,beauty,returning,6,UPI,medium,17,18,Sat,0
ORD104455,2530,apparel,returning,7,card,low,17,13,Wed,0
ORD100899,6180,home,new,0,UPI,medium,28,12,Tue,0
ORD106031,3452,apparel,new,0,COD,high,16,22,Fri,1
ORD107744,836,beauty,returning,8,card,low,12,2,Wed,0
ORD106090,3743,electronics,new,0,COD,medium,29,0,Wed,1
ORD107012,10999,electronics,returning,6,UPI,low,7,4,Fri,0
ORD100760,1219,beauty,returning,10,wallet,low,7,19,Sun,0
ORD106254,298,grocery,new,0,card,low,15,12,Sat,0
ORD101906,2047,apparel,returning,7,card,low,11,23,Wed,0
ORD104042,11841,electronics,returning,9,COD,high,45,13,Mon,1
ORD103823,15623,electronics,returning,5,netbanking,high,24,8,Sun,0
ORD104138,1212,beauty,returning,8,UPI,low,19,3,Tue,0
ORD106269,16547,electronics,returning,5,UPI,low,34,21,Mon,0
ORD106196,2306,beauty,new,0,UPI,low,3,8,Thu,0
ORD102593,15443,electronics,returning,4,COD,low,13,4,Thu,1
ORD105971,23999,electronics,returning,9,card,medium,25,2,Tue,0
ORD103579,9166,electronics,new,0,card,low,9,9,Mon,0
ORD102832,2174,apparel,returning,10,card,low,10,19,Thu,0
ORD105449,602,apparel,returning,8,netbanking,medium,23,21,Thu,0
ORD106327,3211,home,returning,5,card,medium,22,1,Mon,0
ORD100137,2516,apparel,returning,9,UPI,medium,20,14,Sat,0
ORD102180,947,beauty,returning,7,wallet,high,9,12,Fri,0
ORD102128,10204,electronics,returning,6,UPI,low,4,19,Thu,0
ORD103177,3094,apparel,returning,6,card,low,13,7,Wed,0
ORD104854,8485,electronics,new,0,card,high,17,12,Fri,1
ORD104637,266,beauty,new,0,COD,low,19,6,Fri,0
ORD106978,3074,beauty,returning,5,card,low,6,16,Sat,0
ORD104261,616,grocery,returning,12,UPI,low,6,14,Fri,0
ORD104344,1243,beauty,new,0,UPI,medium,4,23,Fri,1
ORD102017,12379,electronics,returning,7,card,medium,30,20,Fri,0
ORD104542,612,grocery,new,0,UPI,low,14,21,Thu,0
ORD102482,8628,electronics,returning,9,card,high,7,10,Fri,0
ORD101358,789,beauty,new,0,card,low,20,18,Fri,0
ORD106941,1363,apparel,new,0,UPI,medium,14,0,Fri,0
ORD101329,15851,electronics,returning,5,wallet,medium,9,18,Wed,0
ORD107973,4110,electronics,returning,7,UPI,medium,22,8,Sat,1
ORD102150,2363,home,returning,8,card,low,3,8,Wed,0
ORD104673,1645,apparel,new,0,wallet,medium,2,22,Tue,0
ORD103981,2894,apparel,new,0,UPI,low,27,7,Wed,0
ORD101252,10409,electronics,new,0,netbanking,high,9,3,Sat,0
ORD103278,965,apparel,returning,1,card,low,1,4,Fri,0
ORD103374,1975,home,returning,3,card,medium,24,2,Tue,0
ORD102814,20577,electronics,returning,7,netbanking,low,40,23,Wed,0
ORD104719,5095,electronics,returning,12,COD,low,10,3,Mon,0
ORD106544,741,apparel,returning,12,UPI,low,33,12,Fri,0
ORD101848,1175,apparel,new,0,UPI,medium,19,1,Tue,0
ORD103037,13510,electronics,returning,7,card,low,17,14,Mon,0
ORD100235,487,beauty,returning,5,card,low,12,2,Mon,0
ORD101984,3994,home,new,0,UPI,medium,24,14,Tue,0
ORD104363,228,grocery,returning,4,card,medium,11,17,Tue,0
ORD103962,898,beauty,returning,8,card,low,23,22,Tue,0
ORD100770,2052,apparel,returning,6,netbanking,high,50,0,Fri,0
ORD104533,809,apparel,returning,8,COD,medium,2,8,Wed,0
ORD100673,2346,beauty,returning,4,card,medium,5,14,Tue,0
ORD100249,6000,apparel,returning,10,wallet,low,8,17,Sat,0
ORD106297,1797,home,returning,6,card,low,10,15,Sat,0
ORD106238,1745,beauty,new,0,UPI,medium,7,10,Mon,0
ORD103419,611,grocery,returning,8,UPI,medium,17,23,Wed,0
ORD101823,2184,home,returning,10,card,low,34,2,Wed,0
ORD107632,485,grocery,new,0,UPI,low,10,2,Sat,0
ORD107644,2107,beauty,returning,7,UPI,low,8,23,Mon,0
ORD104544,2352,apparel,returning,6,card,medium,0,14,Tue,0
ORD105565,1489,apparel,new,0,netbanking,low,20,22,Tue,0
ORD107138,2053,beauty,new,0,UPI,low,31,15,Tue,0
ORD107465,11352,electronics,returning,6,card,low,12,12,Mon,0
ORD105997,927,beauty,new,0,UPI,high,8,7,Thu,0
ORD106600,10441,electronics,returning,8,card,medium,25,2,Thu,0
ORD104178,1900,home,new,0,UPI,medium,17,2,Tue,0
ORD104809,3588,home,new,0,card,medium,5,10,Sun,0
ORD102724,6613,electronics,new,0,COD,low,4,14,Sat,0
ORD107232,20774,electronics,new,0,netbanking,low,3,8,Tue,0
ORD101460,1639,beauty,returning,8,card,low,19,3,Tue,0
ORD105989,593,apparel,new,0,UPI,medium,5,15,Sat,1
ORD101668,16038,electronics,returning,5,UPI,high,2,11,Sun,0
ORD102000,3300,beauty,new,0,card,low,3,20,Mon,0
ORD104571,814,grocery,new,0,card,medium,64,3,Sat,0
ORD107433,8904,electronics,returning,5,UPI,low,6,13,Sat,0
ORD100404,352,grocery,new,0,UPI,medium,9,20,Fri,0
ORD100384,574,apparel,returning,13,UPI,low,5,19,Sat,0
ORD107185,787,apparel,new,0,COD,low,2,1,Sun,0
ORD102152,1023,beauty,new,0,UPI,low,41,21,Wed,0
ORD101633,1243,beauty,returning,12,wallet,low,7,22,Sat,1
ORD107329,1671,apparel,returning,6,UPI,medium,2,8,Sun,0
ORD107200,1751,apparel,returning,10,UPI,low,15,13,Tue,0
ORD106970,692,beauty,returning,5,netbanking,low,24,17,Tue,0
ORD103925,2533,home,returning,6,card,low,9,1,Sun,0
ORD105336,1234,beauty,new,0,card,low,3,12,Sat,1
ORD104158,2380,apparel,new,0,card,high,7,4,Fri,0
ORD105898,1669,home,returning,13,netbanking,low,8,5,Thu,0
ORD107384,16949,electronics,new,0,UPI,low,17,0,Wed,0
ORD105358,2085,apparel,returning,9,netbanking,low,4,6,Tue,0
ORD100223,586,grocery,returning,5,card,low,9,21,Fri,0
ORD103136,1246,beauty,returning,10,UPI,medium,32,20,Mon,0
ORD104469,1368,apparel,returning,9,card,low,25,0,Thu,0
ORD107348,1451,apparel,returning,4,card,low,9,15,Mon,0
ORD105124,11416,home,returning,10,UPI,low,12,10,Thu,0
ORD104972,2835,apparel,returning,7,card,low,8,4,Sun,0
ORD102871,1707,apparel,returning,8,wallet,medium,3,14,Tue,0
ORD100009,2442,apparel,returning,6,UPI,medium,13,19,Sun,0
ORD106593,726,beauty,returning,1,netbanking,medium,42,11,Tue,0
ORD101944,1728,beauty,returning,8,UPI,medium,12,17,Mon,0
ORD101838,2654,beauty,new,0,COD,medium,7,7,Sat,0
ORD104804,3199,beauty,returning,10,UPI,high,80,6,Thu,0
ORD100255,645,beauty,new,0,netbanking,low,3,23,Sun,0
ORD107026,3973,home,returning,7,card,low,34,2,Sat,0
ORD105713,2250,beauty,returning,8,COD,low,0,4,Mon,0
ORD104485,1894,apparel,returning,8,UPI,low,4,12,Sat,0
ORD107209,4612,home,returning,3,card,low,1,22,Mon,0
ORD101581,1666,apparel,new,0,card,medium,46,15,Sat,1
ORD102956,28202,electronics,returning,11,COD,medium,8,17,Wed,1
ORD107690,16846,electronics,new,0,UPI,low,12,21,Sat,0
ORD102508,3208,home,returning,9,UPI,medium,2,7,Wed,0
ORD106132,575,beauty,returning,11,COD,low,5,15,Mon,0
ORD105024,1800,home,new,0,COD,low,47,2,Fri,0
ORD105320,29105,electronics,returning,7,UPI,low,9,20,Thu,0
ORD106645,4898,electronics,returning,5,UPI,medium,19,15,Thu,0
ORD106042,643,beauty,new,0,UPI,medium,17,20,Sat,0
ORD103775,1346,apparel,returning,3,UPI,medium,24,19,Wed,0
ORD104835,2273,beauty,new,0,COD,medium,15,9,Fri,0
ORD104136,4915,home,new,0,wallet,low,40,23,Sat,0
ORD104964,950,apparel,returning,6,UPI,low,21,11,Tue,0
ORD102779,12339,electronics,new,0,wallet,high,1,10,Wed,1
ORD100539,386,beauty,returning,8,UPI,low,10,11,Sat,0
ORD102745,150,beauty,new,0,UPI,medium,1,4,Sat,0
ORD107236,5033,apparel,returning,10,UPI,low,3,0,Wed,0
ORD107308,24245,electronics,returning,12,UPI,medium,30,0,Thu,1
ORD106819,864,grocery,new,0,UPI,low,3,3,Thu,0
ORD101145,1844,apparel,new,0,UPI,low,21,15,Sun,0
ORD105127,5296,electronics,returning,6,UPI,low,23,16,Mon,0
ORD100667,909,grocery,returning,3,UPI,medium,30,3,Fri,0
ORD103019,980,apparel,returning,8,COD,medium,16,4,Fri,0
ORD100357,1099,beauty,returning,10,wallet,high,2,14,Thu,0
ORD105063,22860,electronics,returning,5,card,low,10,5,Mon,0
ORD102783,5088,apparel,returning,4,card,low,3,15,Fri,0
ORD101353,1441,apparel,returning,4,card,low,6,19,Mon,0
ORD105131,10106,electronics,returning,3,card,medium,14,3,Sat,0
ORD100470,461,apparel,returning,13,UPI,high,26,1,Sat,0
ORD102703,1304,beauty,returning,8,card,medium,23,8,Tue,0
ORD103330,332,grocery,returning,6,UPI,low,1,18,Thu,0
ORD103637,5912,electronics,returning,9,UPI,high,51,22,Mon,0
ORD101396,1941,home,returning,8,COD,low,21,15,Thu,0
ORD103584,1072,grocery,returning,8,wallet,low,37,12,Fri,0
ORD105262,5854,electronics,new,0,netbanking,low,25,18,Sun,0
ORD105645,669,apparel,returning,7,UPI,medium,6,12,Wed,0
ORD101256,783,beauty,new,0,card,low,25,6,Thu,0
ORD106190,962,beauty,returning,3,COD,medium,13,22,Tue,1
ORD103512,347,grocery,returning,7,wallet,low,14,1,Thu,0
ORD105651,2491,apparel,new,0,UPI,low,6,4,Tue,0
ORD105778,2606,beauty,returning,7,UPI,medium,24,0,Wed,0
ORD101250,33275,electronics,new,0,COD,medium,29,10,Sat,0
ORD105795,1847,home,returning,11,card,low,19,19,Sun,0
ORD107679,1387,grocery,returning,6,UPI,medium,39,7,Mon,0
ORD103284,19827,electronics,new,0,UPI,low,5,18,Sun,0
ORD102933,752,grocery,returning,12,COD,medium,11,12,Sun,0
ORD104175,858,home,new,0,card,medium,17,16,Sat,0
ORD105268,943,grocery,new,0,UPI,low,4,19,Fri,0
ORD104910,16121,electronics,returning,7,card,high,5,19,Sat,0
ORD101852,3570,home,returning,4,UPI,medium,1,19,Tue,0
ORD106316,2522,home,returning,3,card,high,15,3,Thu,0
ORD106815,14690,electronics,returning,5,card,low,7,18,Sat,0
ORD107482,10326,home,new,0,COD,low,5,21,Fri,0
ORD107777,283,grocery,returning,10,wallet,medium,53,16,Thu,0
ORD100133,2132,apparel,new,0,netbanking,low,15,0,Mon,0
ORD105236,11500,electronics,new,0,card,low,59,1,Wed,1
ORD105029,25730,electronics,returning,7,UPI,low,32,22,Fri,0
ORD107271,562,grocery,returning,8,COD,low,11,0,Tue,0
ORD101531,21853,electronics,returning,4,COD,high,39,8,Sun,1
ORD101214,2082,apparel,returning,4,COD,low,17,16,Mon,0
ORD100504,3220,home,new,0,UPI,low,9,18,Sat,0
ORD104285,4180,electronics,new,0,netbanking,low,5,19,Tue,0
ORD106491,1813,home,new,0,UPI,high,17,13,Wed,0
ORD101996,1470,apparel,returning,11,card,low,30,3,Mon,0
ORD106530,398,apparel,returning,14,UPI,high,6,15,Tue,0
ORD103072,920,beauty,new,0,UPI,low,13,2,Mon,0
ORD101958,375,beauty,new,0,UPI,low,14,21,Thu,0
ORD101384,508,grocery,returning,4,COD,medium,4,4,Mon,0
ORD100894,1096,beauty,returning,11,UPI,high,10,7,Sun,0
ORD104924,2176,apparel,new,0,COD,low,3,9,Mon,0
ORD106619,461,apparel,new,0,UPI,low,26,3,Sun,1
ORD105779,3509,electronics,new,0,netbanking,low,9,16,Fri,0
ORD103709,1072,beauty,returning,4,UPI,low,18,8,Tue,0
ORD107380,735,apparel,new,0,UPI,low,22,17,Sun,0
ORD104849,742,beauty,returning,12,UPI,low,9,9,Sun,0
ORD104748,150,grocery,returning,8,netbanking,medium,22,8,Mon,0
ORD104268,1642,beauty,returning,6,UPI,low,20,11,Wed,0
ORD103522,11049,electronics,new,0,card,low,6,21,Sun,0
ORD103602,5421,home,new,0,card,high,13,21,Wed,0
ORD107813,1584,apparel,returning,8,UPI,medium,21,3,Sun,0
ORD100713,1503,grocery,returning,4,COD,low,8,21,Mon,0
ORD104186,11506,electronics,returning,8,netbanking,low,15,22,Sat,0
ORD102214,242,grocery,returning,7,COD,low,24,0,Tue,0
ORD105301,1226,home,returning,7,COD,low,8,20,Fri,0
ORD102923,722,home,new,0,UPI,medium,6,11,Mon,0
ORD107250,1932,home,returning,7,card,medium,5,13,Sun,0
ORD101810,502,apparel,returning,6,wallet,medium,1,1,Fri,1
ORD103486,4660,home,new,0,card,high,27,9,Mon,1
ORD103141,9444,electronics,returning,9,COD,low,11,2,Tue,0
ORD101827,825,apparel,returning,8,UPI,high,6,5,Thu,0
ORD101155,16750,electronics,returning,4,UPI,low,3,20,Sat,0
ORD101324,1495,apparel,returning,4,netbanking,low,29,16,Mon,0
ORD104312,1123,apparel,new,0,card,medium,2,18,Tue,0
ORD100510,9268,electronics,returning,10,UPI,medium,12,1,Sun,0
ORD101680,1281,beauty,returning,6,card,low,0,0,Sun,0
ORD100499,9593,home,new,0,UPI,high,9,3,Mon,0
ORD107257,311,grocery,new,0,UPI,low,17,3,Tue,0
ORD101856,2022,apparel,new,0,wallet,low,1,16,Fri,0
ORD105615,1530,apparel,returning,8,UPI,low,1,4,Tue,0
ORD102386,648,grocery,returning,10,card,low,11,12,Sun,0
ORD105541,4694,home,new,0,COD,medium,6,19,Sun,1
ORD106172,1861,apparel,returning,9,wallet,high,34,2,Wed,0
ORD101540,785,beauty,returning,6,COD,medium,8,11,Sat,0
ORD101217,1769,home,returning,6,card,low,9,18,Tue,0
ORD102681,704,grocery,returning,12,UPI,medium,5,20,Sat,0
ORD107817,1343,home,returning,11,UPI,low,16,23,Sun,0
ORD102993,2698,home,returning,6,card,medium,0,8,Wed,0
ORD105512,1838,apparel,returning,6,COD,low,18,23,Mon,0
ORD101191,1273,apparel,returning,4,UPI,high,1,14,Mon,0
ORD105293,3800,home,new,0,card,high,8,9,Thu,0
ORD101542,1135,apparel,returning,9,UPI,low,15,8,Mon,0
ORD103324,1485,home,returning,5,UPI,low,4,11,Thu,0
ORD107056,779,grocery,returning,7,netbanking,low,1,1,Sun,0
ORD102539,4982,home,new,0,UPI,high,14,9,Thu,1
ORD100953,19829,electronics,returning,9,netbanking,medium,1,10,Sun,0
ORD107176,17946,electronics,returning,15,COD,low,29,17,Mon,0
ORD106731,1605,home,returning,4,COD,low,23,8,Thu,0
ORD104846,30356,electronics,new,0,UPI,high,4,5,Sat,0
ORD106801,2336,home,returning,6,card,high,9,12,Sun,0
ORD104330,14777,electronics,new,0,wallet,low,40,3,Thu,1
ORD107988,2228,home,new,0,UPI,low,3,14,Thu,0
ORD101156,26189,electronics,new,0,wallet,low,22,13,Sat,0
ORD107407,3083,home,returning,9,COD,low,10,6,Thu,0
ORD102982,5289,electronics,new,0,netbanking,low,10,20,Tue,1
ORD105305,12000,home,returning,8,UPI,high,13,20,Wed,0
ORD102616,22953,electronics,new,0,UPI,medium,12,11,Tue,0
ORD101167,3220,home,returning,4,card,high,60,12,Sun,0
ORD103222,3110,beauty,returning,6,card,low,6,4,Mon,0
ORD105588,300,apparel,returning,2,card,low,49,13,Wed,0
ORD102938,855,apparel,returning,8,card,medium,5,4,Fri,0
ORD107192,1995,home,returning,9,COD,low,10,8,Tue,0
ORD104980,918,grocery,returning,5,UPI,medium,6,0,Sat,0
ORD100143,8331,home,returning,7,UPI,low,16,22,Fri,0
ORD107921,2390,apparel,new,0,COD,low,2,13,Mon,1
ORD103577,978,apparel,new,0,card,medium,0,22,Mon,0
ORD102782,3596,home,returning,8,card,low,9,4,Sun,0
ORD100717,6537,electronics,returning,5,COD,medium,14,17,Sun,0
ORD101819,1422,home,returning,6,UPI,medium,16,9,Sun,0
ORD102502,1263,grocery,returning,7,UPI,low,15,13,Wed,0
ORD104360,1729,apparel,returning,11,card,medium,18,6,Fri,0
ORD106588,320,grocery,returning,10,card,low,37,9,Mon,0
ORD100395,2610,apparel,new,0,UPI,low,9,2,Wed,0
ORD105731,353,grocery,returning,10,UPI,low,31,15,Thu,0
ORD106320,3869,apparel,returning,2,card,low,4,8,Sat,0
ORD107186,514,apparel,new,0,UPI,medium,2,7,Sun,0
ORD107724,2484,grocery,returning,6,UPI,low,11,14,Thu,0
ORD104492,904,grocery,returning,8,COD,low,17,17,Thu,0
ORD101365,2223,home,returning,2,netbanking,low,43,22,Tue,1
ORD107292,657,beauty,new,0,UPI,low,1,0,Mon,0
ORD100595,3051,apparel,returning,7,netbanking,medium,3,21,Fri,0
ORD106205,3540,home,returning,12,card,low,1,7,Wed,0
ORD103952,720,grocery,returning,4,UPI,medium,28,11,Sat,0
ORD105392,412,grocery,returning,6,wallet,medium,15,20,Wed,0
ORD105917,4000,beauty,returning,7,wallet,medium,9,8,Fri,0
ORD104968,17326,electronics,returning,5,card,medium,22,8,Sun,0
ORD102914,2253,apparel,new,0,card,medium,19,16,Mon,0
ORD107876,557,home,returning,5,card,medium,25,13,Fri,0
ORD103766,1307,home,returning,2,card,high,22,22,Wed,0
ORD103851,1673,apparel,new,0,COD,medium,4,10,Sun,0
ORD104132,1688,apparel,returning,6,card,medium,4,11,Mon,0
ORD106806,3675,home,new,0,wallet,low,8,1,Wed,0
ORD107335,686,grocery,returning,10,UPI,low,3,0,Sat,0
ORD102143,1806,beauty,new,0,COD,medium,3,22,Sat,0
ORD107377,435,grocery,new,0,UPI,low,24,18,Wed,0
ORD105073,2150,home,new,0,card,low,21,18,Thu,0
ORD101122,945,beauty,returning,9,wallet,low,8,0,Sun,0
ORD106335,895,apparel,returning,7,card,medium,6,12,Mon,0
ORD102967,528,apparel,returning,6,netbanking,low,39,20,Sun,0
ORD100675,1855,apparel,returning,2,UPI,low,7,16,Tue,0
ORD102808,13786,electronics,returning,8,COD,medium,6,21,Thu,0
ORD103348,1297,beauty,returning,9,UPI,medium,0,13,Tue,0
ORD100728,746,apparel,returning,6,card,medium,9,9,Fri,0
ORD100412,38910,electronics,returning,4,COD,low,1,12,Tue,0
ORD103146,2323,beauty,returning,4,card,high,5,10,Mon,0
ORD101516,8112,electronics,returning,11,wallet,high,1,9,Wed,0
ORD100417,1965,beauty,new,0,UPI,low,7,0,Mon,0
ORD103069,2083,apparel,returning,6,COD,high,58,10,Fri,0
ORD101625,1966,beauty,returning,7,COD,low,28,22,Fri,0
ORD107113,4127,home,new,0,card,medium,10,12,Fri,0
ORD106748,1976,apparel,returning,7,COD,medium,9,21,Wed,0
ORD104185,791,beauty,new,0,UPI,medium,60,22,Sun,0
ORD107468,2154,beauty,returning,4,card,low,5,22,Sat,0
ORD102082,935,beauty,new,0,UPI,low,1,18,Sun,0
ORD100753,640,apparel,returning,7,card,low,21,6,Thu,0
ORD103969,23559,electronics,new,0,netbanking,low,2,4,Tue,0
ORD103373,3882,electronics,returning,2,UPI,high,3,9,Sat,0
ORD105726,6675,home,returning,6,UPI,low,11,16,Thu,0
ORD104107,321,beauty,returning,3,wallet,high,42,10,Wed,1
ORD102444,2206,apparel,new,0,UPI,low,2,21,Mon,0
ORD104380,9506,home,returning,5,card,medium,19,5,Mon,0
ORD101066,2268,apparel,returning,10,COD,medium,36,21,Sat,0
ORD103913,1549,apparel,returning,2,card,low,6,10,Sun,0
ORD105536,1627,apparel,new,0,netbanking,low,16,22,Sun,0
ORD105387,15691,electronics,new,0,netbanking,low,14,1,Sat,0
ORD103498,1259,apparel,new,0,UPI,medium,47,1,Sat,1
ORD102738,2374,beauty,returning,8,card,medium,2,17,Thu,0
ORD105052,2511,home,returning,5,UPI,low,27,0,Fri,1
ORD104000,619,beauty,new,0,COD,medium,11,12,Wed,0
ORD101568,596,apparel,new,0,card,low,10,5,Mon,0
ORD102427,582,beauty,returning,5,wallet,medium,12,7,Tue,1
ORD103746,1736,apparel,new,0,UPI,low,5,10,Fri,0
ORD106833,963,grocery,returning,5,UPI,low,11,15,Sun,0
ORD107411,788,beauty,returning,7,card,low,1,6,Wed,0
ORD101687,3308,home,returning,8,card,low,20,1,Wed,0
ORD100851,12864,electronics,returning,10,UPI,low,17,10,Fri,0
ORD103546,2365,apparel,new,0,UPI,low,16,22,Tue,0
ORD106303,45000,electronics,returning,5,COD,low,21,1,Sun,1
ORD100895,305,grocery,returning,8,UPI,medium,9,7,Mon,0
ORD104592,1249,beauty,returning,5,UPI,low,15,13,Wed,0
ORD106401,11052,electronics,returning,9,card,high,16,1,Sun,0
ORD105878,743,beauty,returning,7,wallet,medium,20,2,Fri,0
ORD100335,1056,home,returning,9,COD,low,6,18,Sat,1
ORD102839,25529,electronics,new,0,netbanking,low,12,21,Thu,0
ORD103087,1484,apparel,new,0,COD,low,0,0,Tue,0
ORD104611,1342,apparel,new,0,UPI,medium,14,3,Wed,0
ORD101348,1424,apparel,new,0,UPI,medium,29,16,Tue,0
ORD101015,18027,electronics,returning,8,UPI,low,9,22,Sun,0
ORD102816,1736,apparel,returning,7,COD,medium,17,13,Sat,0
ORD102489,9442,home,new,0,UPI,low,11,19,Mon,0
ORD103730,826,grocery,returning,9,netbanking,low,26,1,Wed,0
ORD103251,4032,home,returning,4,netbanking,low,9,23,Mon,0
ORD107405,9749,electronics,returning,2,wallet,low,14,2,Sun,0
ORD107267,3689,home,new,0,UPI,high,2,9,Wed,1
ORD105877,20419,electronics,returning,9,UPI,low,6,8,Sat,0
ORD106665,501,beauty,returning,9,UPI,low,7,12,Mon,0
ORD105881,541,apparel,returning,8,UPI,low,4,16,Sun,0
ORD102070,466,grocery,returning,13,UPI,low,10,0,Fri,0
ORD105408,2038,apparel,returning,8,card,medium,67,0,Wed,0
ORD101635,745,apparel,returning,9,wallet,low,16,19,Wed,0
ORD104646,632,grocery,returning,8,UPI,low,11,16,Sun,0
ORD106617,882,grocery,returning,10,COD,medium,16,6,Thu,0
ORD102959,382,grocery,returning,11,UPI,low,1,12,Sun,0
ORD105323,6175,electronics,returning,12,COD,high,20,17,Wed,0
ORD107556,337,apparel,returning,5,UPI,low,26,15,Sun,0
ORD105053,32759,electronics,new,0,COD,low,1,14,Wed,0
ORD105869,10761,electronics,returning,5,COD,low,0,10,Thu,0
ORD105104,593,beauty,returning,8,netbanking,low,20,20,Mon,0
ORD107547,6071,electronics,returning,9,UPI,low,11,0,Tue,0
ORD104045,654,apparel,new,0,netbanking,low,6,21,Mon,0
ORD103356,1331,home,new,0,card,high,2,6,Mon,0
ORD105092,1740,apparel,returning,9,UPI,low,17,5,Mon,0
ORD103506,648,apparel,new,0,netbanking,low,4,11,Tue,0
ORD101679,2841,home,new,0,card,low,15,0,Fri,0
ORD104249,3951,beauty,new,0,UPI,medium,10,15,Fri,0
ORD103147,3293,beauty,returning,9,card,low,20,4,Mon,0
ORD102294,1020,apparel,returning,8,card,medium,36,18,Tue,0
ORD107004,1069,grocery,returning,9,card,low,11,7,Sat,0
ORD106933,663,beauty,returning,4,UPI,low,11,12,Tue,0
ORD100580,5299,apparel,returning,7,UPI,low,11,7,Thu,0
ORD101470,747,grocery,returning,7,card,medium,14,5,Tue,0
ORD104799,2136,beauty,returning,9,UPI,medium,1,19,Sun,0
ORD104070,1610,apparel,returning,8,UPI,medium,38,18,Sun,0
ORD105308,2504,electronics,new,0,netbanking,low,23,6,Sun,0
ORD104992,1250,beauty,returning,10,card,high,9,10,Mon,0
ORD104583,423,grocery,returning,8,COD,low,24,3,Thu,1
ORD103672,654,apparel,returning,8,wallet,medium,50,16,Mon,0
ORD100559,2431,apparel,new,0,card,low,11,20,Fri,0
ORD105237,19605,electronics,returning,8,card,low,5,23,Sat,0
ORD105215,1221,apparel,returning,5,COD,medium,24,1,Sun,1
ORD102849,831,apparel,returning,4,netbanking,low,8,14,Wed,0
ORD104729,1611,apparel,returning,8,card,low,1,10,Sun,0
ORD101081,1689,grocery,new,0,COD,low,17,3,Sun,0
ORD101664,1063,grocery,returning,6,UPI,high,6,0,Sat,1
ORD101012,919,apparel,returning,11,card,low,11,23,Tue,0
ORD101931,7627,home,returning,5,card,low,2,5,Fri,0
ORD105949,2090,home,returning,4,card,low,24,20,Fri,0
ORD100116,699,beauty,returning,6,card,low,22,15,Tue,0
ORD100740,29526,electronics,returning,9,UPI,low,5,1,Sat,0
ORD107675,2518,home,returning,8,UPI,low,13,7,Mon,0
ORD106070,654,grocery,new,0,card,medium,5,20,Tue,0
ORD105177,5854,electronics,returning,7,card,low,5,1,Sun,0
ORD103675,1472,grocery,returning,7,netbanking,low,22,4,Wed,0
ORD100119,5759,home,returning,9,card,medium,0,6,Sat,0
ORD107630,5157,home,returning,10,wallet,high,2,16,Tue,0
ORD107572,16754,electronics,returning,7,UPI,low,0,11,Tue,0
ORD107903,4047,home,new,0,UPI,medium,13,9,Thu,0
ORD100635,11298,electronics,new,0,UPI,low,14,19,Tue,0
ORD104364,1640,beauty,returning,6,UPI,high,0,1,Fri,0
ORD107010,14430,electronics,returning,9,COD,medium,10,0,Fri,0
ORD104142,9849,electronics,new,0,card,low,4,9,Thu,0
ORD107027,910,apparel,new,0,card,low,40,19,Wed,0
ORD100991,1120,beauty,new,0,wallet,low,22,23,Wed,0
ORD104869,1851,home,new,0,COD,high,6,12,Sat,0
ORD105315,674,apparel,returning,6,netbanking,medium,4,7,Fri,0
ORD105222,5928,electronics,returning,4,netbanking,medium,13,21,Sat,0
ORD100004,5374,electronics,returning,8,UPI,low,5,14,Tue,0
ORD105691,27416,electronics,returning,8,card,low,36,1,Sun,0
ORD103124,9610,electronics,returning,8,COD,low,8,10,Mon,0
ORD106407,10955,electronics,new,0,UPI,high,3,13,Mon,0
ORD107136,6278,electronics,returning,7,UPI,high,12,4,Wed,0
ORD102660,2947,beauty,returning,7,COD,low,5,11,Mon,0
ORD107146,1654,apparel,returning,6,card,low,10,10,Tue,0
ORD105173,13896,electronics,returning,10,COD,medium,12,13,Thu,1
ORD103854,3278,home,returning,3,netbanking,low,41,0,Tue,1
ORD104933,1369,apparel,returning,11,COD,low,4,23,Sun,0
ORD104777,17637,electronics,returning,7,COD,medium,18,14,Sat,0
ORD106713,2899,home,returning,7,COD,medium,5,21,Mon,0
ORD106457,874,beauty,returning,7,wallet,low,6,14,Sun,0
ORD106293,375,grocery,returning,8,UPI,low,4,21,Sun,0
ORD103261,391,beauty,returning,5,UPI,medium,8,12,Tue,1
ORD100574,1043,grocery,returning,4,card,low,1,10,Sun,0
ORD103769,5045,home,returning,7,UPI,low,7,14,Fri,0
ORD103736,3342,apparel,new,0,card,high,21,1,Sat,0
ORD104146,6801,electronics,new,0,COD,medium,9,15,Sat,0
ORD100853,352,grocery,returning,12,UPI,medium,22,23,Mon,0
ORD102774,883,beauty,new,0,UPI,high,35,15,Mon,0
ORD105919,3155,apparel,returning,4,card,low,23,20,Sun,0
ORD104929,5343,apparel,returning,4,card,low,7,1,Fri,0
ORD101166,1385,beauty,new,0,COD,low,2,3,Tue,0
ORD100971,15844,electronics,returning,3,UPI,low,15,0,Sat,0
ORD104495,2942,apparel,new,0,wallet,low,5,19,Sun,0
ORD103847,476,beauty,new,0,UPI,medium,2,15,Fri,1
ORD102368,3104,apparel,returning,6,netbanking,low,8,5,Sun,0
ORD104115,2371,apparel,returning,4,card,medium,7,21,Mon,0
ORD104131,12000,home,returning,12,UPI,low,18,4,Wed,0
ORD102950,8421,electronics,returning,10,COD,low,1,7,Mon,0
ORD106971,2483,apparel,new,0,UPI,medium,4,2,Sun,0
ORD100524,32447,electronics,returning,10,card,high,4,23,Sat,1
ORD102455,2703,home,returning,5,UPI,low,16,12,Sun,0
ORD105016,1211,home,new,0,card,low,11,0,Tue,0
ORD101841,1599,home,returning,6,UPI,medium,17,10,Fri,0
ORD105986,31018,electronics,new,0,card,low,6,7,Sat,0
ORD100537,19627,electronics,returning,4,card,medium,16,12,Tue,0
ORD105801,7253,home,returning,10,UPI,high,18,17,Mon,0
ORD105596,1410,grocery,returning,10,wallet,low,1,23,Sun,0
ORD107206,5024,home,returning,6,netbanking,high,14,11,Sat,0
ORD104341,28500,electronics,returning,8,card,low,8,4,Sat,0
ORD104057,944,grocery,new,0,wallet,high,2,20,Thu,0
ORD101409,762,beauty,returning,6,UPI,low,12,19,Wed,0
ORD100154,2736,electronics,returning,8,card,low,2,23,Thu,0
ORD103009,4000,beauty,new,0,card,low,8,1,Sun,0
ORD101686,1929,home,new,0,UPI,low,18,11,Tue,0
ORD102901,1848,grocery,new,0,wallet,low,1,2,Wed,0
ORD107915,500,grocery,returning,3,card,high,9,18,Sun,0
ORD107455,1797,home,returning,6,wallet,low,2,6,Thu,0
ORD104721,2751,home,new,0,UPI,low,3,15,Wed,0
ORD103863,5186,apparel,returning,11,card,medium,14,17,Wed,0
ORD102733,692,apparel,returning,4,UPI,high,16,6,Wed,0
ORD101895,10800,electronics,new,0,UPI,low,20,9,Mon,0
ORD105442,673,beauty,returning,10,card,high,18,1,Thu,0
ORD100569,2767,home,new,0,UPI,medium,6,23,Sat,0
ORD106709,8631,electronics,returning,7,UPI,low,13,17,Fri,0
ORD105854,6204,electronics,new,0,UPI,medium,28,17,Sat,0
ORD101816,1819,beauty,new,0,netbanking,low,22,18,Tue,0
ORD102065,372,grocery,returning,4,UPI,medium,1,18,Wed,0
ORD100127,23406,electronics,new,0,UPI,medium,1,17,Tue,0
ORD103327,1595,beauty,returning,10,card,medium,5,15,Sat,0
ORD107968,29806,electronics,new,0,card,low,19,15,Wed,0
ORD106102,3322,beauty,new,0,netbanking,medium,8,23,Sat,0
ORD102975,571,beauty,new,0,COD,low,33,2,Sat,0
ORD100980,465,grocery,returning,6,UPI,medium,25,15,Sun,0
ORD102300,449,grocery,returning,8,COD,low,10,11,Mon,0
ORD101139,12000,home,returning,6,COD,low,40,14,Sat,0
ORD105088,589,grocery,new,0,COD,high,2,22,Thu,0
ORD100699,2449,apparel,returning,10,UPI,low,19,22,Wed,0
ORD107631,834,beauty,new,0,UPI,low,10,23,Fri,0
ORD100606,737,grocery,returning,6,UPI,medium,0,20,Thu,0
ORD104276,750,apparel,returning,8,wallet,low,22,11,Fri,0
ORD100301,8085,electronics,returning,5,COD,low,34,21,Wed,0
ORD106640,18475,electronics,new,0,UPI,medium,58,12,Wed,0
ORD103420,444,grocery,returning,8,wallet,high,3,21,Mon,0
ORD107696,680,apparel,returning,12,UPI,medium,12,11,Sat,0
ORD101060,1171,grocery,new,0,UPI,low,60,0,Mon,0
ORD107833,614,beauty,returning,5,card,low,31,22,Wed,0
ORD102565,1542,apparel,returning,7,card,high,10,12,Sun,0
ORD107984,1109,beauty,returning,7,netbanking,medium,21,6,Wed,0
ORD102524,1662,grocery,returning,6,netbanking,low,13,22,Tue,0
ORD102205,2438,home,new,0,COD,high,11,22,Tue,0
ORD101243,8308,electronics,new,0,card,high,5,18,Mon,0
ORD107339,723,grocery,new,0,card,low,5,14,Mon,0
ORD100016,6366,home,new,0,COD,low,4,17,Tue,0
ORD103120,11797,electronics,new,0,COD,low,4,19,Wed,0
ORD107971,8626,electronics,new,0,UPI,high,7,7,Wed,0
ORD104642,1348,apparel,returning,10,card,medium,14,23,Thu,0
ORD100815,791,grocery,returning,7,card,high,45,1,Tue,0
ORD107638,4312,home,returning,6,netbanking,high,1,16,Wed,0
ORD105600,2600,home,returning,8,card,low,8,15,Sat,0
ORD100959,1059,home,returning,7,card,high,4,0,Mon,0
ORD106427,2971,apparel,new,0,card,low,6,19,Sat,0
ORD104893,883,apparel,returning,4,UPI,low,10,18,Sun,0
ORD100225,410,grocery,returning,7,COD,low,1,8,Mon,0
ORD103354,1432,apparel,new,0,UPI,medium,7,7,Wed,0
ORD102485,2343,apparel,new,0,COD,medium,6,17,Mon,0
ORD100562,888,beauty,returning,4,netbanking,medium,0,1,Sun,0
ORD103436,2733,apparel,new,0,card,low,3,10,Thu,0
ORD106373,751,beauty,returning,8,UPI,low,8,9,Fri,0
ORD106181,2837,home,returning,6,UPI,medium,7,2,Sat,0
ORD101693,2360,beauty,new,0,COD,high,8,9,Sat,1
ORD106893,17867,electronics,returning,14,card,low,21,12,Sun,0
ORD101045,841,apparel,new,0,COD,low,4,3,Sun,0
ORD103446,3702,home,new,0,UPI,medium,8,8,Wed,0
ORD104565,7829,home,new,0,netbanking,high,7,21,Sun,0
ORD100954,473,grocery,new,0,COD,medium,3,5,Sat,0
ORD107967,868,beauty,returning,8,UPI,low,25,17,Wed,0
ORD102735,5850,apparel,returning,6,card,medium,0,14,Fri,0
ORD107840,586,grocery,returning,10,wallet,low,11,6,Tue,0
ORD104735,574,beauty,returning,10,card,low,5,3,Sat,0
ORD105254,625,beauty,new,0,UPI,medium,0,18,Sat,0
ORD105511,8324,home,new,0,UPI,low,11,23,Sat,0
ORD107604,1644,grocery,new,0,card,low,1,14,Tue,0
ORD101527,2709,apparel,new,0,card,high,7,13,Sun,0
ORD103987,2157,apparel,new,0,wallet,low,10,4,Mon,0
ORD101300,10716,electronics,returning,7,COD,low,6,0,Fri,0
ORD107819,631,apparel,returning,9,netbanking,low,25,3,Tue,0
ORD106944,776,apparel,returning,9,UPI,high,9,11,Fri,0
ORD104067,223,beauty,returning,7,netbanking,low,39,9,Wed,0
ORD105800,1132,apparel,returning,5,UPI,low,5,23,Wed,0
ORD103791,5008,apparel,returning,6,netbanking,low,9,1,Fri,0
ORD103234,27946,electronics,returning,9,wallet,medium,13,18,Mon,0
ORD102869,26455,electronics,returning,12,COD,low,20,21,Wed,0
ORD103777,12448,electronics,new,0,card,low,1,22,Mon,0
ORD104433,1107,apparel,new,0,UPI,high,2,4,Mon,1
ORD104973,950,grocery,returning,6,UPI,medium,3,6,Sat,0
ORD106015,10532,electronics,new,0,UPI,low,8,8,Thu,0
ORD105980,1165,home,new,0,wallet,low,13,17,Tue,0
ORD102200,4952,electronics,returning,8,UPI,medium,7,10,Fri,0
ORD100098,22858,electronics,returning,8,COD,low,2,3,Sun,0
ORD107769,1296,beauty,returning,12,UPI,medium,3,15,Sun,0
ORD102557,2354,apparel,new,0,card,low,2,12,Mon,0
ORD103183,11090,electronics,new,0,card,low,14,2,Fri,0
ORD107394,662,grocery,returning,11,UPI,low,64,1,Sat,0
ORD100253,1129,apparel,returning,9,wallet,low,39,15,Sun,0
ORD103923,398,grocery,returning,6,card,medium,5,13,Sun,0
ORD104199,14276,electronics,new,0,UPI,low,67,17,Fri,0
ORD101445,1411,home,returning,6,COD,high,2,18,Sun,1
ORD105539,19704,electronics,new,0,COD,low,36,13,Fri,0
ORD101648,629,grocery,new,0,UPI,low,4,7,Sat,0
ORD104723,5400,home,returning,4,COD,high,3,4,Fri,0
ORD101696,7841,electronics,new,0,wallet,medium,2,21,Fri,0
ORD103191,17758,electronics,new,0,UPI,low,6,22,Mon,0
ORD106197,8956,electronics,returning,8,UPI,low,4,2,Wed,0
ORD106295,1493,beauty,returning,8,COD,low,23,15,Sun,0
ORD104499,1277,beauty,returning,10,UPI,medium,9,16,Sun,0
ORD102255,2272,home,returning,4,COD,high,23,10,Fri,0
ORD101682,599,beauty,returning,4,COD,low,12,0,Sun,0
ORD103170,795,grocery,returning,8,UPI,high,32,12,Sun,0
ORD107400,5326,home,returning,7,UPI,low,1,1,Thu,0
ORD107158,17535,electronics,new,0,netbanking,low,38,11,Mon,0
ORD104090,13861,electronics,returning,6,card,medium,15,10,Sat,0
ORD103108,4802,electronics,new,0,netbanking,low,5,4,Tue,0
ORD104548,1045,beauty,returning,7,UPI,high,17,12,Sat,0
ORD103723,3665,apparel,new,0,COD,low,20,0,Tue,1
ORD105423,18112,electronics,returning,4,UPI,low,9,19,Tue,0
ORD107040,5012,home,returning,7,UPI,low,3,8,Tue,0
ORD102049,446,apparel,returning,7,UPI,low,23,17,Wed,0
ORD104976,1114,apparel,returning,4,COD,high,31,4,Sat,0
ORD103643,8121,electronics,new,0,COD,medium,0,13,Fri,0
ORD107885,1333,apparel,returning,14,netbanking,low,4,1,Mon,0
ORD100623,509,apparel,new,0,UPI,low,11,0,Mon,0
ORD106489,245,grocery,returning,2,card,low,8,12,Sun,1
ORD107689,2819,apparel,returning,3,UPI,medium,12,4,Thu,0
ORD105883,548,grocery,returning,9,card,low,21,2,Mon,0
ORD103369,1384,apparel,returning,5,COD,low,57,5,Wed,0
ORD105534,691,beauty,returning,9,card,low,6,22,Fri,0
ORD106065,412,grocery,returning,8,COD,high,8,10,Sun,0
ORD106616,806,apparel,returning,11,card,low,11,10,Wed,0
ORD101802,5919,electronics,new,0,wallet,medium,3,6,Thu,0
ORD104736,1430,beauty,returning,6,COD,medium,0,6,Fri,0
ORD107982,890,grocery,returning,3,UPI,low,11,20,Thu,0
ORD102385,1002,beauty,new,0,wallet,low,22,4,Sun,0
ORD106694,2866,apparel,new,0,card,low,3,12,Mon,0
ORD105759,10978,electronics,returning,8,UPI,medium,41,17,Sun,0
ORD101959,1679,home,returning,4,card,low,74,15,Tue,0
ORD100488,2348,home,returning,10,card,low,3,10,Tue,0
ORD101843,404,grocery,new,0,UPI,low,49,13,Sat,0
ORD101734,346,grocery,returning,9,netbanking,low,7,9,Tue,0
ORD102911,12499,electronics,returning,6,card,high,20,17,Sun,0
ORD103219,1296,apparel,returning,5,card,high,1,21,Tue,0
ORD100146,2187,apparel,new,0,UPI,low,2,9,Sat,0
ORD105630,1217,apparel,new,0,card,medium,6,4,Mon,0
ORD101369,1556,apparel,new,0,card,medium,1,22,Thu,0
ORD106051,4422,home,returning,10,UPI,low,2,11,Thu,0
ORD107098,1053,apparel,returning,8,UPI,medium,57,10,Tue,0
ORD102811,690,grocery,new,0,card,low,18,15,Sun,0
ORD100659,2288,apparel,new,0,UPI,low,6,10,Sat,0
ORD101794,283,grocery,new,0,netbanking,low,4,2,Wed,0
ORD107516,475,grocery,returning,4,netbanking,high,10,15,Sun,0
ORD102511,2537,apparel,returning,9,UPI,low,37,19,Wed,0
ORD103397,6326,electronics,returning,10,card,low,36,10,Fri,0
ORD104282,3291,home,returning,7,netbanking,low,31,10,Sun,0
ORD101147,1424,beauty,new,0,card,low,27,15,Wed,0
ORD103272,3454,home,new,0,card,low,17,9,Tue,0
ORD106287,227,grocery,returning,8,wallet,low,8,23,Mon,0
ORD106895,9794,electronics,new,0,card,high,19,11,Tue,0
ORD101930,2613,home,new,0,UPI,low,2,5,Tue,0
ORD107125,916,grocery,new,0,card,medium,8,22,Wed,0
ORD100197,753,grocery,new,0,card,low,22,16,Tue,0
ORD102931,5680,electronics,new,0,UPI,medium,8,23,Fri,1
ORD102327,23056,electronics,returning,6,COD,high,14,23,Sun,1
ORD104389,1820,home,new,0,netbanking,low,3,16,Sun,0
ORD100766,11501,electronics,returning,6,UPI,low,4,5,Thu,0
ORD104496,6000,apparel,returning,8,wallet,low,13,5,Thu,0
ORD104218,867,grocery,returning,9,card,low,11,0,Thu,0
ORD103255,2539,beauty,returning,3,card,medium,16,12,Sat,1
ORD100202,6186,home,returning,5,netbanking,low,2,23,Fri,0
ORD105535,873,beauty,returning,4,UPI,medium,0,18,Sat,0
ORD101733,1510,apparel,returning,6,UPI,medium,7,20,Fri,0
ORD105791,558,beauty,returning,7,wallet,high,7,3,Mon,0
ORD102777,1377,home,returning,5,wallet,high,8,14,Sun,0
ORD101707,1994,apparel,returning,9,UPI,low,8,14,Sat,0
ORD105172,846,beauty,returning,8,UPI,low,20,22,Tue,0
ORD106528,2398,home,returning,6,card,medium,7,21,Wed,0
ORD100854,3742,electronics,new,0,UPI,medium,4,13,Sun,0
ORD106363,11023,electronics,returning,10,card,low,10,15,Fri,0
ORD104737,7092,electronics,returning,5,card,medium,1,1,Mon,0
ORD104097,4314,home,new,0,UPI,low,18,19,Sat,0
ORD100698,2843,home,returning,5,wallet,low,38,15,Sat,0
ORD107912,2093,apparel,new,0,card,low,7,4,Sun,0
ORD102999,22691,electronics,new,0,UPI,low,10,9,Wed,0
ORD103696,6000,apparel,returning,7,netbanking,medium,26,20,Sat,0
ORD101636,969,apparel,new,0,wallet,high,7,11,Wed,0
ORD107280,796,beauty,new,0,UPI,medium,13,4,Sun,1
ORD103457,393,grocery,returning,13,wallet,low,5,19,Wed,0
ORD103581,1002,beauty,new,0,wallet,medium,8,15,Mon,0
ORD101291,3470,home,returning,4,COD,low,1,8,Sat,0
ORD104659,39112,electronics,new,0,card,low,0,0,Sun,0
ORD106585,1361,apparel,returning,5,card,low,9,15,Tue,0
ORD105616,1102,apparel,returning,5,UPI,high,7,3,Tue,0
ORD101853,237,beauty,returning,2,UPI,low,17,10,Thu,0
ORD105232,3277,apparel,new,0,card,low,5,18,Fri,0
ORD103304,565,beauty,new,0,UPI,low,10,7,Tue,0
ORD107861,5537,electronics,returning,10,UPI,high,13,7,Sat,0
ORD105727,1018,apparel,returning,7,netbanking,low,21,14,Sat,0
ORD103445,1119,apparel,new,0,card,medium,0,4,Mon,0
ORD104779,5729,home,new,0,UPI,high,5,14,Fri,1
ORD107766,1895,beauty,returning,7,card,low,10,18,Tue,0
ORD103748,1871,apparel,returning,8,UPI,low,4,2,Mon,0
ORD104413,15332,electronics,returning,10,card,medium,4,14,Wed,0
ORD105530,647,apparel,returning,7,UPI,low,4,2,Sat,0
ORD100709,2230,apparel,returning,8,UPI,medium,22,23,Sun,0
ORD107526,445,beauty,returning,5,card,medium,40,19,Sun,0
ORD101282,2945,apparel,returning,5,card,high,19,13,Sun,0
ORD105864,3363,home,new,0,card,medium,2,3,Fri,0
ORD102675,1744,home,returning,4,card,low,15,19,Sat,1
ORD106776,1631,apparel,new,0,wallet,low,0,21,Wed,0
ORD104029,1387,grocery,returning,8,UPI,low,3,17,Thu,0
ORD105496,1090,grocery,returning,3,card,low,13,12,Wed,0
ORD105504,282,grocery,returning,9,card,low,26,17,Tue,0
ORD107392,7651,electronics,returning,11,UPI,low,13,2,Sat,0
ORD102237,1848,apparel,returning,8,card,medium,12,16,Fri,0
ORD103302,831,apparel,returning,5,card,low,27,3,Fri,0
ORD105592,3416,home,returning,4,COD,medium,25,22,Sat,0
ORD107515,5859,home,returning,6,UPI,medium,12,19,Wed,0
ORD102038,3182,home,returning,8,card,low,5,6,Sat,0
ORD105450,8161,electronics,new,0,card,low,4,6,Sun,0
ORD107894,3340,apparel,returning,11,COD,high,2,13,Sat,0
ORD107923,5537,home,new,0,wallet,low,8,2,Thu,0
ORD103627,3624,home,new,0,COD,low,33,0,Fri,0
ORD105739,728,apparel,new,0,COD,low,13,14,Thu,1
ORD102693,253,grocery,new,0,COD,low,23,23,Fri,0
ORD103060,1951,home,returning,14,netbanking,medium,31,5,Sun,0
ORD101597,7604,electronics,returning,4,UPI,medium,36,8,Mon,1
ORD106700,1971,apparel,new,0,COD,high,10,17,Sat,0
ORD102729,601,grocery,returning,3,COD,medium,13,17,Wed,0
ORD102625,1117,apparel,returning,4,card,low,20,23,Tue,0
ORD105915,4465,home,new,0,netbanking,medium,0,6,Sun,0
ORD103157,14593,electronics,returning,5,netbanking,low,67,18,Sat,0
ORD103314,2073,apparel,new,0,netbanking,low,4,21,Thu,0
ORD101722,2050,beauty,new,0,card,low,19,2,Tue,0
ORD105279,911,beauty,returning,11,UPI,high,13,18,Wed,0
ORD106668,17494,electronics,returning,4,UPI,medium,5,4,Mon,0
ORD101059,630,beauty,returning,8,COD,low,15,5,Tue,0
ORD104636,3036,apparel,returning,13,card,high,4,8,Mon,0
ORD103242,1504,grocery,new,0,UPI,medium,66,4,Sat,0
ORD101678,451,grocery,new,0,COD,low,4,12,Wed,0
ORD106892,24664,electronics,new,0,UPI,medium,8,14,Tue,0
ORD106374,1758,apparel,new,0,UPI,low,5,6,Tue,0
ORD107574,12165,electronics,new,0,COD,low,6,8,Wed,0
ORD106628,8127,electronics,returning,5,UPI,medium,4,17,Sun,0
ORD101757,326,grocery,returning,6,card,low,9,3,Mon,0
ORD106019,556,grocery,returning,8,COD,low,2,9,Tue,0
ORD104191,1520,beauty,returning,9,UPI,medium,0,7,Wed,0
ORD105116,3089,home,new,0,UPI,medium,1,14,Sat,0
ORD100563,1900,home,returning,7,COD,low,18,6,Fri,0
ORD102790,1437,beauty,new,0,UPI,low,0,18,Wed,0
ORD100863,1967,home,returning,3,card,medium,10,0,Sun,0
ORD107742,806,beauty,new,0,UPI,low,51,23,Mon,0
ORD101484,4063,home,returning,5,wallet,low,2,3,Sat,0
ORD107721,653,grocery,new,0,UPI,high,4,5,Sun,0
ORD105977,806,apparel,new,0,netbanking,medium,1,21,Thu,0
ORD105134,1483,grocery,new,0,COD,low,0,12,Mon,0
ORD100206,4147,electronics,returning,10,card,low,80,18,Mon,0
ORD104488,1779,apparel,new,0,card,low,38,3,Wed,0
ORD106938,14532,electronics,new,0,COD,low,14,4,Thu,0
ORD100870,927,beauty,new,0,UPI,medium,18,9,Thu,0
ORD104493,12942,electronics,returning,8,UPI,low,4,9,Sat,0
ORD106910,384,beauty,new,0,COD,low,3,9,Fri,0
ORD101028,623,beauty,new,0,card,high,18,13,Sat,0
ORD103840,521,beauty,new,0,card,low,11,18,Sun,0
ORD102690,1088,grocery,new,0,wallet,medium,13,3,Sat,0
ORD106756,897,beauty,returning,10,COD,medium,9,9,Tue,0
ORD105056,1041,home,returning,9,UPI,high,7,18,Sun,0
ORD101570,1033,apparel,returning,9,UPI,low,16,9,Thu,0
ORD102773,11773,electronics,returning,8,UPI,low,5,16,Fri,0
ORD106242,37435,electronics,returning,5,UPI,medium,8,8,Sun,0
ORD100804,45000,electronics,new,0,UPI,low,1,9,Sat,0
ORD105847,7026,electronics,returning,7,UPI,medium,5,22,Wed,0
ORD103645,769,beauty,returning,3,COD,high,6,23,Wed,0
ORD104598,4006,apparel,new,0,netbanking,medium,4,7,Sun,0
ORD107215,6776,electronics,returning,6,card,low,14,14,Wed,0
ORD103104,2389,home,returning,6,UPI,low,55,1,Sun,0
ORD107073,1642,home,new,0,UPI,medium,37,0,Wed,1
ORD105959,1921,apparel,new,0,UPI,low,6,6,Mon,0
ORD100200,685,beauty,returning,5,UPI,low,14,18,Sat,0
ORD106278,968,beauty,returning,7,UPI,low,8,19,Mon,0
ORD107161,1491,apparel,returning,4,UPI,medium,17,9,Sat,0
ORD105892,1791,home,returning,4,card,low,17,20,Mon,0
ORD104474,962,apparel,new,0,UPI,medium,6,12,Wed,0
ORD106432,10327,electronics,new,0,UPI,low,1,5,Thu,0
ORD104514,10670,electronics,returning,5,UPI,low,21,8,Mon,0
ORD105794,1341,beauty,new,0,COD,low,22,23,Fri,0
ORD100391,7365,electronics,returning,7,card,low,26,1,Tue,0
ORD106736,8955,electronics,returning,10,wallet,high,10,18,Fri,0
ORD105618,4779,home,returning,2,wallet,medium,1,20,Mon,0
ORD105258,4749,apparel,returning,7,COD,low,80,1,Sat,0
ORD107230,2420,apparel,new,0,COD,low,7,5,Fri,0
ORD101495,3676,home,returning,4,UPI,medium,48,15,Mon,0
ORD102695,20974,electronics,returning,5,UPI,medium,0,9,Sun,0
ORD102027,1513,apparel,returning,7,card,low,10,2,Wed,0
ORD105248,27122,electronics,returning,7,UPI,low,5,13,Sat,0
ORD105463,1060,beauty,returning,6,COD,high,5,21,Wed,0
ORD102568,3358,home,returning,13,UPI,low,8,18,Mon,0
ORD100064,3326,home,returning,11,card,low,9,4,Sun,0
ORD103884,519,grocery,returning,5,UPI,low,17,11,Sun,0
ORD102062,2619,home,returning,9,COD,low,2,1,Tue,1
ORD105276,4113,home,new,0,wallet,low,22,6,Sat,0
ORD106331,254,grocery,new,0,card,low,7,23,Sat,0
ORD103993,902,apparel,new,0,wallet,medium,46,1,Sat,0
ORD100878,1297,home,returning,6,netbanking,low,9,16,Mon,0
ORD106439,5246,home,new,0,COD,medium,18,9,Mon,1
ORD107869,1266,beauty,returning,10,UPI,medium,41,7,Tue,0
ORD101016,12000,home,returning,7,card,low,4,4,Sun,0
ORD101275,3177,apparel,returning,9,UPI,low,21,0,Sun,0
ORD107629,352,beauty,returning,8,UPI,medium,1,19,Mon,0
ORD104551,1384,beauty,returning,5,card,high,23,19,Sat,0
ORD103342,7451,electronics,returning,5,card,medium,0,6,Sun,0
ORD104911,1865,apparel,returning,10,UPI,low,16,5,Sat,0
ORD106413,272,grocery,returning,7,COD,low,11,3,Fri,0
ORD100995,2368,apparel,new,0,UPI,medium,18,2,Mon,1
ORD101981,2496,apparel,returning,5,COD,low,8,11,Fri,0
ORD104297,2937,home,new,0,UPI,medium,12,15,Sun,0
ORD100161,793,grocery,returning,8,COD,low,24,23,Fri,0
ORD106873,3268,apparel,returning,6,UPI,low,14,17,Sun,0
ORD106545,666,beauty,returning,6,netbanking,low,17,23,Thu,0
ORD101500,2521,home,returning,6,card,low,9,3,Tue,0
ORD103843,3783,home,returning,6,card,high,19,7,Wed,0
ORD105225,1068,apparel,new,0,COD,high,15,0,Mon,0
ORD101021,2226,beauty,new,0,card,low,32,1,Sat,0
ORD107555,692,grocery,returning,10,UPI,medium,10,3,Sat,0
ORD103943,5072,home,new,0,card,medium,8,19,Sun,0
ORD101585,271,grocery,new,0,wallet,high,29,14,Sat,0
ORD101955,1728,grocery,new,0,COD,low,6,10,Sun,0
ORD103152,881,apparel,returning,12,UPI,medium,31,5,Fri,0
ORD106349,533,beauty,new,0,netbanking,medium,10,0,Mon,1
ORD100034,4040,apparel,returning,4,card,medium,15,20,Sun,0
ORD104014,5177,home,returning,7,COD,low,7,21,Thu,0
ORD100775,1752,grocery,returning,12,UPI,low,41,22,Wed,0
ORD102556,12790,electronics,new,0,card,medium,64,22,Tue,0
ORD107595,547,grocery,returning,7,card,low,18,13,Sun,0
ORD101478,1327,apparel,new,0,UPI,low,17,17,Sat,0
ORD105486,889,grocery,returning,6,card,low,39,9,Sun,0
ORD106235,14842,electronics,returning,6,card,high,11,10,Wed,0
ORD101363,8318,electronics,new,0,card,low,19,21,Fri,0
ORD107041,7416,electronics,returning,6,COD,medium,34,7,Mon,0
ORD102824,377,grocery,returning,7,UPI,low,7,14,Mon,0
ORD102041,689,beauty,new,0,netbanking,low,62,10,Tue,0
ORD100241,1022,beauty,returning,8,card,medium,30,3,Sat,0
ORD102363,464,grocery,returning,4,COD,high,1,19,Tue,0
ORD102435,846,grocery,returning,10,UPI,high,12,6,Thu,0
ORD106310,8156,electronics,returning,12,netbanking,low,7,20,Wed,0
ORD102888,9689,electronics,new,0,UPI,high,12,1,Tue,1
ORD106164,821,grocery,returning,5,card,low,9,23,Mon,0
ORD100646,9034,electronics,returning,3,card,medium,42,8,Wed,0
ORD103556,1295,apparel,returning,3,UPI,low,24,0,Tue,0
ORD103202,269,grocery,returning,13,COD,low,6,11,Tue,0
ORD101528,42522,electronics,returning,6,UPI,low,47,23,Sat,0
ORD106975,19290,electronics,returning,3,card,medium,4,11,Fri,0
ORD101267,831,grocery,returning,7,UPI,low,10,5,Sat,0
ORD107734,726,beauty,returning,5,COD,low,26,12,Tue,0
ORD104658,1562,home,returning,4,COD,high,19,8,Sat,0
ORD103005,1887,beauty,new,0,UPI,low,24,18,Sat,0
ORD102734,1092,apparel,returning,10,wallet,low,20,1,Tue,0
ORD107101,678,apparel,returning,2,COD,low,14,21,Thu,0
ORD101806,5918,electronics,new,0,COD,low,41,9,Sun,0
ORD100975,3569,home,new,0,COD,low,31,19,Tue,0
ORD102747,13610,electronics,returning,4,card,low,0,23,Thu,0
ORD102047,1056,home,new,0,COD,low,13,12,Tue,0
ORD107849,1916,beauty,returning,11,UPI,low,21,7,Mon,0
ORD102558,2004,apparel,returning,6,card,low,31,22,Tue,0
ORD101082,565,grocery,new,0,UPI,medium,7,2,Sat,0
ORD107728,1565,home,returning,8,COD,low,44,5,Wed,0
ORD104843,4079,apparel,returning,7,COD,medium,52,6,Thu,0
ORD106396,546,beauty,returning,9,COD,low,1,13,Fri,0
ORD104117,744,grocery,returning,4,card,low,10,2,Sat,0
ORD103385,1317,beauty,new,0,UPI,medium,6,0,Sun,0
ORD104555,1100,beauty,new,0,UPI,medium,4,15,Sat,0
ORD101184,7376,electronics,returning,5,UPI,low,17,1,Wed,0
ORD106420,833,apparel,returning,5,netbanking,medium,11,9,Sun,0
ORD105051,1591,apparel,new,0,COD,low,9,20,Wed,0
ORD102433,1308,apparel,new,0,wallet,low,8,14,Fri,0
ORD106949,2176,grocery,returning,4,card,low,2,13,Sun,0
ORD107581,3343,beauty,new,0,UPI,high,2,8,Tue,1
ORD102391,378,beauty,new,0,wallet,low,10,9,Sat,0
ORD101685,551,apparel,returning,12,UPI,low,12,8,Thu,0
ORD107831,1307,beauty,returning,9,card,low,6,19,Sat,0
ORD102919,884,beauty,returning,8,UPI,low,9,0,Sat,0
ORD103171,2047,home,returning,5,COD,low,12,7,Mon,0
ORD103444,806,grocery,returning,10,UPI,low,11,21,Sun,0
ORD106231,1089,apparel,returning,4,card,medium,13,11,Wed,0
ORD104426,15750,electronics,returning,7,card,low,4,18,Wed,0
ORD100466,2054,home,returning,5,UPI,low,13,21,Fri,0
ORD106265,676,beauty,returning,2,COD,low,24,8,Tue,1
ORD105734,15248,electronics,returning,4,UPI,medium,65,14,Thu,1
ORD103092,907,grocery,new,0,UPI,low,21,12,Fri,0
ORD103772,713,beauty,new,0,netbanking,low,3,5,Sat,0
ORD105226,2243,electronics,returning,8,UPI,low,1,4,Sat,0
ORD105390,2201,home,new,0,UPI,low,2,8,Wed,1
ORD100860,662,beauty,returning,7,card,low,48,18,Sat,0
ORD107603,3508,home,returning,3,UPI,low,30,11,Sat,0
ORD107270,358,grocery,returning,5,netbanking,low,26,3,Sat,0
